============================================================
 S 阶段 · SDK 侦察 第二趟 —— 机器【不会动】，只订阅数据
 这一趟需要【厂商 App 已退出】。退出后机器只受 SDK 管，
 但 data 例子只订阅数据、不发任何运动指令，机器不会动。
 跑完记得把 App 重新连回去。
============================================================
>> 厂商 App 确认【已经退出】了吗？退出了按回车继续（否则 Ctrl-C）... 
========== 0. 预热 sudo ==========

========== 1. 临时关掉 Always Robots_5G 自动连接 ==========
已临时关闭（收尾恢复）

========== 2. 连接机器狗热点 XG2WIFI_C40221 ==========
第 1 轮：看到热点，连接中...
[2KDevice 'wlp59s0' successfully activated with '8a620c67-3514-46b4-a0ea-2b2303759c2e'.
wlp59s0          UP             192.168.234.232/24 fe80::b29b:25f0:cdf9:3b82/64 

========== 3. 加路由 ==========
路由已加

========== 4. 跑 data：两个版本 × 两个端口，全试一遍（App 已退出） ==========
   data 会依次订阅 运控/20Hz速度/关节 各约 2 秒后自退。
   看到 [DATA]/传感字段刷出来 = 成功；ShakeHand failed = 仍被拒。

-------------------- SDK 0.1.1  ×  端口 8081  →  ./data 192.168.234.1 8081 --------------------
========================================
  Robot SDK Sensor Data Demo
========================================
Target: 192.168.234.1:8081
========================================

[INFO] SDK Version: 0.1.1
[INFO] Protocol Version: 1.2.0

[INIT] Connecting to robot...
[ERROR] Connect failed: Robot ShakeHand failed
[ERROR] Not connected. State: 3
(SDK 0.1.1 @ 8081 退出码: 1  —— 0=正常跑完, 124=25s超时被杀, 其它=连不上/报错)

-------------------- SDK 0.1.1  ×  端口 8082  →  ./data 192.168.234.1 8082 --------------------
========================================
  Robot SDK Sensor Data Demo
========================================
Target: 192.168.234.1:8082
========================================

[INFO] SDK Version: 0.1.1
[INFO] Protocol Version: 1.2.0

[INIT] Connecting to robot...
[INIT] ✓ Connected successfully

========== IMU Sensor Demo ==========
[CMD] Enabling IMU @ 100Hz...

[STATE] Robot State Data:
  Head Angle: -1.216°, Direction: 1
  Lights: Front=2 Back=2
  Speed Level: 1, E-Stop: SW=1 HW=1
  Motion: Status=2 Mode=1
  Battery: 1=69% 2=69%
  Speed: Linear=0 Trans=0 Angular=-0.002
  Odometry: 0 m
  Joint Temperatures: 
    fr3: 34°C
    fr2: 35°C
    bl1: 34°C
    fl4: 34°C
    bl3: 33°C
    bl2: 33°C
    br1: 35°C
    bl4: 33°C
    br4: 33°C
    fr4: 34°C
    fl1: 35°C
    fl2: 34°C
    br2: 33°C
    fl3: 33°C
    br3: 33°C
    fr1: 36°C
[CTRL] ✓ IMU sensor config: 1 Hz

[IMU] Inertial Measurement Unit Data:
  Acceleration: X=0.057 Y=-0.191 Z=9.955 m/s²
  Gyroscope:    X=0.003 Y=-0.007 Z=-0.002 rad/s
  Quaternion:   X=-0.011 Y=-0.005 Z=-0.574 W=0.819

[IMU] Inertial Measurement Unit Data:
  Acceleration: X=0.047 Y=-0.192 Z=10.008 m/s²
  Gyroscope:    X=0.003 Y=-0.007 Z=-0.001 rad/s
  Quaternion:   X=-0.011 Y=-0.005 Z=-0.574 W=0.819

[IMU] Inertial Measurement Unit Data:
  Acceleration: X=0.063 Y=-0.162 Z=9.962 m/s²
  Gyroscope:    X=0.002 Y=-0.007 Z=-0.002 rad/s
  Quaternion:   X=-0.011 Y=-0.005 Z=-0.574 W=0.819

[IMU] Inertial Measurement Unit Data:
  Acceleration: X=0.060 Y=-0.202 Z=9.949 m/s²
  Gyroscope:    X=0.003 Y=-0.006 Z=-0.002 rad/s
  Quaternion:   X=-0.011 Y=-0.005 Z=-0.574 W=0.819

[IMU] Inertial Measurement Unit Data:
  Acceleration: X=0.084 Y=-0.186 Z=9.971 m/s²
  Gyroscope:    X=0.003 Y=-0.006 Z=-0.001 rad/s
  Quaternion:   X=-0.011 Y=-0.005 Z=-0.574 W=0.819

[IMU] Inertial Measurement Unit Data:
  Acceleration: X=0.054 Y=-0.176 Z=10.002 m/s²
  Gyroscope:    X=0.003 Y=-0.006 Z=-0.001 rad/s
  Quaternion:   X=-0.011 Y=-0.005 Z=-0.574 W=0.819

[IMU] Inertial Measurement Unit Data:
  Acceleration: X=0.060 Y=-0.189 Z=9.953 m/s²
  Gyroscope:    X=0.003 Y=-0.006 Z=-0.001 rad/s
  Quaternion:   X=-0.011 Y=-0.005 Z=-0.574 W=0.819

[IMU] Inertial Measurement Unit Data:
  Acceleration: X=0.070 Y=-0.184 Z=9.970 m/s²
  Gyroscope:    X=0.003 Y=-0.009 Z=-0.003 rad/s
  Quaternion:   X=-0.011 Y=-0.005 Z=-0.574 W=0.819

[IMU] Inertial Measurement Unit Data:
  Acceleration: X=0.064 Y=-0.192 Z=9.965 m/s²
  Gyroscope:    X=0.003 Y=-0.007 Z=-0.001 rad/s
  Quaternion:   X=-0.011 Y=-0.005 Z=-0.574 W=0.819

[IMU] Inertial Measurement Unit Data:
  Acceleration: X=0.070 Y=-0.202 Z=9.977 m/s²
  Gyroscope:    X=0.003 Y=-0.007 Z=-0.001 rad/s
  Quaternion:   X=-0.011 Y=-0.005 Z=-0.574 W=0.819

[IMU] Inertial Measurement Unit Data:
  Acceleration: X=0.059 Y=-0.174 Z=9.964 m/s²
  Gyroscope:    X=0.004 Y=-0.006 Z=-0.001 rad/s
  Quaternion:   X=-0.011 Y=-0.005 Z=-0.574 W=0.819

[IMU] Inertial Measurement Unit Data:
  Acceleration: X=0.059 Y=-0.172 Z=9.968 m/s²
  Gyroscope:    X=0.003 Y=-0.008 Z=-0.001 rad/s
  Quaternion:   X=-0.011 Y=-0.005 Z=-0.574 W=0.819

[IMU] Inertial Measurement Unit Data:
  Acceleration: X=0.068 Y=-0.187 Z=9.966 m/s²
  Gyroscope:    X=0.003 Y=-0.007 Z=-0.003 rad/s
  Quaternion:   X=-0.011 Y=-0.005 Z=-0.574 W=0.819

[IMU] Inertial Measurement Unit Data:
  Acceleration: X=0.071 Y=-0.165 Z=9.969 m/s²
  Gyroscope:    X=0.003 Y=-0.009 Z=-0.002 rad/s
  Quaternion:   X=-0.011 Y=-0.005 Z=-0.574 W=0.819

[IMU] Inertial Measurement Unit Data:
  Acceleration: X=0.069 Y=-0.169 Z=9.950 m/s²
  Gyroscope:    X=0.003 Y=-0.007 Z=-0.001 rad/s
  Quaternion:   X=-0.011 Y=-0.005 Z=-0.574 W=0.819

[IMU] Inertial Measurement Unit Data:
  Acceleration: X=0.081 Y=-0.193 Z=9.962 m/s²
  Gyroscope:    X=0.002 Y=-0.007 Z=-0.002 rad/s
  Quaternion:   X=-0.011 Y=-0.005 Z=-0.574 W=0.819

[IMU] Inertial Measurement Unit Data:
  Acceleration: X=0.053 Y=-0.197 Z=10.001 m/s²
  Gyroscope:    X=0.003 Y=-0.005 Z=-0.002 rad/s
  Quaternion:   X=-0.011 Y=-0.005 Z=-0.574 W=0.819

[IMU] Inertial Measurement Unit Data:
  Acceleration: X=0.042 Y=-0.184 Z=9.965 m/s²
  Gyroscope:    X=0.004 Y=-0.007 Z=-0.002 rad/s
  Quaternion:   X=-0.011 Y=-0.005 Z=-0.574 W=0.819

[IMU] Inertial Measurement Unit Data:
  Acceleration: X=0.057 Y=-0.165 Z=9.934 m/s²
  Gyroscope:    X=0.002 Y=-0.007 Z=-0.003 rad/s
  Quaternion:   X=-0.011 Y=-0.005 Z=-0.574 W=0.819

[IMU] Inertial Measurement Unit Data:
  Acceleration: X=0.063 Y=-0.175 Z=9.973 m/s²
  Gyroscope:    X=0.002 Y=-0.008 Z=-0.002 rad/s
  Quaternion:   X=-0.011 Y=-0.005 Z=-0.574 W=0.819

[IMU] Inertial Measurement Unit Data:
  Acceleration: X=0.047 Y=-0.188 Z=9.977 m/s²
  Gyroscope:    X=0.003 Y=-0.007 Z=-0.002 rad/s
  Quaternion:   X=-0.011 Y=-0.005 Z=-0.574 W=0.819

[IMU] Inertial Measurement Unit Data:
  Acceleration: X=0.080 Y=-0.180 Z=9.950 m/s²
  Gyroscope:    X=0.002 Y=-0.008 Z=-0.002 rad/s
  Quaternion:   X=-0.011 Y=-0.005 Z=-0.574 W=0.819

[IMU] Inertial Measurement Unit Data:
  Acceleration: X=0.041 Y=-0.178 Z=9.980 m/s²
  Gyroscope:    X=0.002 Y=-0.008 Z=-0.001 rad/s
  Quaternion:   X=-0.011 Y=-0.005 Z=-0.574 W=0.819

[IMU] Inertial Measurement Unit Data:
  Acceleration: X=0.083 Y=-0.191 Z=9.971 m/s²
  Gyroscope:    X=0.003 Y=-0.008 Z=-0.001 rad/s
  Quaternion:   X=-0.011 Y=-0.005 Z=-0.574 W=0.819

[IMU] Inertial Measurement Unit Data:
  Acceleration: X=0.054 Y=-0.189 Z=9.939 m/s²
  Gyroscope:    X=0.002 Y=-0.008 Z=-0.001 rad/s
  Quaternion:   X=-0.011 Y=-0.005 Z=-0.574 W=0.819

[IMU] Inertial Measurement Unit Data:
  Acceleration: X=0.047 Y=-0.203 Z=9.958 m/s²
  Gyroscope:    X=0.003 Y=-0.008 Z=-0.002 rad/s
  Quaternion:   X=-0.011 Y=-0.005 Z=-0.574 W=0.819

[IMU] Inertial Measurement Unit Data:
  Acceleration: X=0.080 Y=-0.190 Z=9.954 m/s²
  Gyroscope:    X=0.003 Y=-0.009 Z=-0.002 rad/s
  Quaternion:   X=-0.011 Y=-0.005 Z=-0.574 W=0.819

[IMU] Inertial Measurement Unit Data:
  Acceleration: X=0.071 Y=-0.206 Z=9.921 m/s²
  Gyroscope:    X=0.003 Y=-0.008 Z=-0.001 rad/s
  Quaternion:   X=-0.011 Y=-0.005 Z=-0.574 W=0.819

[IMU] Inertial Measurement Unit Data:
  Acceleration: X=0.080 Y=-0.181 Z=9.980 m/s²
  Gyroscope:    X=0.003 Y=-0.007 Z=-0.002 rad/s
  Quaternion:   X=-0.011 Y=-0.005 Z=-0.574 W=0.819

[IMU] Inertial Measurement Unit Data:
  Acceleration: X=0.060 Y=-0.191 Z=9.947 m/s²
  Gyroscope:    X=0.002 Y=-0.008 Z=-0.002 rad/s
  Quaternion:   X=-0.011 Y=-0.005 Z=-0.574 W=0.819

[IMU] Inertial Measurement Unit Data:
  Acceleration: X=0.076 Y=-0.172 Z=9.929 m/s²
  Gyroscope:    X=0.003 Y=-0.008 Z=-0.001 rad/s
  Quaternion:   X=-0.011 Y=-0.005 Z=-0.574 W=0.819

[IMU] Inertial Measurement Unit Data:
  Acceleration: X=0.054 Y=-0.192 Z=9.994 m/s²
  Gyroscope:    X=0.003 Y=-0.007 Z=-0.002 rad/s
  Quaternion:   X=-0.011 Y=-0.005 Z=-0.574 W=0.819

[IMU] Inertial Measurement Unit Data:
  Acceleration: X=0.088 Y=-0.183 Z=9.948 m/s²
  Gyroscope:    X=0.003 Y=-0.007 Z=-0.002 rad/s
  Quaternion:   X=-0.011 Y=-0.005 Z=-0.574 W=0.819

[IMU] Inertial Measurement Unit Data:
  Acceleration: X=0.066 Y=-0.199 Z=9.954 m/s²
  Gyroscope:    X=0.003 Y=-0.007 Z=-0.002 rad/s
  Quaternion:   X=-0.011 Y=-0.005 Z=-0.574 W=0.819

[IMU] Inertial Measurement Unit Data:
  Acceleration: X=0.095 Y=-0.167 Z=9.942 m/s²
  Gyroscope:    X=0.002 Y=-0.006 Z=-0.002 rad/s
  Quaternion:   X=-0.011 Y=-0.005 Z=-0.574 W=0.819

[IMU] Inertial Measurement Unit Data:
  Acceleration: X=0.047 Y=-0.173 Z=9.998 m/s²
  Gyroscope:    X=0.003 Y=-0.007 Z=-0.003 rad/s
  Quaternion:   X=-0.011 Y=-0.005 Z=-0.574 W=0.819

[IMU] Inertial Measurement Unit Data:
  Acceleration: X=0.072 Y=-0.180 Z=9.988 m/s²
  Gyroscope:    X=0.002 Y=-0.007 Z=-0.002 rad/s
  Quaternion:   X=-0.011 Y=-0.005 Z=-0.574 W=0.819

[IMU] Inertial Measurement Unit Data:
  Acceleration: X=0.056 Y=-0.190 Z=9.959 m/s²
  Gyroscope:    X=0.004 Y=-0.007 Z=-0.001 rad/s
  Quaternion:   X=-0.011 Y=-0.005 Z=-0.574 W=0.819

[IMU] Inertial Measurement Unit Data:
  Acceleration: X=0.050 Y=-0.188 Z=9.974 m/s²
  Gyroscope:    X=0.003 Y=-0.007 Z=-0.002 rad/s
  Quaternion:   X=-0.011 Y=-0.005 Z=-0.574 W=0.819

[IMU] Inertial Measurement Unit Data:
  Acceleration: X=0.069 Y=-0.181 Z=9.977 m/s²
  Gyroscope:    X=0.003 Y=-0.008 Z=-0.002 rad/s
  Quaternion:   X=-0.011 Y=-0.005 Z=-0.574 W=0.819

[IMU] Inertial Measurement Unit Data:
  Acceleration: X=0.081 Y=-0.185 Z=9.955 m/s²
  Gyroscope:    X=0.001 Y=-0.008 Z=-0.001 rad/s
  Quaternion:   X=-0.011 Y=-0.005 Z=-0.574 W=0.819

[IMU] Inertial Measurement Unit Data:
  Acceleration: X=0.072 Y=-0.184 Z=9.931 m/s²
  Gyroscope:    X=0.003 Y=-0.008 Z=-0.003 rad/s
  Quaternion:   X=-0.011 Y=-0.005 Z=-0.574 W=0.819

[IMU] Inertial Measurement Unit Data:
  Acceleration: X=0.063 Y=-0.180 Z=9.959 m/s²
  Gyroscope:    X=0.003 Y=-0.006 Z=0.000 rad/s
  Quaternion:   X=-0.011 Y=-0.005 Z=-0.574 W=0.819

[IMU] Inertial Measurement Unit Data:
  Acceleration: X=0.075 Y=-0.185 Z=10.002 m/s²
  Gyroscope:    X=0.004 Y=-0.007 Z=-0.003 rad/s
  Quaternion:   X=-0.011 Y=-0.005 Z=-0.574 W=0.819

[IMU] Inertial Measurement Unit Data:
  Acceleration: X=0.057 Y=-0.199 Z=9.948 m/s²
  Gyroscope:    X=0.003 Y=-0.008 Z=-0.002 rad/s
  Quaternion:   X=-0.011 Y=-0.005 Z=-0.574 W=0.819

[IMU] Inertial Measurement Unit Data:
  Acceleration: X=0.086 Y=-0.170 Z=9.950 m/s²
  Gyroscope:    X=0.003 Y=-0.006 Z=-0.003 rad/s
  Quaternion:   X=-0.011 Y=-0.005 Z=-0.574 W=0.819

[IMU] Inertial Measurement Unit Data:
  Acceleration: X=0.048 Y=-0.179 Z=9.991 m/s²
  Gyroscope:    X=0.004 Y=-0.007 Z=-0.002 rad/s
  Quaternion:   X=-0.011 Y=-0.005 Z=-0.574 W=0.819

[IMU] Inertial Measurement Unit Data:
  Acceleration: X=0.059 Y=-0.193 Z=9.940 m/s²
  Gyroscope:    X=0.003 Y=-0.008 Z=-0.002 rad/s
  Quaternion:   X=-0.011 Y=-0.005 Z=-0.574 W=0.819

[IMU] Inertial Measurement Unit Data:
  Acceleration: X=0.088 Y=-0.152 Z=9.954 m/s²
  Gyroscope:    X=0.003 Y=-0.007 Z=-0.002 rad/s
  Quaternion:   X=-0.011 Y=-0.005 Z=-0.574 W=0.819

[IMU] Inertial Measurement Unit Data:
  Acceleration: X=0.057 Y=-0.193 Z=9.995 m/s²
  Gyroscope:    X=0.003 Y=-0.007 Z=-0.001 rad/s
  Quaternion:   X=-0.011 Y=-0.005 Z=-0.574 W=0.819

[IMU] Inertial Measurement Unit Data:
  Acceleration: X=0.074 Y=-0.156 Z=9.993 m/s²
  Gyroscope:    X=0.003 Y=-0.008 Z=-0.002 rad/s
  Quaternion:   X=-0.011 Y=-0.005 Z=-0.574 W=0.819

[IMU] Inertial Measurement Unit Data:
  Acceleration: X=0.051 Y=-0.196 Z=9.925 m/s²
  Gyroscope:    X=0.004 Y=-0.007 Z=-0.002 rad/s
  Quaternion:   X=-0.011 Y=-0.005 Z=-0.574 W=0.819

[IMU] Inertial Measurement Unit Data:
  Acceleration: X=0.059 Y=-0.190 Z=9.955 m/s²
  Gyroscope:    X=0.003 Y=-0.008 Z=-0.002 rad/s
  Quaternion:   X=-0.011 Y=-0.005 Z=-0.574 W=0.819

[IMU] Inertial Measurement Unit Data:
  Acceleration: X=0.066 Y=-0.183 Z=9.967 m/s²
  Gyroscope:    X=0.002 Y=-0.007 Z=-0.003 rad/s
  Quaternion:   X=-0.011 Y=-0.005 Z=-0.574 W=0.819

[IMU] Inertial Measurement Unit Data:
  Acceleration: X=0.068 Y=-0.179 Z=9.942 m/s²
  Gyroscope:    X=0.003 Y=-0.007 Z=-0.003 rad/s
  Quaternion:   X=-0.011 Y=-0.005 Z=-0.574 W=0.819

[IMU] Inertial Measurement Unit Data:
  Acceleration: X=0.083 Y=-0.199 Z=9.982 m/s²
  Gyroscope:    X=0.002 Y=-0.007 Z=-0.002 rad/s
  Quaternion:   X=-0.011 Y=-0.005 Z=-0.574 W=0.819

[IMU] Inertial Measurement Unit Data:
  Acceleration: X=0.048 Y=-0.172 Z=9.985 m/s²
  Gyroscope:    X=0.004 Y=-0.007 Z=-0.003 rad/s
  Quaternion:   X=-0.011 Y=-0.005 Z=-0.574 W=0.819

[IMU] Inertial Measurement Unit Data:
  Acceleration: X=0.095 Y=-0.152 Z=9.932 m/s²
  Gyroscope:    X=0.003 Y=-0.007 Z=-0.002 rad/s
  Quaternion:   X=-0.011 Y=-0.005 Z=-0.574 W=0.819

[IMU] Inertial Measurement Unit Data:
  Acceleration: X=0.053 Y=-0.185 Z=9.961 m/s²
  Gyroscope:    X=0.002 Y=-0.008 Z=-0.002 rad/s
  Quaternion:   X=-0.011 Y=-0.005 Z=-0.574 W=0.819

[IMU] Inertial Measurement Unit Data:
  Acceleration: X=0.078 Y=-0.172 Z=10.010 m/s²
  Gyroscope:    X=0.003 Y=-0.008 Z=-0.003 rad/s
  Quaternion:   X=-0.011 Y=-0.005 Z=-0.574 W=0.819

[IMU] Inertial Measurement Unit Data:
  Acceleration: X=0.071 Y=-0.168 Z=9.937 m/s²
  Gyroscope:    X=0.002 Y=-0.006 Z=-0.002 rad/s
  Quaternion:   X=-0.011 Y=-0.005 Z=-0.574 W=0.819

[IMU] Inertial Measurement Unit Data:
  Acceleration: X=0.060 Y=-0.211 Z=9.942 m/s²
  Gyroscope:    X=0.003 Y=-0.007 Z=-0.003 rad/s
  Quaternion:   X=-0.011 Y=-0.005 Z=-0.574 W=0.819

[IMU] Inertial Measurement Unit Data:
  Acceleration: X=0.069 Y=-0.198 Z=10.021 m/s²
  Gyroscope:    X=0.003 Y=-0.007 Z=-0.001 rad/s
  Quaternion:   X=-0.011 Y=-0.005 Z=-0.574 W=0.819

[IMU] Inertial Measurement Unit Data:
  Acceleration: X=0.080 Y=-0.201 Z=9.957 m/s²
  Gyroscope:    X=0.003 Y=-0.007 Z=-0.001 rad/s
  Quaternion:   X=-0.011 Y=-0.005 Z=-0.574 W=0.819

[IMU] Inertial Measurement Unit Data:
  Acceleration: X=0.054 Y=-0.173 Z=9.934 m/s²
  Gyroscope:    X=0.003 Y=-0.007 Z=-0.000 rad/s
  Quaternion:   X=-0.011 Y=-0.005 Z=-0.574 W=0.819

[IMU] Inertial Measurement Unit Data:
  Acceleration: X=0.050 Y=-0.190 Z=9.943 m/s²
  Gyroscope:    X=0.003 Y=-0.008 Z=-0.002 rad/s
  Quaternion:   X=-0.011 Y=-0.005 Z=-0.574 W=0.819

[IMU] Inertial Measurement Unit Data:
  Acceleration: X=0.063 Y=-0.176 Z=9.994 m/s²
  Gyroscope:    X=0.003 Y=-0.007 Z=-0.002 rad/s
  Quaternion:   X=-0.011 Y=-0.005 Z=-0.574 W=0.819

[IMU] Inertial Measurement Unit Data:
  Acceleration: X=0.050 Y=-0.205 Z=9.975 m/s²
  Gyroscope:    X=0.003 Y=-0.006 Z=-0.001 rad/s
  Quaternion:   X=-0.011 Y=-0.005 Z=-0.574 W=0.819

[IMU] Inertial Measurement Unit Data:
  Acceleration: X=0.071 Y=-0.159 Z=9.938 m/s²
  Gyroscope:    X=0.003 Y=-0.008 Z=-0.001 rad/s
  Quaternion:   X=-0.011 Y=-0.005 Z=-0.574 W=0.819

[IMU] Inertial Measurement Unit Data:
  Acceleration: X=0.068 Y=-0.159 Z=9.965 m/s²
  Gyroscope:    X=0.003 Y=-0.008 Z=-0.003 rad/s
  Quaternion:   X=-0.011 Y=-0.005 Z=-0.574 W=0.819

[IMU] Inertial Measurement Unit Data:
  Acceleration: X=0.065 Y=-0.186 Z=9.994 m/s²
  Gyroscope:    X=0.003 Y=-0.007 Z=-0.002 rad/s
  Quaternion:   X=-0.011 Y=-0.005 Z=-0.574 W=0.819

[IMU] Inertial Measurement Unit Data:
  Acceleration: X=0.053 Y=-0.192 Z=9.959 m/s²
  Gyroscope:    X=0.002 Y=-0.006 Z=-0.002 rad/s
  Quaternion:   X=-0.011 Y=-0.005 Z=-0.574 W=0.819

[IMU] Inertial Measurement Unit Data:
  Acceleration: X=0.071 Y=-0.167 Z=9.955 m/s²
  Gyroscope:    X=0.003 Y=-0.007 Z=-0.002 rad/s
  Quaternion:   X=-0.011 Y=-0.005 Z=-0.574 W=0.819

[IMU] Inertial Measurement Unit Data:
  Acceleration: X=0.063 Y=-0.186 Z=9.977 m/s²
  Gyroscope:    X=0.002 Y=-0.008 Z=-0.001 rad/s
  Quaternion:   X=-0.011 Y=-0.005 Z=-0.574 W=0.819

[IMU] Inertial Measurement Unit Data:
  Acceleration: X=0.076 Y=-0.197 Z=9.965 m/s²
  Gyroscope:    X=0.003 Y=-0.008 Z=-0.002 rad/s
  Quaternion:   X=-0.011 Y=-0.005 Z=-0.574 W=0.819

[IMU] Inertial Measurement Unit Data:
  Acceleration: X=0.064 Y=-0.171 Z=9.965 m/s²
  Gyroscope:    X=0.003 Y=-0.008 Z=-0.002 rad/s
  Quaternion:   X=-0.011 Y=-0.005 Z=-0.574 W=0.819

[IMU] Inertial Measurement Unit Data:
  Acceleration: X=0.064 Y=-0.196 Z=9.937 m/s²
  Gyroscope:    X=0.002 Y=-0.008 Z=-0.002 rad/s
  Quaternion:   X=-0.011 Y=-0.005 Z=-0.574 W=0.819

[IMU] Inertial Measurement Unit Data:
  Acceleration: X=0.077 Y=-0.175 Z=9.972 m/s²
  Gyroscope:    X=0.003 Y=-0.007 Z=-0.002 rad/s
  Quaternion:   X=-0.011 Y=-0.005 Z=-0.574 W=0.819

[IMU] Inertial Measurement Unit Data:
  Acceleration: X=0.054 Y=-0.207 Z=9.955 m/s²
  Gyroscope:    X=0.003 Y=-0.006 Z=-0.002 rad/s
  Quaternion:   X=-0.011 Y=-0.005 Z=-0.574 W=0.819

[IMU] Inertial Measurement Unit Data:
  Acceleration: X=0.076 Y=-0.189 Z=9.935 m/s²
  Gyroscope:    X=0.004 Y=-0.007 Z=-0.003 rad/s
  Quaternion:   X=-0.011 Y=-0.005 Z=-0.574 W=0.819

[IMU] Inertial Measurement Unit Data:
  Acceleration: X=0.080 Y=-0.187 Z=9.977 m/s²
  Gyroscope:    X=0.002 Y=-0.007 Z=-0.001 rad/s
  Quaternion:   X=-0.011 Y=-0.005 Z=-0.574 W=0.819

[IMU] Inertial Measurement Unit Data:
  Acceleration: X=0.080 Y=-0.167 Z=10.001 m/s²
  Gyroscope:    X=0.003 Y=-0.009 Z=-0.002 rad/s
  Quaternion:   X=-0.011 Y=-0.005 Z=-0.574 W=0.819

[IMU] Inertial Measurement Unit Data:
  Acceleration: X=0.070 Y=-0.197 Z=9.980 m/s²
  Gyroscope:    X=0.003 Y=-0.007 Z=-0.002 rad/s
  Quaternion:   X=-0.011 Y=-0.005 Z=-0.574 W=0.819

[IMU] Inertial Measurement Unit Data:
  Acceleration: X=0.071 Y=-0.180 Z=9.931 m/s²
  Gyroscope:    X=0.003 Y=-0.007 Z=-0.002 rad/s
  Quaternion:   X=-0.011 Y=-0.005 Z=-0.574 W=0.819

[IMU] Inertial Measurement Unit Data:
  Acceleration: X=0.046 Y=-0.178 Z=9.979 m/s²
  Gyroscope:    X=0.003 Y=-0.007 Z=-0.002 rad/s
  Quaternion:   X=-0.011 Y=-0.005 Z=-0.574 W=0.819

[IMU] Inertial Measurement Unit Data:
  Acceleration: X=0.060 Y=-0.200 Z=9.972 m/s²
  Gyroscope:    X=0.003 Y=-0.007 Z=-0.002 rad/s
  Quaternion:   X=-0.011 Y=-0.005 Z=-0.574 W=0.819

[IMU] Inertial Measurement Unit Data:
  Acceleration: X=0.076 Y=-0.171 Z=9.947 m/s²
  Gyroscope:    X=0.004 Y=-0.008 Z=-0.003 rad/s
  Quaternion:   X=-0.011 Y=-0.005 Z=-0.574 W=0.819

[IMU] Inertial Measurement Unit Data:
  Acceleration: X=0.046 Y=-0.179 Z=9.960 m/s²
  Gyroscope:    X=0.003 Y=-0.008 Z=-0.001 rad/s
  Quaternion:   X=-0.011 Y=-0.005 Z=-0.574 W=0.819

[IMU] Inertial Measurement Unit Data:
  Acceleration: X=0.086 Y=-0.174 Z=9.965 m/s²
  Gyroscope:    X=0.002 Y=-0.008 Z=-0.002 rad/s
  Quaternion:   X=-0.011 Y=-0.005 Z=-0.574 W=0.819

[IMU] Inertial Measurement Unit Data:
  Acceleration: X=0.089 Y=-0.193 Z=9.977 m/s²
  Gyroscope:    X=0.004 Y=-0.007 Z=-0.002 rad/s
  Quaternion:   X=-0.011 Y=-0.005 Z=-0.574 W=0.819

[IMU] Inertial Measurement Unit Data:
  Acceleration: X=0.069 Y=-0.175 Z=9.955 m/s²
  Gyroscope:    X=0.002 Y=-0.006 Z=-0.003 rad/s
  Quaternion:   X=-0.011 Y=-0.005 Z=-0.574 W=0.819

[IMU] Inertial Measurement Unit Data:
  Acceleration: X=0.050 Y=-0.186 Z=9.947 m/s²
  Gyroscope:    X=0.003 Y=-0.007 Z=-0.002 rad/s
  Quaternion:   X=-0.011 Y=-0.005 Z=-0.574 W=0.819

[IMU] Inertial Measurement Unit Data:
  Acceleration: X=0.059 Y=-0.181 Z=9.997 m/s²
  Gyroscope:    X=0.004 Y=-0.007 Z=-0.002 rad/s
  Quaternion:   X=-0.011 Y=-0.005 Z=-0.574 W=0.819

[IMU] Inertial Measurement Unit Data:
  Acceleration: X=0.071 Y=-0.206 Z=9.966 m/s²
  Gyroscope:    X=0.003 Y=-0.006 Z=-0.002 rad/s
  Quaternion:   X=-0.011 Y=-0.005 Z=-0.574 W=0.819

[IMU] Inertial Measurement Unit Data:
  Acceleration: X=0.068 Y=-0.186 Z=9.952 m/s²
  Gyroscope:    X=0.003 Y=-0.008 Z=-0.002 rad/s
  Quaternion:   X=-0.011 Y=-0.005 Z=-0.574 W=0.819

[IMU] Inertial Measurement Unit Data:
  Acceleration: X=0.068 Y=-0.206 Z=9.967 m/s²
  Gyroscope:    X=0.003 Y=-0.007 Z=-0.001 rad/s
  Quaternion:   X=-0.011 Y=-0.005 Z=-0.574 W=0.819

[IMU] Inertial Measurement Unit Data:
  Acceleration: X=0.069 Y=-0.179 Z=9.984 m/s²
  Gyroscope:    X=0.002 Y=-0.007 Z=-0.001 rad/s
  Quaternion:   X=-0.011 Y=-0.005 Z=-0.574 W=0.819

[IMU] Inertial Measurement Unit Data:
  Acceleration: X=0.080 Y=-0.172 Z=9.952 m/s²
  Gyroscope:    X=0.003 Y=-0.007 Z=-0.001 rad/s
  Quaternion:   X=-0.011 Y=-0.005 Z=-0.574 W=0.819

[IMU] Inertial Measurement Unit Data:
  Acceleration: X=0.068 Y=-0.190 Z=9.946 m/s²
  Gyroscope:    X=0.002 Y=-0.006 Z=-0.001 rad/s
  Quaternion:   X=-0.011 Y=-0.005 Z=-0.574 W=0.819

[IMU] Inertial Measurement Unit Data:
  Acceleration: X=0.068 Y=-0.163 Z=9.967 m/s²
  Gyroscope:    X=0.003 Y=-0.007 Z=-0.002 rad/s
  Quaternion:   X=-0.011 Y=-0.005 Z=-0.574 W=0.819

[IMU] Inertial Measurement Unit Data:
  Acceleration: X=0.039 Y=-0.175 Z=9.983 m/s²
  Gyroscope:    X=0.003 Y=-0.007 Z=-0.003 rad/s
  Quaternion:   X=-0.011 Y=-0.005 Z=-0.574 W=0.819

[IMU] Inertial Measurement Unit Data:
  Acceleration: X=0.070 Y=-0.183 Z=9.965 m/s²
  Gyroscope:    X=0.003 Y=-0.008 Z=-0.002 rad/s
  Quaternion:   X=-0.011 Y=-0.005 Z=-0.574 W=0.819

[IMU] Inertial Measurement Unit Data:
  Acceleration: X=0.059 Y=-0.180 Z=9.948 m/s²
  Gyroscope:    X=0.003 Y=-0.007 Z=-0.001 rad/s
  Quaternion:   X=-0.011 Y=-0.005 Z=-0.574 W=0.819

[IMU] Inertial Measurement Unit Data:
  Acceleration: X=0.070 Y=-0.163 Z=9.984 m/s²
  Gyroscope:    X=0.003 Y=-0.008 Z=-0.002 rad/s
  Quaternion:   X=-0.011 Y=-0.005 Z=-0.574 W=0.819

[IMU] Inertial Measurement Unit Data:
  Acceleration: X=0.063 Y=-0.188 Z=9.976 m/s²
  Gyroscope:    X=0.002 Y=-0.008 Z=-0.001 rad/s
  Quaternion:   X=-0.011 Y=-0.005 Z=-0.574 W=0.819

[IMU] Inertial Measurement Unit Data:
  Acceleration: X=0.063 Y=-0.196 Z=9.912 m/s²
  Gyroscope:    X=0.002 Y=-0.008 Z=-0.002 rad/s
  Quaternion:   X=-0.011 Y=-0.005 Z=-0.574 W=0.819

[IMU] Inertial Measurement Unit Data:
  Acceleration: X=0.074 Y=-0.172 Z=9.955 m/s²
  Gyroscope:    X=0.002 Y=-0.007 Z=-0.002 rad/s
  Quaternion:   X=-0.011 Y=-0.005 Z=-0.574 W=0.819

[IMU] Inertial Measurement Unit Data:
  Acceleration: X=0.054 Y=-0.222 Z=10.008 m/s²
  Gyroscope:    X=0.002 Y=-0.007 Z=-0.003 rad/s
  Quaternion:   X=-0.011 Y=-0.005 Z=-0.574 W=0.819

[IMU] Inertial Measurement Unit Data:
  Acceleration: X=0.062 Y=-0.176 Z=9.978 m/s²
  Gyroscope:    X=0.003 Y=-0.007 Z=-0.001 rad/s
  Quaternion:   X=-0.011 Y=-0.005 Z=-0.574 W=0.819

[IMU] Inertial Measurement Unit Data:
  Acceleration: X=0.063 Y=-0.176 Z=9.904 m/s²
  Gyroscope:    X=0.003 Y=-0.007 Z=-0.002 rad/s
  Quaternion:   X=-0.011 Y=-0.005 Z=-0.574 W=0.819

[IMU] Inertial Measurement Unit Data:
  Acceleration: X=0.072 Y=-0.190 Z=9.997 m/s²
  Gyroscope:    X=0.002 Y=-0.008 Z=-0.002 rad/s
  Quaternion:   X=-0.011 Y=-0.005 Z=-0.574 W=0.819

[IMU] Inertial Measurement Unit Data:
  Acceleration: X=0.054 Y=-0.181 Z=10.007 m/s²
  Gyroscope:    X=0.003 Y=-0.009 Z=-0.002 rad/s
  Quaternion:   X=-0.011 Y=-0.005 Z=-0.574 W=0.819

[IMU] Inertial Measurement Unit Data:
  Acceleration: X=0.075 Y=-0.185 Z=9.922 m/s²
  Gyroscope:    X=0.004 Y=-0.007 Z=-0.002 rad/s
  Quaternion:   X=-0.011 Y=-0.005 Z=-0.574 W=0.819

[IMU] Inertial Measurement Unit Data:
  Acceleration: X=0.072 Y=-0.185 Z=9.964 m/s²
  Gyroscope:    X=0.003 Y=-0.008 Z=-0.003 rad/s
  Quaternion:   X=-0.011 Y=-0.005 Z=-0.574 W=0.819

[IMU] Inertial Measurement Unit Data:
  Acceleration: X=0.059 Y=-0.174 Z=9.998 m/s²
  Gyroscope:    X=0.002 Y=-0.006 Z=-0.002 rad/s
  Quaternion:   X=-0.011 Y=-0.005 Z=-0.574 W=0.819

[IMU] Inertial Measurement Unit Data:
  Acceleration: X=0.089 Y=-0.162 Z=9.959 m/s²
  Gyroscope:    X=0.002 Y=-0.006 Z=-0.002 rad/s
  Quaternion:   X=-0.011 Y=-0.005 Z=-0.574 W=0.819

[IMU] Inertial Measurement Unit Data:
  Acceleration: X=0.071 Y=-0.195 Z=9.943 m/s²
  Gyroscope:    X=0.002 Y=-0.006 Z=-0.001 rad/s
  Quaternion:   X=-0.011 Y=-0.005 Z=-0.574 W=0.819

[IMU] Inertial Measurement Unit Data:
  Acceleration: X=0.076 Y=-0.194 Z=9.997 m/s²
  Gyroscope:    X=0.003 Y=-0.007 Z=-0.001 rad/s
  Quaternion:   X=-0.011 Y=-0.005 Z=-0.574 W=0.819

[IMU] Inertial Measurement Unit Data:
  Acceleration: X=0.068 Y=-0.175 Z=9.997 m/s²
  Gyroscope:    X=0.003 Y=-0.007 Z=-0.001 rad/s
  Quaternion:   X=-0.011 Y=-0.005 Z=-0.574 W=0.819

[IMU] Inertial Measurement Unit Data:
  Acceleration: X=0.063 Y=-0.210 Z=9.924 m/s²
  Gyroscope:    X=0.004 Y=-0.006 Z=-0.002 rad/s
  Quaternion:   X=-0.011 Y=-0.005 Z=-0.574 W=0.819

[IMU] Inertial Measurement Unit Data:
  Acceleration: X=0.078 Y=-0.191 Z=9.952 m/s²
  Gyroscope:    X=0.003 Y=-0.006 Z=-0.003 rad/s
  Quaternion:   X=-0.011 Y=-0.005 Z=-0.574 W=0.819

[IMU] Inertial Measurement Unit Data:
  Acceleration: X=0.063 Y=-0.170 Z=10.016 m/s²
  Gyroscope:    X=0.003 Y=-0.008 Z=-0.002 rad/s
  Quaternion:   X=-0.011 Y=-0.005 Z=-0.574 W=0.819

[IMU] Inertial Measurement Unit Data:
  Acceleration: X=0.062 Y=-0.186 Z=9.943 m/s²
  Gyroscope:    X=0.002 Y=-0.008 Z=-0.002 rad/s
  Quaternion:   X=-0.011 Y=-0.005 Z=-0.574 W=0.819

[IMU] Inertial Measurement Unit Data:
  Acceleration: X=0.071 Y=-0.221 Z=9.914 m/s²
  Gyroscope:    X=0.004 Y=-0.006 Z=-0.001 rad/s
  Quaternion:   X=-0.011 Y=-0.005 Z=-0.574 W=0.819

[IMU] Inertial Measurement Unit Data:
  Acceleration: X=0.071 Y=-0.144 Z=9.980 m/s²
  Gyroscope:    X=0.004 Y=-0.008 Z=-0.001 rad/s
  Quaternion:   X=-0.011 Y=-0.005 Z=-0.574 W=0.819

[IMU] Inertial Measurement Unit Data:
  Acceleration: X=0.068 Y=-0.198 Z=10.002 m/s²
  Gyroscope:    X=0.003 Y=-0.007 Z=-0.002 rad/s
  Quaternion:   X=-0.011 Y=-0.005 Z=-0.574 W=0.819

[IMU] Inertial Measurement Unit Data:
  Acceleration: X=0.060 Y=-0.172 Z=9.934 m/s²
  Gyroscope:    X=0.003 Y=-0.008 Z=-0.002 rad/s
  Quaternion:   X=-0.011 Y=-0.005 Z=-0.574 W=0.819

[IMU] Inertial Measurement Unit Data:
  Acceleration: X=0.060 Y=-0.167 Z=9.911 m/s²
  Gyroscope:    X=0.003 Y=-0.007 Z=-0.002 rad/s
  Quaternion:   X=-0.011 Y=-0.005 Z=-0.574 W=0.819

[IMU] Inertial Measurement Unit Data:
  Acceleration: X=0.054 Y=-0.203 Z=9.989 m/s²
  Gyroscope:    X=0.002 Y=-0.007 Z=-0.002 rad/s
  Quaternion:   X=-0.011 Y=-0.005 Z=-0.574 W=0.819

[IMU] Inertial Measurement Unit Data:
  Acceleration: X=0.083 Y=-0.181 Z=9.982 m/s²
  Gyroscope:    X=0.004 Y=-0.007 Z=-0.002 rad/s
  Quaternion:   X=-0.011 Y=-0.005 Z=-0.574 W=0.819

[IMU] Inertial Measurement Unit Data:
  Acceleration: X=0.071 Y=-0.166 Z=9.937 m/s²
  Gyroscope:    X=0.003 Y=-0.008 Z=-0.001 rad/s
  Quaternion:   X=-0.011 Y=-0.005 Z=-0.574 W=0.819

[IMU] Inertial Measurement Unit Data:
  Acceleration: X=0.090 Y=-0.175 Z=9.964 m/s²
  Gyroscope:    X=0.003 Y=-0.008 Z=-0.001 rad/s
  Quaternion:   X=-0.011 Y=-0.005 Z=-0.574 W=0.819

[IMU] Inertial Measurement Unit Data:
  Acceleration: X=0.071 Y=-0.195 Z=10.007 m/s²
  Gyroscope:    X=0.003 Y=-0.007 Z=-0.002 rad/s
  Quaternion:   X=-0.011 Y=-0.005 Z=-0.574 W=0.819

[IMU] Inertial Measurement Unit Data:
  Acceleration: X=0.063 Y=-0.181 Z=9.955 m/s²
  Gyroscope:    X=0.002 Y=-0.008 Z=-0.002 rad/s
  Quaternion:   X=-0.011 Y=-0.005 Z=-0.574 W=0.819

[IMU] Inertial Measurement Unit Data:
  Acceleration: X=0.065 Y=-0.186 Z=9.919 m/s²
  Gyroscope:    X=0.002 Y=-0.007 Z=-0.002 rad/s
  Quaternion:   X=-0.011 Y=-0.005 Z=-0.574 W=0.819

[IMU] Inertial Measurement Unit Data:
  Acceleration: X=0.069 Y=-0.197 Z=9.967 m/s²
  Gyroscope:    X=0.003 Y=-0.006 Z=-0.003 rad/s
  Quaternion:   X=-0.011 Y=-0.005 Z=-0.574 W=0.819

[IMU] Inertial Measurement Unit Data:
  Acceleration: X=0.068 Y=-0.167 Z=9.989 m/s²
  Gyroscope:    X=0.003 Y=-0.009 Z=-0.002 rad/s
  Quaternion:   X=-0.011 Y=-0.005 Z=-0.574 W=0.819

[IMU] Inertial Measurement Unit Data:
  Acceleration: X=0.064 Y=-0.179 Z=9.947 m/s²
  Gyroscope:    X=0.002 Y=-0.008 Z=-0.002 rad/s
  Quaternion:   X=-0.011 Y=-0.005 Z=-0.574 W=0.819

[IMU] Inertial Measurement Unit Data:
  Acceleration: X=0.068 Y=-0.199 Z=9.943 m/s²
  Gyroscope:    X=0.002 Y=-0.007 Z=-0.002 rad/s
  Quaternion:   X=-0.011 Y=-0.005 Z=-0.574 W=0.819

[IMU] Inertial Measurement Unit Data:
  Acceleration: X=0.063 Y=-0.169 Z=9.991 m/s²
  Gyroscope:    X=0.003 Y=-0.007 Z=-0.003 rad/s
  Quaternion:   X=-0.011 Y=-0.005 Z=-0.574 W=0.819

[IMU] Inertial Measurement Unit Data:
  Acceleration: X=0.054 Y=-0.181 Z=9.964 m/s²
  Gyroscope:    X=0.003 Y=-0.006 Z=-0.002 rad/s
  Quaternion:   X=-0.011 Y=-0.005 Z=-0.574 W=0.819

[IMU] Inertial Measurement Unit Data:
  Acceleration: X=0.060 Y=-0.174 Z=9.950 m/s²
  Gyroscope:    X=0.002 Y=-0.008 Z=-0.003 rad/s
  Quaternion:   X=-0.011 Y=-0.005 Z=-0.574 W=0.819

[IMU] Inertial Measurement Unit Data:
  Acceleration: X=0.051 Y=-0.186 Z=9.978 m/s²
  Gyroscope:    X=0.004 Y=-0.007 Z=-0.001 rad/s
  Quaternion:   X=-0.011 Y=-0.005 Z=-0.574 W=0.819

[IMU] Inertial Measurement Unit Data:
  Acceleration: X=0.076 Y=-0.195 Z=9.962 m/s²
  Gyroscope:    X=0.002 Y=-0.006 Z=-0.002 rad/s
  Quaternion:   X=-0.011 Y=-0.005 Z=-0.574 W=0.819

[IMU] Inertial Measurement Unit Data:
  Acceleration: X=0.071 Y=-0.183 Z=9.934 m/s²
  Gyroscope:    X=0.002 Y=-0.007 Z=-0.001 rad/s
  Quaternion:   X=-0.011 Y=-0.005 Z=-0.574 W=0.819

[IMU] Inertial Measurement Unit Data:
  Acceleration: X=0.063 Y=-0.177 Z=9.958 m/s²
  Gyroscope:    X=0.003 Y=-0.007 Z=-0.002 rad/s
  Quaternion:   X=-0.011 Y=-0.005 Z=-0.574 W=0.818

[IMU] Inertial Measurement Unit Data:
  Acceleration: X=0.064 Y=-0.185 Z=9.964 m/s²
  Gyroscope:    X=0.003 Y=-0.008 Z=-0.003 rad/s
  Quaternion:   X=-0.011 Y=-0.005 Z=-0.574 W=0.818

[IMU] Inertial Measurement Unit Data:
  Acceleration: X=0.069 Y=-0.191 Z=9.978 m/s²
  Gyroscope:    X=0.003 Y=-0.007 Z=-0.001 rad/s
  Quaternion:   X=-0.011 Y=-0.005 Z=-0.574 W=0.818

[IMU] Inertial Measurement Unit Data:
  Acceleration: X=0.059 Y=-0.180 Z=9.947 m/s²
  Gyroscope:    X=0.004 Y=-0.006 Z=-0.001 rad/s
  Quaternion:   X=-0.011 Y=-0.005 Z=-0.574 W=0.818

[IMU] Inertial Measurement Unit Data:
  Acceleration: X=0.076 Y=-0.166 Z=9.961 m/s²
  Gyroscope:    X=0.003 Y=-0.007 Z=-0.002 rad/s
  Quaternion:   X=-0.011 Y=-0.005 Z=-0.574 W=0.818

[IMU] Inertial Measurement Unit Data:
  Acceleration: X=0.054 Y=-0.188 Z=9.990 m/s²
  Gyroscope:    X=0.004 Y=-0.006 Z=-0.002 rad/s
  Quaternion:   X=-0.011 Y=-0.005 Z=-0.574 W=0.818

[IMU] Inertial Measurement Unit Data:
  Acceleration: X=0.051 Y=-0.205 Z=9.948 m/s²
  Gyroscope:    X=0.002 Y=-0.007 Z=-0.003 rad/s
  Quaternion:   X=-0.011 Y=-0.005 Z=-0.574 W=0.818

[IMU] Inertial Measurement Unit Data:
  Acceleration: X=0.068 Y=-0.174 Z=9.950 m/s²
  Gyroscope:    X=0.002 Y=-0.006 Z=-0.001 rad/s
  Quaternion:   X=-0.011 Y=-0.005 Z=-0.574 W=0.818

[IMU] Inertial Measurement Unit Data:
  Acceleration: X=0.072 Y=-0.197 Z=9.951 m/s²
  Gyroscope:    X=0.003 Y=-0.007 Z=-0.004 rad/s
  Quaternion:   X=-0.011 Y=-0.005 Z=-0.574 W=0.818

[IMU] Inertial Measurement Unit Data:
  Acceleration: X=0.059 Y=-0.188 Z=9.978 m/s²
  Gyroscope:    X=0.003 Y=-0.007 Z=-0.002 rad/s
  Quaternion:   X=-0.011 Y=-0.005 Z=-0.574 W=0.818

[IMU] Inertial Measurement Unit Data:
  Acceleration: X=0.077 Y=-0.169 Z=9.959 m/s²
  Gyroscope:    X=0.003 Y=-0.008 Z=-0.002 rad/s
  Quaternion:   X=-0.011 Y=-0.005 Z=-0.574 W=0.818

[IMU] Inertial Measurement Unit Data:
  Acceleration: X=0.057 Y=-0.188 Z=9.967 m/s²
  Gyroscope:    X=0.002 Y=-0.006 Z=-0.002 rad/s
  Quaternion:   X=-0.011 Y=-0.005 Z=-0.574 W=0.818

[IMU] Inertial Measurement Unit Data:
  Acceleration: X=0.071 Y=-0.185 Z=9.955 m/s²
  Gyroscope:    X=0.003 Y=-0.008 Z=-0.002 rad/s
  Quaternion:   X=-0.011 Y=-0.005 Z=-0.574 W=0.818

[IMU] Inertial Measurement Unit Data:
  Acceleration: X=0.053 Y=-0.189 Z=9.952 m/s²
  Gyroscope:    X=0.003 Y=-0.007 Z=-0.002 rad/s
  Quaternion:   X=-0.011 Y=-0.005 Z=-0.574 W=0.818

[IMU] Inertial Measurement Unit Data:
  Acceleration: X=0.070 Y=-0.179 Z=9.944 m/s²
  Gyroscope:    X=0.003 Y=-0.006 Z=-0.003 rad/s
  Quaternion:   X=-0.011 Y=-0.005 Z=-0.574 W=0.818

[IMU] Inertial Measurement Unit Data:
  Acceleration: X=0.059 Y=-0.190 Z=9.958 m/s²
  Gyroscope:    X=0.003 Y=-0.007 Z=-0.001 rad/s
  Quaternion:   X=-0.011 Y=-0.005 Z=-0.574 W=0.818

[IMU] Inertial Measurement Unit Data:
  Acceleration: X=0.071 Y=-0.192 Z=9.977 m/s²
  Gyroscope:    X=0.003 Y=-0.008 Z=-0.002 rad/s
  Quaternion:   X=-0.011 Y=-0.005 Z=-0.574 W=0.818

[IMU] Inertial Measurement Unit Data:
  Acceleration: X=0.040 Y=-0.202 Z=9.934 m/s²
  Gyroscope:    X=0.002 Y=-0.007 Z=-0.002 rad/s
  Quaternion:   X=-0.011 Y=-0.005 Z=-0.574 W=0.818

[IMU] Inertial Measurement Unit Data:
  Acceleration: X=0.080 Y=-0.180 Z=9.950 m/s²
  Gyroscope:    X=0.002 Y=-0.007 Z=-0.003 rad/s
  Quaternion:   X=-0.011 Y=-0.005 Z=-0.574 W=0.818

[IMU] Inertial Measurement Unit Data:
  Acceleration: X=0.072 Y=-0.189 Z=9.960 m/s²
  Gyroscope:    X=0.003 Y=-0.007 Z=-0.002 rad/s
  Quaternion:   X=-0.011 Y=-0.005 Z=-0.574 W=0.818

[IMU] Inertial Measurement Unit Data:
  Acceleration: X=0.063 Y=-0.197 Z=9.985 m/s²
  Gyroscope:    X=0.003 Y=-0.006 Z=-0.001 rad/s
  Quaternion:   X=-0.011 Y=-0.005 Z=-0.574 W=0.818

[IMU] Inertial Measurement Unit Data:
  Acceleration: X=0.076 Y=-0.193 Z=9.967 m/s²
  Gyroscope:    X=0.003 Y=-0.008 Z=-0.002 rad/s
  Quaternion:   X=-0.011 Y=-0.005 Z=-0.574 W=0.818

[IMU] Inertial Measurement Unit Data:
  Acceleration: X=0.070 Y=-0.167 Z=9.950 m/s²
  Gyroscope:    X=0.003 Y=-0.008 Z=-0.002 rad/s
  Quaternion:   X=-0.011 Y=-0.005 Z=-0.574 W=0.818

[IMU] Inertial Measurement Unit Data:
  Acceleration: X=0.090 Y=-0.197 Z=10.007 m/s²
  Gyroscope:    X=0.004 Y=-0.007 Z=-0.002 rad/s
  Quaternion:   X=-0.011 Y=-0.005 Z=-0.574 W=0.818

[IMU] Inertial Measurement Unit Data:
  Acceleration: X=0.042 Y=-0.184 Z=9.968 m/s²
  Gyroscope:    X=0.003 Y=-0.006 Z=-0.002 rad/s
  Quaternion:   X=-0.011 Y=-0.005 Z=-0.574 W=0.818

[IMU] Inertial Measurement Unit Data:
  Acceleration: X=0.059 Y=-0.193 Z=9.936 m/s²
  Gyroscope:    X=0.003 Y=-0.007 Z=-0.002 rad/s
  Quaternion:   X=-0.011 Y=-0.005 Z=-0.574 W=0.818

[IMU] Inertial Measurement Unit Data:
  Acceleration: X=0.066 Y=-0.174 Z=9.978 m/s²
  Gyroscope:    X=0.002 Y=-0.008 Z=-0.002 rad/s
  Quaternion:   X=-0.011 Y=-0.005 Z=-0.574 W=0.818

[IMU] Inertial Measurement Unit Data:
  Acceleration: X=0.046 Y=-0.178 Z=9.962 m/s²
  Gyroscope:    X=0.003 Y=-0.008 Z=-0.002 rad/s
  Quaternion:   X=-0.011 Y=-0.005 Z=-0.574 W=0.818

[IMU] Inertial Measurement Unit Data:
  Acceleration: X=0.058 Y=-0.166 Z=9.965 m/s²
  Gyroscope:    X=0.002 Y=-0.007 Z=-0.003 rad/s
  Quaternion:   X=-0.011 Y=-0.005 Z=-0.574 W=0.818

[IMU] Inertial Measurement Unit Data:
  Acceleration: X=0.069 Y=-0.197 Z=9.952 m/s²
  Gyroscope:    X=0.003 Y=-0.007 Z=-0.002 rad/s
  Quaternion:   X=-0.011 Y=-0.005 Z=-0.574 W=0.818

[IMU] Inertial Measurement Unit Data:
  Acceleration: X=0.057 Y=-0.190 Z=9.977 m/s²
  Gyroscope:    X=0.003 Y=-0.009 Z=-0.001 rad/s
  Quaternion:   X=-0.011 Y=-0.005 Z=-0.575 W=0.818

[IMU] Inertial Measurement Unit Data:
  Acceleration: X=0.053 Y=-0.182 Z=9.990 m/s²
  Gyroscope:    X=0.003 Y=-0.008 Z=-0.001 rad/s
  Quaternion:   X=-0.011 Y=-0.005 Z=-0.575 W=0.818

[IMU] Inertial Measurement Unit Data:
  Acceleration: X=0.076 Y=-0.199 Z=9.959 m/s²
  Gyroscope:    X=0.003 Y=-0.007 Z=-0.001 rad/s
  Quaternion:   X=-0.011 Y=-0.005 Z=-0.575 W=0.818

[IMU] Inertial Measurement Unit Data:
  Acceleration: X=0.054 Y=-0.198 Z=9.929 m/s²
  Gyroscope:    X=0.002 Y=-0.008 Z=-0.001 rad/s
  Quaternion:   X=-0.011 Y=-0.005 Z=-0.575 W=0.818

[IMU] Inertial Measurement Unit Data:
  Acceleration: X=0.052 Y=-0.173 Z=9.996 m/s²
  Gyroscope:    X=0.002 Y=-0.008 Z=-0.002 rad/s
  Quaternion:   X=-0.011 Y=-0.005 Z=-0.575 W=0.818

[IMU] Inertial Measurement Unit Data:
  Acceleration: X=0.077 Y=-0.202 Z=9.953 m/s²
  Gyroscope:    X=0.004 Y=-0.007 Z=-0.001 rad/s
  Quaternion:   X=-0.011 Y=-0.005 Z=-0.575 W=0.818

[IMU] Inertial Measurement Unit Data:
  Acceleration: X=0.068 Y=-0.189 Z=9.941 m/s²
  Gyroscope:    X=0.002 Y=-0.007 Z=-0.002 rad/s
  Quaternion:   X=-0.011 Y=-0.005 Z=-0.575 W=0.818

[IMU] Inertial Measurement Unit Data:
  Acceleration: X=0.074 Y=-0.173 Z=9.996 m/s²
  Gyroscope:    X=0.002 Y=-0.007 Z=-0.003 rad/s
  Quaternion:   X=-0.011 Y=-0.005 Z=-0.575 W=0.818

[IMU] Inertial Measurement Unit Data:
  Acceleration: X=0.063 Y=-0.191 Z=9.955 m/s²
  Gyroscope:    X=0.003 Y=-0.007 Z=-0.002 rad/s
  Quaternion:   X=-0.011 Y=-0.005 Z=-0.575 W=0.818

[IMU] Inertial Measurement Unit Data:
  Acceleration: X=0.060 Y=-0.195 Z=9.940 m/s²
  Gyroscope:    X=0.003 Y=-0.006 Z=-0.002 rad/s
  Quaternion:   X=-0.011 Y=-0.005 Z=-0.575 W=0.818

[STATE] Robot State Data:
  Head Angle: -1.218°, Direction: 1
  Lights: Front=2 Back=2
  Speed Level: 1, E-Stop: SW=1 HW=1
  Motion: Status=2 Mode=1
  Battery: 1=69% 2=69%
  Speed: Linear=0.000 Trans=0.000 Angular=-0.002
  Odometry: 0.000 m
  Joint Temperatures: 
    fr3: 34.000°C
    fr2: 35.000°C
    bl1: 34.000°C
    fl4: 34.000°C
    bl3: 33.000°C
    bl2: 33.000°C
    br1: 35.000°C
    bl4: 33.000°C
    br4: 33.000°C
    fr4: 34.000°C
    fl1: 35.000°C
    fl2: 34.000°C
    br2: 33.000°C
    fl3: 33.000°C
    br3: 33.000°C
    fr1: 36.000°C

[IMU] Inertial Measurement Unit Data:
  Acceleration: X=0.059 Y=-0.179 Z=9.956 m/s²
  Gyroscope:    X=0.004 Y=-0.007 Z=-0.002 rad/s
  Quaternion:   X=-0.011 Y=-0.005 Z=-0.575 W=0.818

[IMU] Inertial Measurement Unit Data:
  Acceleration: X=0.063 Y=-0.175 Z=9.983 m/s²
  Gyroscope:    X=0.002 Y=-0.008 Z=-0.002 rad/s
  Quaternion:   X=-0.011 Y=-0.005 Z=-0.575 W=0.818

[IMU] Inertial Measurement Unit Data:
  Acceleration: X=0.063 Y=-0.191 Z=9.958 m/s²
  Gyroscope:    X=0.002 Y=-0.007 Z=-0.002 rad/s
  Quaternion:   X=-0.011 Y=-0.005 Z=-0.575 W=0.818

[IMU] Inertial Measurement Unit Data:
  Acceleration: X=0.088 Y=-0.159 Z=9.966 m/s²
  Gyroscope:    X=0.003 Y=-0.007 Z=-0.000 rad/s
  Quaternion:   X=-0.011 Y=-0.005 Z=-0.575 W=0.818

[IMU] Inertial Measurement Unit Data:
  Acceleration: X=0.071 Y=-0.186 Z=9.982 m/s²
  Gyroscope:    X=0.003 Y=-0.007 Z=-0.002 rad/s
  Quaternion:   X=-0.011 Y=-0.005 Z=-0.575 W=0.818

[IMU] Inertial Measurement Unit Data:
  Acceleration: X=0.071 Y=-0.185 Z=9.928 m/s²
  Gyroscope:    X=0.003 Y=-0.006 Z=-0.003 rad/s
  Quaternion:   X=-0.011 Y=-0.005 Z=-0.575 W=0.818

[IMU] Inertial Measurement Unit Data:
  Acceleration: X=0.064 Y=-0.196 Z=9.960 m/s²
  Gyroscope:    X=0.002 Y=-0.008 Z=-0.002 rad/s
  Quaternion:   X=-0.011 Y=-0.005 Z=-0.575 W=0.818

[IMU] Inertial Measurement Unit Data:
  Acceleration: X=0.084 Y=-0.180 Z=9.980 m/s²
  Gyroscope:    X=0.003 Y=-0.007 Z=-0.003 rad/s
  Quaternion:   X=-0.011 Y=-0.005 Z=-0.575 W=0.818

[IMU] Inertial Measurement Unit Data:
  Acceleration: X=0.053 Y=-0.193 Z=9.972 m/s²
  Gyroscope:    X=0.002 Y=-0.007 Z=-0.002 rad/s
  Quaternion:   X=-0.011 Y=-0.005 Z=-0.575 W=0.818

[IMU] Inertial Measurement Unit Data:
  Acceleration: X=0.070 Y=-0.156 Z=9.961 m/s²
  Gyroscope:    X=0.002 Y=-0.006 Z=-0.002 rad/s
  Quaternion:   X=-0.011 Y=-0.005 Z=-0.575 W=0.818

[IMU] Inertial Measurement Unit Data:
  Acceleration: X=0.075 Y=-0.185 Z=9.979 m/s²
  Gyroscope:    X=0.003 Y=-0.007 Z=-0.003 rad/s
  Quaternion:   X=-0.011 Y=-0.005 Z=-0.575 W=0.818

[IMU] Inertial Measurement Unit Data:
  Acceleration: X=0.052 Y=-0.191 Z=9.964 m/s²
  Gyroscope:    X=0.003 Y=-0.007 Z=-0.002 rad/s
  Quaternion:   X=-0.011 Y=-0.005 Z=-0.575 W=0.818

[IMU] Inertial Measurement Unit Data:
  Acceleration: X=0.076 Y=-0.163 Z=9.962 m/s²
  Gyroscope:    X=0.003 Y=-0.007 Z=-0.001 rad/s
  Quaternion:   X=-0.011 Y=-0.005 Z=-0.575 W=0.818

[IMU] Inertial Measurement Unit Data:
  Acceleration: X=0.066 Y=-0.202 Z=9.970 m/s²
  Gyroscope:    X=0.003 Y=-0.007 Z=-0.002 rad/s
  Quaternion:   X=-0.011 Y=-0.005 Z=-0.575 W=0.818

[IMU] Inertial Measurement Unit Data:
  Acceleration: X=0.065 Y=-0.185 Z=9.968 m/s²
  Gyroscope:    X=0.002 Y=-0.007 Z=-0.002 rad/s
  Quaternion:   X=-0.011 Y=-0.005 Z=-0.575 W=0.818

[IMU] Inertial Measurement Unit Data:
  Acceleration: X=0.080 Y=-0.167 Z=9.985 m/s²
  Gyroscope:    X=0.004 Y=-0.007 Z=-0.002 rad/s
  Quaternion:   X=-0.011 Y=-0.005 Z=-0.575 W=0.818

[IMU] Inertial Measurement Unit Data:
  Acceleration: X=0.033 Y=-0.190 Z=9.984 m/s²
  Gyroscope:    X=0.002 Y=-0.007 Z=-0.002 rad/s
  Quaternion:   X=-0.011 Y=-0.005 Z=-0.575 W=0.818

[IMU] Inertial Measurement Unit Data:
  Acceleration: X=0.082 Y=-0.175 Z=9.976 m/s²
  Gyroscope:    X=0.003 Y=-0.008 Z=-0.002 rad/s
  Quaternion:   X=-0.011 Y=-0.005 Z=-0.575 W=0.818

[IMU] Inertial Measurement Unit Data:
  Acceleration: X=0.071 Y=-0.168 Z=9.949 m/s²
  Gyroscope:    X=0.003 Y=-0.008 Z=-0.003 rad/s
  Quaternion:   X=-0.011 Y=-0.005 Z=-0.575 W=0.818

[IMU] Inertial Measurement Unit Data:
  Acceleration: X=0.071 Y=-0.197 Z=9.990 m/s²
  Gyroscope:    X=0.002 Y=-0.007 Z=-0.003 rad/s
  Quaternion:   X=-0.011 Y=-0.005 Z=-0.575 W=0.818

[IMU] Inertial Measurement Unit Data:
  Acceleration: X=0.068 Y=-0.193 Z=9.994 m/s²
  Gyroscope:    X=0.003 Y=-0.007 Z=-0.001 rad/s
  Quaternion:   X=-0.011 Y=-0.005 Z=-0.575 W=0.818

[IMU] Inertial Measurement Unit Data:
  Acceleration: X=0.071 Y=-0.172 Z=9.929 m/s²
  Gyroscope:    X=0.003 Y=-0.008 Z=-0.002 rad/s
  Quaternion:   X=-0.011 Y=-0.005 Z=-0.575 W=0.818

[IMU] Inertial Measurement Unit Data:
  Acceleration: X=0.066 Y=-0.180 Z=9.973 m/s²
  Gyroscope:    X=0.003 Y=-0.008 Z=-0.003 rad/s
  Quaternion:   X=-0.011 Y=-0.005 Z=-0.575 W=0.818

[IMU] Inertial Measurement Unit Data:
  Acceleration: X=0.072 Y=-0.172 Z=9.980 m/s²
  Gyroscope:    X=0.003 Y=-0.007 Z=-0.002 rad/s
  Quaternion:   X=-0.011 Y=-0.005 Z=-0.575 W=0.818

[IMU] Inertial Measurement Unit Data:
  Acceleration: X=0.062 Y=-0.174 Z=9.958 m/s²
  Gyroscope:    X=0.002 Y=-0.007 Z=-0.002 rad/s
  Quaternion:   X=-0.011 Y=-0.005 Z=-0.575 W=0.818

[IMU] Inertial Measurement Unit Data:
  Acceleration: X=0.080 Y=-0.180 Z=9.967 m/s²
  Gyroscope:    X=0.003 Y=-0.007 Z=-0.002 rad/s
  Quaternion:   X=-0.011 Y=-0.005 Z=-0.575 W=0.818

[IMU] Inertial Measurement Unit Data:
  Acceleration: X=0.052 Y=-0.194 Z=9.996 m/s²
  Gyroscope:    X=0.002 Y=-0.008 Z=-0.001 rad/s
  Quaternion:   X=-0.011 Y=-0.005 Z=-0.575 W=0.818

[IMU] Inertial Measurement Unit Data:
  Acceleration: X=0.084 Y=-0.189 Z=9.972 m/s²
  Gyroscope:    X=0.003 Y=-0.008 Z=-0.002 rad/s
  Quaternion:   X=-0.011 Y=-0.005 Z=-0.575 W=0.818

[IMU] Inertial Measurement Unit Data:
  Acceleration: X=0.078 Y=-0.177 Z=9.948 m/s²
  Gyroscope:    X=0.003 Y=-0.007 Z=-0.001 rad/s
  Quaternion:   X=-0.011 Y=-0.005 Z=-0.575 W=0.818

[IMU] Inertial Measurement Unit Data:
  Acceleration: X=0.057 Y=-0.215 Z=9.955 m/s²
  Gyroscope:    X=0.003 Y=-0.007 Z=-0.001 rad/s
  Quaternion:   X=-0.011 Y=-0.005 Z=-0.575 W=0.818

[IMU] Inertial Measurement Unit Data:
  Acceleration: X=0.084 Y=-0.185 Z=9.986 m/s²
  Gyroscope:    X=0.003 Y=-0.006 Z=-0.001 rad/s
  Quaternion:   X=-0.011 Y=-0.005 Z=-0.575 W=0.818

[IMU] Inertial Measurement Unit Data:
  Acceleration: X=0.066 Y=-0.166 Z=9.983 m/s²
  Gyroscope:    X=0.002 Y=-0.007 Z=-0.002 rad/s
  Quaternion:   X=-0.011 Y=-0.005 Z=-0.575 W=0.818

[IMU] Inertial Measurement Unit Data:
  Acceleration: X=0.075 Y=-0.185 Z=9.948 m/s²
  Gyroscope:    X=0.004 Y=-0.007 Z=-0.003 rad/s
  Quaternion:   X=-0.011 Y=-0.005 Z=-0.575 W=0.818

[IMU] Inertial Measurement Unit Data:
  Acceleration: X=0.038 Y=-0.176 Z=9.982 m/s²
  Gyroscope:    X=0.003 Y=-0.007 Z=-0.002 rad/s
  Quaternion:   X=-0.011 Y=-0.005 Z=-0.575 W=0.818

[IMU] Inertial Measurement Unit Data:
  Acceleration: X=0.056 Y=-0.191 Z=9.939 m/s²
  Gyroscope:    X=0.003 Y=-0.009 Z=-0.002 rad/s
  Quaternion:   X=-0.011 Y=-0.005 Z=-0.575 W=0.818

[IMU] Inertial Measurement Unit Data:
  Acceleration: X=0.044 Y=-0.172 Z=9.927 m/s²
  Gyroscope:    X=0.003 Y=-0.009 Z=-0.002 rad/s
  Quaternion:   X=-0.011 Y=-0.005 Z=-0.575 W=0.818

[IMU] Inertial Measurement Unit Data:
  Acceleration: X=0.072 Y=-0.175 Z=9.997 m/s²
  Gyroscope:    X=0.003 Y=-0.007 Z=-0.002 rad/s
  Quaternion:   X=-0.011 Y=-0.005 Z=-0.575 W=0.818

[IMU] Inertial Measurement Unit Data:
  Acceleration: X=0.066 Y=-0.198 Z=9.979 m/s²
  Gyroscope:    X=0.003 Y=-0.007 Z=-0.002 rad/s
  Quaternion:   X=-0.011 Y=-0.005 Z=-0.575 W=0.818

[IMU] Inertial Measurement Unit Data:
  Acceleration: X=0.075 Y=-0.197 Z=9.941 m/s²
  Gyroscope:    X=0.001 Y=-0.008 Z=-0.002 rad/s
  Quaternion:   X=-0.011 Y=-0.005 Z=-0.575 W=0.818

[IMU] Inertial Measurement Unit Data:
  Acceleration: X=0.071 Y=-0.150 Z=9.967 m/s²
  Gyroscope:    X=0.003 Y=-0.008 Z=-0.002 rad/s
  Quaternion:   X=-0.011 Y=-0.005 Z=-0.575 W=0.818

[IMU] Inertial Measurement Unit Data:
  Acceleration: X=0.032 Y=-0.202 Z=9.967 m/s²
  Gyroscope:    X=0.004 Y=-0.008 Z=-0.003 rad/s
  Quaternion:   X=-0.011 Y=-0.005 Z=-0.575 W=0.818

[IMU] Inertial Measurement Unit Data:
  Acceleration: X=0.102 Y=-0.189 Z=9.978 m/s²
  Gyroscope:    X=0.003 Y=-0.007 Z=-0.003 rad/s
  Quaternion:   X=-0.011 Y=-0.005 Z=-0.575 W=0.818

[IMU] Inertial Measurement Unit Data:
  Acceleration: X=0.058 Y=-0.193 Z=9.989 m/s²
  Gyroscope:    X=0.003 Y=-0.008 Z=-0.001 rad/s
  Quaternion:   X=-0.011 Y=-0.005 Z=-0.575 W=0.818

[IMU] Inertial Measurement Unit Data:
  Acceleration: X=0.072 Y=-0.167 Z=9.973 m/s²
  Gyroscope:    X=0.002 Y=-0.007 Z=-0.002 rad/s
  Quaternion:   X=-0.011 Y=-0.005 Z=-0.575 W=0.818

[IMU] Inertial Measurement Unit Data:
  Acceleration: X=0.059 Y=-0.167 Z=9.942 m/s²
  Gyroscope:    X=0.003 Y=-0.007 Z=-0.002 rad/s
  Quaternion:   X=-0.011 Y=-0.005 Z=-0.575 W=0.818

[IMU] Inertial Measurement Unit Data:
  Acceleration: X=0.054 Y=-0.197 Z=9.972 m/s²
  Gyroscope:    X=0.003 Y=-0.007 Z=-0.001 rad/s
  Quaternion:   X=-0.011 Y=-0.005 Z=-0.575 W=0.818

[IMU] Inertial Measurement Unit Data:
  Acceleration: X=0.078 Y=-0.180 Z=9.993 m/s²
  Gyroscope:    X=0.003 Y=-0.007 Z=-0.002 rad/s
  Quaternion:   X=-0.011 Y=-0.005 Z=-0.575 W=0.818

[IMU] Inertial Measurement Unit Data:
  Acceleration: X=0.077 Y=-0.191 Z=9.941 m/s²
  Gyroscope:    X=0.003 Y=-0.007 Z=-0.003 rad/s
  Quaternion:   X=-0.011 Y=-0.005 Z=-0.575 W=0.818

[IMU] Inertial Measurement Unit Data:
  Acceleration: X=0.070 Y=-0.198 Z=9.967 m/s²
  Gyroscope:    X=0.003 Y=-0.006 Z=-0.002 rad/s
  Quaternion:   X=-0.011 Y=-0.005 Z=-0.575 W=0.818

[IMU] Inertial Measurement Unit Data:
  Acceleration: X=0.053 Y=-0.175 Z=9.977 m/s²
  Gyroscope:    X=0.003 Y=-0.007 Z=-0.002 rad/s
  Quaternion:   X=-0.011 Y=-0.005 Z=-0.575 W=0.818

[IMU] Inertial Measurement Unit Data:
  Acceleration: X=0.050 Y=-0.193 Z=9.947 m/s²
  Gyroscope:    X=0.003 Y=-0.007 Z=-0.001 rad/s
  Quaternion:   X=-0.011 Y=-0.005 Z=-0.575 W=0.818

[IMU] Inertial Measurement Unit Data:
  Acceleration: X=0.087 Y=-0.197 Z=9.941 m/s²
  Gyroscope:    X=0.002 Y=-0.008 Z=-0.002 rad/s
  Quaternion:   X=-0.011 Y=-0.005 Z=-0.575 W=0.818

[IMU] Inertial Measurement Unit Data:
  Acceleration: X=0.070 Y=-0.174 Z=9.997 m/s²
  Gyroscope:    X=0.003 Y=-0.006 Z=-0.002 rad/s
  Quaternion:   X=-0.011 Y=-0.005 Z=-0.575 W=0.818

[IMU] Inertial Measurement Unit Data:
  Acceleration: X=0.066 Y=-0.192 Z=10.000 m/s²
  Gyroscope:    X=0.002 Y=-0.007 Z=-0.003 rad/s
  Quaternion:   X=-0.011 Y=-0.005 Z=-0.575 W=0.818

[IMU] Inertial Measurement Unit Data:
  Acceleration: X=0.047 Y=-0.191 Z=9.961 m/s²
  Gyroscope:    X=0.003 Y=-0.007 Z=-0.003 rad/s
  Quaternion:   X=-0.011 Y=-0.005 Z=-0.575 W=0.818

[IMU] Inertial Measurement Unit Data:
  Acceleration: X=0.066 Y=-0.171 Z=9.948 m/s²
  Gyroscope:    X=0.003 Y=-0.008 Z=-0.001 rad/s
  Quaternion:   X=-0.011 Y=-0.005 Z=-0.575 W=0.818

[IMU] Inertial Measurement Unit Data:
  Acceleration: X=0.074 Y=-0.180 Z=9.984 m/s²
  Gyroscope:    X=0.002 Y=-0.008 Z=-0.002 rad/s
  Quaternion:   X=-0.011 Y=-0.005 Z=-0.575 W=0.818

[IMU] Inertial Measurement Unit Data:
  Acceleration: X=0.054 Y=-0.188 Z=9.980 m/s²
  Gyroscope:    X=0.002 Y=-0.008 Z=-0.002 rad/s
  Quaternion:   X=-0.011 Y=-0.005 Z=-0.575 W=0.818

[IMU] Inertial Measurement Unit Data:
  Acceleration: X=0.071 Y=-0.163 Z=9.977 m/s²
  Gyroscope:    X=0.003 Y=-0.006 Z=-0.002 rad/s
  Quaternion:   X=-0.011 Y=-0.005 Z=-0.575 W=0.818

[IMU] Inertial Measurement Unit Data:
  Acceleration: X=0.068 Y=-0.180 Z=9.972 m/s²
  Gyroscope:    X=0.003 Y=-0.007 Z=-0.002 rad/s
  Quaternion:   X=-0.011 Y=-0.005 Z=-0.575 W=0.818

[IMU] Inertial Measurement Unit Data:
  Acceleration: X=0.068 Y=-0.202 Z=9.963 m/s²
  Gyroscope:    X=0.002 Y=-0.008 Z=-0.001 rad/s
  Quaternion:   X=-0.011 Y=-0.005 Z=-0.575 W=0.818

[IMU] Inertial Measurement Unit Data:
  Acceleration: X=0.071 Y=-0.185 Z=9.974 m/s²
  Gyroscope:    X=0.003 Y=-0.007 Z=-0.002 rad/s
  Quaternion:   X=-0.011 Y=-0.005 Z=-0.575 W=0.818

[IMU] Inertial Measurement Unit Data:
  Acceleration: X=0.068 Y=-0.178 Z=9.974 m/s²
  Gyroscope:    X=0.003 Y=-0.007 Z=-0.002 rad/s
  Quaternion:   X=-0.011 Y=-0.005 Z=-0.575 W=0.818

[IMU] Inertial Measurement Unit Data:
  Acceleration: X=0.062 Y=-0.211 Z=9.958 m/s²
  Gyroscope:    X=0.002 Y=-0.007 Z=-0.002 rad/s
  Quaternion:   X=-0.011 Y=-0.005 Z=-0.575 W=0.818

[IMU] Inertial Measurement Unit Data:
  Acceleration: X=0.078 Y=-0.169 Z=9.961 m/s²
  Gyroscope:    X=0.002 Y=-0.007 Z=-0.002 rad/s
  Quaternion:   X=-0.011 Y=-0.005 Z=-0.575 W=0.818

[IMU] Inertial Measurement Unit Data:
  Acceleration: X=0.060 Y=-0.164 Z=9.947 m/s²
  Gyroscope:    X=0.002 Y=-0.007 Z=-0.002 rad/s
  Quaternion:   X=-0.011 Y=-0.005 Z=-0.575 W=0.818

[IMU] Inertial Measurement Unit Data:
  Acceleration: X=0.066 Y=-0.191 Z=10.003 m/s²
  Gyroscope:    X=0.002 Y=-0.008 Z=-0.001 rad/s
  Quaternion:   X=-0.011 Y=-0.005 Z=-0.575 W=0.818

[IMU] Inertial Measurement Unit Data:
  Acceleration: X=0.053 Y=-0.170 Z=9.977 m/s²
  Gyroscope:    X=0.003 Y=-0.007 Z=-0.001 rad/s
  Quaternion:   X=-0.011 Y=-0.005 Z=-0.575 W=0.818

[IMU] Inertial Measurement Unit Data:
  Acceleration: X=0.072 Y=-0.183 Z=9.922 m/s²
  Gyroscope:    X=0.003 Y=-0.007 Z=-0.002 rad/s
  Quaternion:   X=-0.011 Y=-0.005 Z=-0.575 W=0.818

[IMU] Inertial Measurement Unit Data:
  Acceleration: X=0.054 Y=-0.211 Z=9.959 m/s²
  Gyroscope:    X=0.003 Y=-0.007 Z=-0.001 rad/s
  Quaternion:   X=-0.011 Y=-0.005 Z=-0.575 W=0.818

[IMU] Inertial Measurement Unit Data:
  Acceleration: X=0.059 Y=-0.179 Z=9.998 m/s²
  Gyroscope:    X=0.002 Y=-0.008 Z=-0.003 rad/s
  Quaternion:   X=-0.011 Y=-0.005 Z=-0.575 W=0.818

[IMU] Inertial Measurement Unit Data:
  Acceleration: X=0.081 Y=-0.176 Z=9.929 m/s²
  Gyroscope:    X=0.003 Y=-0.008 Z=-0.001 rad/s
  Quaternion:   X=-0.011 Y=-0.005 Z=-0.575 W=0.818

[IMU] Inertial Measurement Unit Data:
  Acceleration: X=0.060 Y=-0.215 Z=9.948 m/s²
  Gyroscope:    X=0.003 Y=-0.008 Z=-0.003 rad/s
  Quaternion:   X=-0.011 Y=-0.005 Z=-0.575 W=0.818

[IMU] Inertial Measurement Unit Data:
  Acceleration: X=0.082 Y=-0.154 Z=10.015 m/s²
  Gyroscope:    X=0.005 Y=-0.007 Z=-0.002 rad/s
  Quaternion:   X=-0.011 Y=-0.005 Z=-0.575 W=0.818

[IMU] Inertial Measurement Unit Data:
  Acceleration: X=0.053 Y=-0.181 Z=9.890 m/s²
  Gyroscope:    X=0.003 Y=-0.008 Z=-0.002 rad/s
  Quaternion:   X=-0.011 Y=-0.005 Z=-0.575 W=0.818

[IMU] Inertial Measurement Unit Data:
  Acceleration: X=0.101 Y=-0.181 Z=10.005 m/s²
  Gyroscope:    X=0.004 Y=-0.007 Z=-0.002 rad/s
  Quaternion:   X=-0.011 Y=-0.005 Z=-0.575 W=0.818

[IMU] Inertial Measurement Unit Data:
  Acceleration: X=0.048 Y=-0.223 Z=10.027 m/s²
  Gyroscope:    X=0.004 Y=-0.007 Z=-0.003 rad/s
  Quaternion:   X=-0.011 Y=-0.005 Z=-0.575 W=0.818

[IMU] Inertial Measurement Unit Data:
  Acceleration: X=0.068 Y=-0.148 Z=9.890 m/s²
  Gyroscope:    X=0.004 Y=-0.006 Z=-0.003 rad/s
  Quaternion:   X=-0.011 Y=-0.005 Z=-0.575 W=0.818

[IMU] Inertial Measurement Unit Data:
  Acceleration: X=0.056 Y=-0.204 Z=9.991 m/s²
  Gyroscope:    X=0.004 Y=-0.006 Z=-0.003 rad/s
  Quaternion:   X=-0.011 Y=-0.005 Z=-0.575 W=0.818

[IMU] Inertial Measurement Unit Data:
  Acceleration: X=0.050 Y=-0.193 Z=10.009 m/s²
  Gyroscope:    X=0.002 Y=-0.008 Z=-0.003 rad/s
  Quaternion:   X=-0.011 Y=-0.005 Z=-0.575 W=0.818

[IMU] Inertial Measurement Unit Data:
  Acceleration: X=0.070 Y=-0.155 Z=9.924 m/s²
  Gyroscope:    X=0.002 Y=-0.008 Z=-0.001 rad/s
  Quaternion:   X=-0.011 Y=-0.005 Z=-0.575 W=0.818

[IMU] Inertial Measurement Unit Data:
  Acceleration: X=0.051 Y=-0.219 Z=9.896 m/s²
  Gyroscope:    X=0.002 Y=-0.008 Z=-0.002 rad/s
  Quaternion:   X=-0.011 Y=-0.005 Z=-0.575 W=0.818

[IMU] Inertial Measurement Unit Data:
  Acceleration: X=0.076 Y=-0.150 Z=10.022 m/s²
  Gyroscope:    X=0.004 Y=-0.008 Z=-0.002 rad/s
  Quaternion:   X=-0.011 Y=-0.005 Z=-0.575 W=0.818

[IMU] Inertial Measurement Unit Data:
  Acceleration: X=0.071 Y=-0.182 Z=9.927 m/s²
  Gyroscope:    X=0.001 Y=-0.007 Z=-0.002 rad/s
  Quaternion:   X=-0.011 Y=-0.005 Z=-0.575 W=0.818

[IMU] Inertial Measurement Unit Data:
  Acceleration: X=0.069 Y=-0.182 Z=10.008 m/s²
  Gyroscope:    X=0.003 Y=-0.006 Z=-0.002 rad/s
  Quaternion:   X=-0.011 Y=-0.005 Z=-0.575 W=0.818

[IMU] Inertial Measurement Unit Data:
  Acceleration: X=0.068 Y=-0.179 Z=9.913 m/s²
  Gyroscope:    X=0.002 Y=-0.008 Z=-0.003 rad/s
  Quaternion:   X=-0.011 Y=-0.005 Z=-0.575 W=0.818

[IMU] Inertial Measurement Unit Data:
  Acceleration: X=0.072 Y=-0.166 Z=9.977 m/s²
  Gyroscope:    X=0.003 Y=-0.007 Z=-0.002 rad/s
  Quaternion:   X=-0.011 Y=-0.005 Z=-0.575 W=0.818

[IMU] Inertial Measurement Unit Data:
  Acceleration: X=0.065 Y=-0.207 Z=10.020 m/s²
  Gyroscope:    X=0.003 Y=-0.007 Z=-0.002 rad/s
  Quaternion:   X=-0.011 Y=-0.005 Z=-0.575 W=0.818

[IMU] Inertial Measurement Unit Data:
  Acceleration: X=0.080 Y=-0.179 Z=9.935 m/s²
  Gyroscope:    X=0.002 Y=-0.007 Z=-0.002 rad/s
  Quaternion:   X=-0.011 Y=-0.005 Z=-0.575 W=0.818

[IMU] Inertial Measurement Unit Data:
  Acceleration: X=0.074 Y=-0.142 Z=9.951 m/s²
  Gyroscope:    X=0.002 Y=-0.007 Z=-0.004 rad/s
  Quaternion:   X=-0.011 Y=-0.005 Z=-0.575 W=0.818

[IMU] Inertial Measurement Unit Data:
  Acceleration: X=0.059 Y=-0.210 Z=10.007 m/s²
  Gyroscope:    X=0.003 Y=-0.006 Z=-0.002 rad/s
  Quaternion:   X=-0.011 Y=-0.005 Z=-0.575 W=0.818

[IMU] Inertial Measurement Unit Data:
  Acceleration: X=0.053 Y=-0.186 Z=9.942 m/s²
  Gyroscope:    X=0.002 Y=-0.007 Z=-0.002 rad/s
  Quaternion:   X=-0.011 Y=-0.005 Z=-0.575 W=0.818

[IMU] Inertial Measurement Unit Data:
  Acceleration: X=0.089 Y=-0.186 Z=9.882 m/s²
  Gyroscope:    X=0.003 Y=-0.008 Z=-0.001 rad/s
  Quaternion:   X=-0.011 Y=-0.005 Z=-0.575 W=0.818

[IMU] Inertial Measurement Unit Data:
  Acceleration: X=0.054 Y=-0.194 Z=10.008 m/s²
  Gyroscope:    X=0.002 Y=-0.008 Z=-0.002 rad/s
  Quaternion:   X=-0.011 Y=-0.005 Z=-0.575 W=0.818

[IMU] Inertial Measurement Unit Data:
  Acceleration: X=0.076 Y=-0.210 Z=9.957 m/s²
  Gyroscope:    X=0.002 Y=-0.007 Z=-0.003 rad/s
  Quaternion:   X=-0.011 Y=-0.005 Z=-0.575 W=0.818

[IMU] Inertial Measurement Unit Data:
  Acceleration: X=0.040 Y=-0.151 Z=9.892 m/s²
  Gyroscope:    X=0.002 Y=-0.008 Z=-0.002 rad/s
  Quaternion:   X=-0.011 Y=-0.005 Z=-0.575 W=0.818

[IMU] Inertial Measurement Unit Data:
  Acceleration: X=0.093 Y=-0.213 Z=9.996 m/s²
  Gyroscope:    X=0.003 Y=-0.008 Z=-0.002 rad/s
  Quaternion:   X=-0.011 Y=-0.005 Z=-0.575 W=0.818

[IMU] Inertial Measurement Unit Data:
  Acceleration: X=0.089 Y=-0.168 Z=10.008 m/s²
  Gyroscope:    X=0.003 Y=-0.008 Z=-0.002 rad/s
  Quaternion:   X=-0.011 Y=-0.005 Z=-0.575 W=0.818

[IMU] Inertial Measurement Unit Data:
  Acceleration: X=0.080 Y=-0.210 Z=9.927 m/s²
  Gyroscope:    X=0.003 Y=-0.009 Z=-0.002 rad/s
  Quaternion:   X=-0.011 Y=-0.005 Z=-0.575 W=0.818

[IMU] Inertial Measurement Unit Data:
  Acceleration: X=0.044 Y=-0.181 Z=9.943 m/s²
  Gyroscope:    X=0.003 Y=-0.007 Z=-0.003 rad/s
  Quaternion:   X=-0.011 Y=-0.005 Z=-0.575 W=0.818

[IMU] Inertial Measurement Unit Data:
  Acceleration: X=0.051 Y=-0.206 Z=10.019 m/s²
  Gyroscope:    X=0.003 Y=-0.007 Z=-0.000 rad/s
  Quaternion:   X=-0.011 Y=-0.005 Z=-0.575 W=0.818

[IMU] Inertial Measurement Unit Data:
  Acceleration: X=0.083 Y=-0.173 Z=9.958 m/s²
  Gyroscope:    X=0.003 Y=-0.007 Z=-0.003 rad/s
  Quaternion:   X=-0.011 Y=-0.005 Z=-0.575 W=0.818

[IMU] Inertial Measurement Unit Data:
  Acceleration: X=0.048 Y=-0.179 Z=9.955 m/s²
  Gyroscope:    X=0.002 Y=-0.007 Z=-0.001 rad/s
  Quaternion:   X=-0.011 Y=-0.005 Z=-0.575 W=0.818

[IMU] Inertial Measurement Unit Data:
  Acceleration: X=0.070 Y=-0.179 Z=9.947 m/s²
  Gyroscope:    X=0.002 Y=-0.009 Z=-0.001 rad/s
  Quaternion:   X=-0.011 Y=-0.005 Z=-0.575 W=0.818

[IMU] Inertial Measurement Unit Data:
  Acceleration: X=0.054 Y=-0.191 Z=9.964 m/s²
  Gyroscope:    X=0.003 Y=-0.008 Z=-0.002 rad/s
  Quaternion:   X=-0.011 Y=-0.005 Z=-0.575 W=0.818

[IMU] Inertial Measurement Unit Data:
  Acceleration: X=0.064 Y=-0.172 Z=9.955 m/s²
  Gyroscope:    X=0.004 Y=-0.007 Z=-0.002 rad/s
  Quaternion:   X=-0.011 Y=-0.005 Z=-0.575 W=0.818

[IMU] Inertial Measurement Unit Data:
  Acceleration: X=0.056 Y=-0.202 Z=9.972 m/s²
  Gyroscope:    X=0.003 Y=-0.007 Z=-0.003 rad/s
  Quaternion:   X=-0.011 Y=-0.005 Z=-0.575 W=0.818

[IMU] Inertial Measurement Unit Data:
  Acceleration: X=0.059 Y=-0.173 Z=9.930 m/s²
  Gyroscope:    X=0.004 Y=-0.007 Z=-0.001 rad/s
  Quaternion:   X=-0.011 Y=-0.005 Z=-0.575 W=0.818

[IMU] Inertial Measurement Unit Data:
  Acceleration: X=0.082 Y=-0.205 Z=9.973 m/s²
  Gyroscope:    X=0.003 Y=-0.006 Z=-0.002 rad/s
  Quaternion:   X=-0.011 Y=-0.005 Z=-0.575 W=0.818

[IMU] Inertial Measurement Unit Data:
  Acceleration: X=0.059 Y=-0.167 Z=9.992 m/s²
  Gyroscope:    X=0.003 Y=-0.006 Z=-0.003 rad/s
  Quaternion:   X=-0.011 Y=-0.005 Z=-0.575 W=0.818

[IMU] Inertial Measurement Unit Data:
  Acceleration: X=0.071 Y=-0.170 Z=9.936 m/s²
  Gyroscope:    X=0.003 Y=-0.007 Z=-0.001 rad/s
  Quaternion:   X=-0.011 Y=-0.005 Z=-0.575 W=0.818

[IMU] Inertial Measurement Unit Data:
  Acceleration: X=0.058 Y=-0.196 Z=9.964 m/s²
  Gyroscope:    X=0.004 Y=-0.009 Z=-0.002 rad/s
  Quaternion:   X=-0.011 Y=-0.005 Z=-0.575 W=0.818

[IMU] Inertial Measurement Unit Data:
  Acceleration: X=0.076 Y=-0.175 Z=10.011 m/s²
  Gyroscope:    X=0.003 Y=-0.006 Z=-0.001 rad/s
  Quaternion:   X=-0.011 Y=-0.005 Z=-0.575 W=0.818

[IMU] Inertial Measurement Unit Data:
  Acceleration: X=0.071 Y=-0.167 Z=9.967 m/s²
  Gyroscope:    X=0.003 Y=-0.007 Z=-0.002 rad/s
  Quaternion:   X=-0.011 Y=-0.005 Z=-0.575 W=0.818

[IMU] Inertial Measurement Unit Data:
  Acceleration: X=0.090 Y=-0.187 Z=9.911 m/s²
  Gyroscope:    X=0.002 Y=-0.007 Z=-0.003 rad/s
  Quaternion:   X=-0.011 Y=-0.005 Z=-0.575 W=0.818

[IMU] Inertial Measurement Unit Data:
  Acceleration: X=0.059 Y=-0.191 Z=10.006 m/s²
  Gyroscope:    X=0.002 Y=-0.006 Z=-0.002 rad/s
  Quaternion:   X=-0.011 Y=-0.005 Z=-0.575 W=0.818

[IMU] Inertial Measurement Unit Data:
  Acceleration: X=0.054 Y=-0.197 Z=9.989 m/s²
  Gyroscope:    X=0.001 Y=-0.008 Z=-0.002 rad/s
  Quaternion:   X=-0.011 Y=-0.005 Z=-0.575 W=0.818

[IMU] Inertial Measurement Unit Data:
  Acceleration: X=0.070 Y=-0.159 Z=9.925 m/s²
  Gyroscope:    X=0.003 Y=-0.006 Z=-0.002 rad/s
  Quaternion:   X=-0.011 Y=-0.005 Z=-0.575 W=0.818

[IMU] Inertial Measurement Unit Data:
  Acceleration: X=0.046 Y=-0.197 Z=9.926 m/s²
  Gyroscope:    X=0.003 Y=-0.007 Z=-0.001 rad/s
  Quaternion:   X=-0.011 Y=-0.005 Z=-0.575 W=0.818

[IMU] Inertial Measurement Unit Data:
  Acceleration: X=0.057 Y=-0.162 Z=10.002 m/s²
  Gyroscope:    X=0.003 Y=-0.006 Z=-0.002 rad/s
  Quaternion:   X=-0.011 Y=-0.005 Z=-0.575 W=0.818

[IMU] Inertial Measurement Unit Data:
  Acceleration: X=0.080 Y=-0.170 Z=9.989 m/s²
  Gyroscope:    X=0.003 Y=-0.008 Z=-0.002 rad/s
  Quaternion:   X=-0.011 Y=-0.005 Z=-0.575 W=0.818

[IMU] Inertial Measurement Unit Data:
  Acceleration: X=0.060 Y=-0.204 Z=9.947 m/s²
  Gyroscope:    X=0.004 Y=-0.006 Z=-0.002 rad/s
  Quaternion:   X=-0.011 Y=-0.005 Z=-0.575 W=0.818

[IMU] Inertial Measurement Unit Data:
  Acceleration: X=0.063 Y=-0.167 Z=9.946 m/s²
  Gyroscope:    X=0.002 Y=-0.007 Z=-0.003 rad/s
  Quaternion:   X=-0.011 Y=-0.005 Z=-0.575 W=0.818

[IMU] Inertial Measurement Unit Data:
  Acceleration: X=0.076 Y=-0.172 Z=9.998 m/s²
  Gyroscope:    X=0.003 Y=-0.006 Z=-0.001 rad/s
  Quaternion:   X=-0.011 Y=-0.005 Z=-0.575 W=0.818

[IMU] Inertial Measurement Unit Data:
  Acceleration: X=0.065 Y=-0.180 Z=9.955 m/s²
  Gyroscope:    X=0.003 Y=-0.007 Z=-0.001 rad/s
  Quaternion:   X=-0.011 Y=-0.005 Z=-0.575 W=0.818

[IMU] Inertial Measurement Unit Data:
  Acceleration: X=0.080 Y=-0.178 Z=9.937 m/s²
  Gyroscope:    X=0.003 Y=-0.007 Z=-0.002 rad/s
  Quaternion:   X=-0.011 Y=-0.005 Z=-0.575 W=0.818

[IMU] Inertial Measurement Unit Data:
  Acceleration: X=0.054 Y=-0.173 Z=9.956 m/s²
  Gyroscope:    X=0.003 Y=-0.007 Z=-0.001 rad/s
  Quaternion:   X=-0.011 Y=-0.005 Z=-0.575 W=0.818

[IMU] Inertial Measurement Unit Data:
  Acceleration: X=0.056 Y=-0.191 Z=10.001 m/s²
  Gyroscope:    X=0.002 Y=-0.007 Z=-0.002 rad/s
  Quaternion:   X=-0.011 Y=-0.005 Z=-0.575 W=0.818

[IMU] Inertial Measurement Unit Data:
  Acceleration: X=0.063 Y=-0.189 Z=9.960 m/s²
  Gyroscope:    X=0.004 Y=-0.007 Z=-0.002 rad/s
  Quaternion:   X=-0.011 Y=-0.005 Z=-0.575 W=0.818

[IMU] Inertial Measurement Unit Data:
  Acceleration: X=0.052 Y=-0.207 Z=9.948 m/s²
  Gyroscope:    X=0.002 Y=-0.006 Z=-0.002 rad/s
  Quaternion:   X=-0.011 Y=-0.005 Z=-0.575 W=0.818

[IMU] Inertial Measurement Unit Data:
  Acceleration: X=0.071 Y=-0.179 Z=9.999 m/s²
  Gyroscope:    X=0.003 Y=-0.007 Z=-0.002 rad/s
  Quaternion:   X=-0.011 Y=-0.005 Z=-0.575 W=0.818

[IMU] Inertial Measurement Unit Data:
  Acceleration: X=0.065 Y=-0.184 Z=9.978 m/s²
  Gyroscope:    X=0.003 Y=-0.007 Z=-0.002 rad/s
  Quaternion:   X=-0.011 Y=-0.005 Z=-0.575 W=0.818

[IMU] Inertial Measurement Unit Data:
  Acceleration: X=0.076 Y=-0.182 Z=9.911 m/s²
  Gyroscope:    X=0.002 Y=-0.007 Z=-0.002 rad/s
  Quaternion:   X=-0.011 Y=-0.005 Z=-0.575 W=0.818

[IMU] Inertial Measurement Unit Data:
  Acceleration: X=0.060 Y=-0.193 Z=9.971 m/s²
  Gyroscope:    X=0.003 Y=-0.007 Z=-0.001 rad/s
  Quaternion:   X=-0.011 Y=-0.005 Z=-0.575 W=0.818

[IMU] Inertial Measurement Unit Data:
  Acceleration: X=0.042 Y=-0.178 Z=9.994 m/s²
  Gyroscope:    X=0.003 Y=-0.007 Z=-0.002 rad/s
  Quaternion:   X=-0.011 Y=-0.005 Z=-0.575 W=0.818

[IMU] Inertial Measurement Unit Data:
  Acceleration: X=0.070 Y=-0.175 Z=9.967 m/s²
  Gyroscope:    X=0.002 Y=-0.007 Z=-0.002 rad/s
  Quaternion:   X=-0.011 Y=-0.005 Z=-0.575 W=0.818

[IMU] Inertial Measurement Unit Data:
  Acceleration: X=0.080 Y=-0.212 Z=9.918 m/s²
  Gyroscope:    X=0.004 Y=-0.007 Z=-0.002 rad/s
  Quaternion:   X=-0.011 Y=-0.005 Z=-0.575 W=0.818

[IMU] Inertial Measurement Unit Data:
  Acceleration: X=0.051 Y=-0.184 Z=9.997 m/s²
  Gyroscope:    X=0.003 Y=-0.007 Z=-0.002 rad/s
  Quaternion:   X=-0.011 Y=-0.005 Z=-0.575 W=0.818

[IMU] Inertial Measurement Unit Data:
  Acceleration: X=0.046 Y=-0.189 Z=9.959 m/s²
  Gyroscope:    X=0.004 Y=-0.007 Z=-0.002 rad/s
  Quaternion:   X=-0.011 Y=-0.005 Z=-0.575 W=0.818

[IMU] Inertial Measurement Unit Data:
  Acceleration: X=0.080 Y=-0.165 Z=9.946 m/s²
  Gyroscope:    X=0.003 Y=-0.007 Z=-0.001 rad/s
  Quaternion:   X=-0.011 Y=-0.005 Z=-0.575 W=0.818

[IMU] Inertial Measurement Unit Data:
  Acceleration: X=0.059 Y=-0.201 Z=9.949 m/s²
  Gyroscope:    X=0.003 Y=-0.008 Z=-0.001 rad/s
  Quaternion:   X=-0.011 Y=-0.005 Z=-0.575 W=0.818

[IMU] Inertial Measurement Unit Data:
  Acceleration: X=0.071 Y=-0.191 Z=9.989 m/s²
  Gyroscope:    X=0.003 Y=-0.008 Z=-0.002 rad/s
  Quaternion:   X=-0.011 Y=-0.005 Z=-0.575 W=0.818

[IMU] Inertial Measurement Unit Data:
  Acceleration: X=0.064 Y=-0.174 Z=9.991 m/s²
  Gyroscope:    X=0.004 Y=-0.006 Z=-0.001 rad/s
  Quaternion:   X=-0.011 Y=-0.005 Z=-0.575 W=0.818

[IMU] Inertial Measurement Unit Data:
  Acceleration: X=0.063 Y=-0.202 Z=9.918 m/s²
  Gyroscope:    X=0.003 Y=-0.007 Z=-0.001 rad/s
  Quaternion:   X=-0.011 Y=-0.005 Z=-0.575 W=0.818

[IMU] Inertial Measurement Unit Data:
  Acceleration: X=0.071 Y=-0.156 Z=9.966 m/s²
  Gyroscope:    X=0.003 Y=-0.006 Z=-0.001 rad/s
  Quaternion:   X=-0.011 Y=-0.005 Z=-0.575 W=0.818

[IMU] Inertial Measurement Unit Data:
  Acceleration: X=0.054 Y=-0.205 Z=9.984 m/s²
  Gyroscope:    X=0.003 Y=-0.006 Z=-0.001 rad/s
  Quaternion:   X=-0.011 Y=-0.005 Z=-0.575 W=0.818

[IMU] Inertial Measurement Unit Data:
  Acceleration: X=0.050 Y=-0.172 Z=9.967 m/s²
  Gyroscope:    X=0.003 Y=-0.007 Z=-0.003 rad/s
  Quaternion:   X=-0.011 Y=-0.005 Z=-0.575 W=0.818

[IMU] Inertial Measurement Unit Data:
  Acceleration: X=0.075 Y=-0.196 Z=9.954 m/s²
  Gyroscope:    X=0.002 Y=-0.007 Z=-0.002 rad/s
  Quaternion:   X=-0.011 Y=-0.005 Z=-0.575 W=0.818

[IMU] Inertial Measurement Unit Data:
  Acceleration: X=0.054 Y=-0.174 Z=9.999 m/s²
  Gyroscope:    X=0.002 Y=-0.006 Z=-0.001 rad/s
  Quaternion:   X=-0.011 Y=-0.005 Z=-0.575 W=0.818

[IMU] Inertial Measurement Unit Data:
  Acceleration: X=0.071 Y=-0.202 Z=9.958 m/s²
  Gyroscope:    X=0.003 Y=-0.008 Z=-0.001 rad/s
  Quaternion:   X=-0.011 Y=-0.005 Z=-0.575 W=0.818

[IMU] Inertial Measurement Unit Data:
  Acceleration: X=0.072 Y=-0.159 Z=9.946 m/s²
  Gyroscope:    X=0.003 Y=-0.007 Z=-0.002 rad/s
  Quaternion:   X=-0.011 Y=-0.005 Z=-0.575 W=0.818

[IMU] Inertial Measurement Unit Data:
  Acceleration: X=0.058 Y=-0.193 Z=9.970 m/s²
  Gyroscope:    X=0.003 Y=-0.007 Z=-0.004 rad/s
  Quaternion:   X=-0.011 Y=-0.005 Z=-0.575 W=0.818

[IMU] Inertial Measurement Unit Data:
  Acceleration: X=0.077 Y=-0.163 Z=9.960 m/s²
  Gyroscope:    X=0.003 Y=-0.006 Z=-0.002 rad/s
  Quaternion:   X=-0.011 Y=-0.005 Z=-0.575 W=0.818

[IMU] Inertial Measurement Unit Data:
  Acceleration: X=0.065 Y=-0.186 Z=9.946 m/s²
  Gyroscope:    X=0.003 Y=-0.006 Z=-0.003 rad/s
  Quaternion:   X=-0.011 Y=-0.005 Z=-0.575 W=0.818

[IMU] Inertial Measurement Unit Data:
  Acceleration: X=0.071 Y=-0.190 Z=9.949 m/s²
  Gyroscope:    X=0.004 Y=-0.009 Z=-0.002 rad/s
  Quaternion:   X=-0.011 Y=-0.005 Z=-0.575 W=0.818

[IMU] Inertial Measurement Unit Data:
  Acceleration: X=0.059 Y=-0.184 Z=9.954 m/s²
  Gyroscope:    X=0.002 Y=-0.008 Z=-0.002 rad/s
  Quaternion:   X=-0.011 Y=-0.005 Z=-0.575 W=0.818

[IMU] Inertial Measurement Unit Data:
  Acceleration: X=0.071 Y=-0.176 Z=9.986 m/s²
  Gyroscope:    X=0.003 Y=-0.007 Z=-0.002 rad/s
  Quaternion:   X=-0.011 Y=-0.005 Z=-0.575 W=0.818

[IMU] Inertial Measurement Unit Data:
  Acceleration: X=0.065 Y=-0.189 Z=9.955 m/s²
  Gyroscope:    X=0.003 Y=-0.006 Z=-0.001 rad/s
  Quaternion:   X=-0.011 Y=-0.005 Z=-0.575 W=0.818

[IMU] Inertial Measurement Unit Data:
  Acceleration: X=0.071 Y=-0.185 Z=9.958 m/s²
  Gyroscope:    X=0.003 Y=-0.007 Z=-0.001 rad/s
  Quaternion:   X=-0.011 Y=-0.005 Z=-0.575 W=0.818

[IMU] Inertial Measurement Unit Data:
  Acceleration: X=0.065 Y=-0.159 Z=9.977 m/s²
  Gyroscope:    X=0.003 Y=-0.007 Z=-0.003 rad/s
  Quaternion:   X=-0.011 Y=-0.005 Z=-0.575 W=0.818

[IMU] Inertial Measurement Unit Data:
  Acceleration: X=0.048 Y=-0.180 Z=9.949 m/s²
  Gyroscope:    X=0.003 Y=-0.008 Z=-0.002 rad/s
  Quaternion:   X=-0.011 Y=-0.005 Z=-0.575 W=0.818

[IMU] Inertial Measurement Unit Data:
  Acceleration: X=0.076 Y=-0.168 Z=9.941 m/s²
  Gyroscope:    X=0.004 Y=-0.008 Z=-0.003 rad/s
  Quaternion:   X=-0.011 Y=-0.005 Z=-0.575 W=0.818

[IMU] Inertial Measurement Unit Data:
  Acceleration: X=0.059 Y=-0.201 Z=9.942 m/s²
  Gyroscope:    X=0.003 Y=-0.008 Z=-0.001 rad/s
  Quaternion:   X=-0.011 Y=-0.005 Z=-0.575 W=0.818

[IMU] Inertial Measurement Unit Data:
  Acceleration: X=0.081 Y=-0.173 Z=9.960 m/s²
  Gyroscope:    X=0.003 Y=-0.008 Z=-0.002 rad/s
  Quaternion:   X=-0.011 Y=-0.005 Z=-0.575 W=0.818

[IMU] Inertial Measurement Unit Data:
  Acceleration: X=0.092 Y=-0.197 Z=9.959 m/s²
  Gyroscope:    X=0.003 Y=-0.007 Z=-0.002 rad/s
  Quaternion:   X=-0.011 Y=-0.005 Z=-0.575 W=0.818

[IMU] Inertial Measurement Unit Data:
  Acceleration: X=0.074 Y=-0.180 Z=9.967 m/s²
  Gyroscope:    X=0.004 Y=-0.007 Z=-0.002 rad/s
  Quaternion:   X=-0.011 Y=-0.005 Z=-0.575 W=0.818

[IMU] Inertial Measurement Unit Data:
  Acceleration: X=0.083 Y=-0.191 Z=9.990 m/s²
  Gyroscope:    X=0.003 Y=-0.008 Z=-0.002 rad/s
  Quaternion:   X=-0.011 Y=-0.005 Z=-0.575 W=0.818

[IMU] Inertial Measurement Unit Data:
  Acceleration: X=0.053 Y=-0.182 Z=9.980 m/s²
  Gyroscope:    X=0.002 Y=-0.007 Z=-0.002 rad/s
  Quaternion:   X=-0.011 Y=-0.005 Z=-0.575 W=0.818

[IMU] Inertial Measurement Unit Data:
  Acceleration: X=0.044 Y=-0.184 Z=9.916 m/s²
  Gyroscope:    X=0.003 Y=-0.007 Z=-0.002 rad/s
  Quaternion:   X=-0.011 Y=-0.005 Z=-0.575 W=0.818

[IMU] Inertial Measurement Unit Data:
  Acceleration: X=0.062 Y=-0.192 Z=9.964 m/s²
  Gyroscope:    X=0.003 Y=-0.008 Z=-0.002 rad/s
  Quaternion:   X=-0.011 Y=-0.005 Z=-0.575 W=0.818

[IMU] Inertial Measurement Unit Data:
  Acceleration: X=0.056 Y=-0.182 Z=9.984 m/s²
  Gyroscope:    X=0.003 Y=-0.007 Z=-0.002 rad/s
  Quaternion:   X=-0.011 Y=-0.005 Z=-0.575 W=0.818

[IMU] Inertial Measurement Unit Data:
  Acceleration: X=0.060 Y=-0.165 Z=9.950 m/s²
  Gyroscope:    X=0.004 Y=-0.007 Z=-0.002 rad/s
  Quaternion:   X=-0.011 Y=-0.005 Z=-0.575 W=0.818

[IMU] Inertial Measurement Unit Data:
  Acceleration: X=0.075 Y=-0.180 Z=9.985 m/s²
  Gyroscope:    X=0.003 Y=-0.007 Z=-0.002 rad/s
  Quaternion:   X=-0.011 Y=-0.005 Z=-0.575 W=0.818

[IMU] Inertial Measurement Unit Data:
  Acceleration: X=0.044 Y=-0.191 Z=9.976 m/s²
  Gyroscope:    X=0.002 Y=-0.007 Z=-0.002 rad/s
  Quaternion:   X=-0.011 Y=-0.005 Z=-0.575 W=0.818

[IMU] Inertial Measurement Unit Data:
  Acceleration: X=0.054 Y=-0.197 Z=9.955 m/s²
  Gyroscope:    X=0.003 Y=-0.007 Z=-0.002 rad/s
  Quaternion:   X=-0.011 Y=-0.005 Z=-0.575 W=0.818

[IMU] Inertial Measurement Unit Data:
  Acceleration: X=0.066 Y=-0.184 Z=9.953 m/s²
  Gyroscope:    X=0.003 Y=-0.006 Z=-0.002 rad/s
  Quaternion:   X=-0.011 Y=-0.005 Z=-0.575 W=0.818

[IMU] Inertial Measurement Unit Data:
  Acceleration: X=0.059 Y=-0.187 Z=9.995 m/s²
  Gyroscope:    X=0.002 Y=-0.006 Z=-0.002 rad/s
  Quaternion:   X=-0.011 Y=-0.005 Z=-0.575 W=0.818

[IMU] Inertial Measurement Unit Data:
  Acceleration: X=0.070 Y=-0.164 Z=9.948 m/s²
  Gyroscope:    X=0.003 Y=-0.008 Z=-0.003 rad/s
  Quaternion:   X=-0.011 Y=-0.005 Z=-0.575 W=0.818

[IMU] Inertial Measurement Unit Data:
  Acceleration: X=0.064 Y=-0.185 Z=9.929 m/s²
  Gyroscope:    X=0.003 Y=-0.007 Z=-0.002 rad/s
  Quaternion:   X=-0.011 Y=-0.005 Z=-0.575 W=0.818

[IMU] Inertial Measurement Unit Data:
  Acceleration: X=0.060 Y=-0.175 Z=10.015 m/s²
  Gyroscope:    X=0.004 Y=-0.008 Z=-0.002 rad/s
  Quaternion:   X=-0.011 Y=-0.005 Z=-0.575 W=0.818

[IMU] Inertial Measurement Unit Data:
  Acceleration: X=0.054 Y=-0.194 Z=9.977 m/s²
  Gyroscope:    X=0.004 Y=-0.008 Z=-0.002 rad/s
  Quaternion:   X=-0.011 Y=-0.005 Z=-0.575 W=0.818

[IMU] Inertial Measurement Unit Data:
  Acceleration: X=0.074 Y=-0.171 Z=9.934 m/s²
  Gyroscope:    X=0.003 Y=-0.006 Z=-0.002 rad/s
  Quaternion:   X=-0.011 Y=-0.005 Z=-0.575 W=0.818

[IMU] Inertial Measurement Unit Data:
  Acceleration: X=0.077 Y=-0.173 Z=9.987 m/s²
  Gyroscope:    X=0.003 Y=-0.007 Z=-0.000 rad/s
  Quaternion:   X=-0.011 Y=-0.005 Z=-0.575 W=0.818

[IMU] Inertial Measurement Unit Data:
  Acceleration: X=0.084 Y=-0.181 Z=10.010 m/s²
  Gyroscope:    X=0.003 Y=-0.008 Z=-0.002 rad/s
  Quaternion:   X=-0.011 Y=-0.005 Z=-0.575 W=0.818

[IMU] Inertial Measurement Unit Data:
  Acceleration: X=0.063 Y=-0.196 Z=9.960 m/s²
  Gyroscope:    X=0.003 Y=-0.008 Z=-0.002 rad/s
  Quaternion:   X=-0.011 Y=-0.005 Z=-0.575 W=0.818

[IMU] Inertial Measurement Unit Data:
  Acceleration: X=0.068 Y=-0.189 Z=9.940 m/s²
  Gyroscope:    X=0.003 Y=-0.006 Z=-0.002 rad/s
  Quaternion:   X=-0.011 Y=-0.005 Z=-0.575 W=0.818

[IMU] Inertial Measurement Unit Data:
  Acceleration: X=0.066 Y=-0.201 Z=9.945 m/s²
  Gyroscope:    X=0.003 Y=-0.008 Z=-0.002 rad/s
  Quaternion:   X=-0.011 Y=-0.005 Z=-0.575 W=0.818

[IMU] Inertial Measurement Unit Data:
  Acceleration: X=0.044 Y=-0.200 Z=9.972 m/s²
  Gyroscope:    X=0.003 Y=-0.008 Z=-0.002 rad/s
  Quaternion:   X=-0.011 Y=-0.005 Z=-0.575 W=0.818

[IMU] Inertial Measurement Unit Data:
  Acceleration: X=0.068 Y=-0.184 Z=9.982 m/s²
  Gyroscope:    X=0.003 Y=-0.007 Z=-0.001 rad/s
  Quaternion:   X=-0.011 Y=-0.005 Z=-0.575 W=0.818

[IMU] Inertial Measurement Unit Data:
  Acceleration: X=0.053 Y=-0.193 Z=9.949 m/s²
  Gyroscope:    X=0.003 Y=-0.007 Z=-0.002 rad/s
  Quaternion:   X=-0.011 Y=-0.005 Z=-0.575 W=0.818

[IMU] Inertial Measurement Unit Data:
  Acceleration: X=0.063 Y=-0.173 Z=9.947 m/s²
  Gyroscope:    X=0.003 Y=-0.007 Z=-0.002 rad/s
  Quaternion:   X=-0.011 Y=-0.005 Z=-0.575 W=0.818

[IMU] Inertial Measurement Unit Data:
  Acceleration: X=0.070 Y=-0.185 Z=9.997 m/s²
  Gyroscope:    X=0.003 Y=-0.008 Z=-0.002 rad/s
  Quaternion:   X=-0.011 Y=-0.005 Z=-0.575 W=0.818

[IMU] Inertial Measurement Unit Data:
  Acceleration: X=0.069 Y=-0.186 Z=9.967 m/s²
  Gyroscope:    X=0.003 Y=-0.007 Z=-0.001 rad/s
  Quaternion:   X=-0.011 Y=-0.005 Z=-0.575 W=0.818

[IMU] Inertial Measurement Unit Data:
  Acceleration: X=0.062 Y=-0.172 Z=9.947 m/s²
  Gyroscope:    X=0.003 Y=-0.007 Z=-0.002 rad/s
  Quaternion:   X=-0.011 Y=-0.005 Z=-0.575 W=0.818

[IMU] Inertial Measurement Unit Data:
  Acceleration: X=0.051 Y=-0.193 Z=9.983 m/s²
  Gyroscope:    X=0.005 Y=-0.006 Z=-0.002 rad/s
  Quaternion:   X=-0.011 Y=-0.005 Z=-0.575 W=0.818

[IMU] Inertial Measurement Unit Data:
  Acceleration: X=0.063 Y=-0.180 Z=9.989 m/s²
  Gyroscope:    X=0.003 Y=-0.008 Z=-0.002 rad/s
  Quaternion:   X=-0.011 Y=-0.005 Z=-0.575 W=0.818

[IMU] Inertial Measurement Unit Data:
  Acceleration: X=0.069 Y=-0.181 Z=9.944 m/s²
  Gyroscope:    X=0.004 Y=-0.006 Z=-0.003 rad/s
  Quaternion:   X=-0.011 Y=-0.005 Z=-0.575 W=0.818

[IMU] Inertial Measurement Unit Data:
  Acceleration: X=0.029 Y=-0.167 Z=9.977 m/s²
  Gyroscope:    X=0.002 Y=-0.007 Z=-0.001 rad/s
  Quaternion:   X=-0.011 Y=-0.005 Z=-0.575 W=0.818

[IMU] Inertial Measurement Unit Data:
  Acceleration: X=0.084 Y=-0.175 Z=9.977 m/s²
  Gyroscope:    X=0.004 Y=-0.007 Z=-0.002 rad/s
  Quaternion:   X=-0.011 Y=-0.005 Z=-0.575 W=0.818

[IMU] Inertial Measurement Unit Data:
  Acceleration: X=0.034 Y=-0.183 Z=9.930 m/s²
  Gyroscope:    X=0.003 Y=-0.008 Z=-0.002 rad/s
  Quaternion:   X=-0.011 Y=-0.005 Z=-0.575 W=0.818

[STATE] Robot State Data:
  Head Angle: -1.220°, Direction: 1
  Lights: Front=2 Back=2
  Speed Level: 1, E-Stop: SW=1 HW=1
  Motion: Status=2 Mode=1
  Battery: 1=69% 2=69%
  Speed: Linear=0.000 Trans=0.000 Angular=-0.002
  Odometry: 0.000 m
  Joint Temperatures: 
    fr3: 34.000°C
    fr2: 35.000°C
    bl1: 34.000°C
    fl4: 34.000°C
    bl3: 33.000°C
    bl2: 33.000°C
    br1: 35.000°C
    bl4: 33.000°C
    br4: 33.000°C
    fr4: 34.000°C
    fl1: 35.000°C
    fl2: 34.000°C
    br2: 33.000°C
    fl3: 33.000°C
    br3: 33.000°C
    fr1: 36.000°C

[IMU] Inertial Measurement Unit Data:
  Acceleration: X=0.072 Y=-0.198 Z=9.958 m/s²
  Gyroscope:    X=0.003 Y=-0.006 Z=-0.003 rad/s
  Quaternion:   X=-0.011 Y=-0.005 Z=-0.575 W=0.818

[IMU] Inertial Measurement Unit Data:
  Acceleration: X=0.059 Y=-0.190 Z=9.985 m/s²
  Gyroscope:    X=0.002 Y=-0.010 Z=-0.002 rad/s
  Quaternion:   X=-0.011 Y=-0.005 Z=-0.575 W=0.818

[IMU] Inertial Measurement Unit Data:
  Acceleration: X=0.063 Y=-0.178 Z=9.947 m/s²
  Gyroscope:    X=0.003 Y=-0.008 Z=-0.003 rad/s
  Quaternion:   X=-0.011 Y=-0.005 Z=-0.575 W=0.818

[IMU] Inertial Measurement Unit Data:
  Acceleration: X=0.092 Y=-0.198 Z=9.942 m/s²
  Gyroscope:    X=0.004 Y=-0.007 Z=-0.002 rad/s
  Quaternion:   X=-0.011 Y=-0.005 Z=-0.575 W=0.818

[IMU] Inertial Measurement Unit Data:
  Acceleration: X=0.050 Y=-0.175 Z=9.986 m/s²
  Gyroscope:    X=0.002 Y=-0.007 Z=-0.003 rad/s
  Quaternion:   X=-0.011 Y=-0.005 Z=-0.575 W=0.818

[IMU] Inertial Measurement Unit Data:
  Acceleration: X=0.080 Y=-0.182 Z=9.986 m/s²
  Gyroscope:    X=0.002 Y=-0.007 Z=-0.002 rad/s
  Quaternion:   X=-0.011 Y=-0.005 Z=-0.575 W=0.818

[IMU] Inertial Measurement Unit Data:
  Acceleration: X=0.075 Y=-0.168 Z=9.959 m/s²
  Gyroscope:    X=0.003 Y=-0.007 Z=-0.002 rad/s
  Quaternion:   X=-0.011 Y=-0.005 Z=-0.575 W=0.818

[IMU] Inertial Measurement Unit Data:
  Acceleration: X=0.059 Y=-0.200 Z=9.963 m/s²
  Gyroscope:    X=0.003 Y=-0.007 Z=-0.002 rad/s
  Quaternion:   X=-0.011 Y=-0.005 Z=-0.575 W=0.818

[IMU] Inertial Measurement Unit Data:
  Acceleration: X=0.088 Y=-0.167 Z=9.992 m/s²
  Gyroscope:    X=0.003 Y=-0.007 Z=-0.002 rad/s
  Quaternion:   X=-0.011 Y=-0.005 Z=-0.575 W=0.818

[IMU] Inertial Measurement Unit Data:
  Acceleration: X=0.068 Y=-0.180 Z=9.930 m/s²
  Gyroscope:    X=0.002 Y=-0.007 Z=-0.002 rad/s
  Quaternion:   X=-0.011 Y=-0.005 Z=-0.575 W=0.818

[IMU] Inertial Measurement Unit Data:
  Acceleration: X=0.077 Y=-0.176 Z=9.947 m/s²
  Gyroscope:    X=0.004 Y=-0.007 Z=-0.002 rad/s
  Quaternion:   X=-0.011 Y=-0.005 Z=-0.575 W=0.818

[IMU] Inertial Measurement Unit Data:
  Acceleration: X=0.053 Y=-0.168 Z=9.986 m/s²
  Gyroscope:    X=0.003 Y=-0.007 Z=-0.002 rad/s
  Quaternion:   X=-0.011 Y=-0.005 Z=-0.575 W=0.818

[IMU] Inertial Measurement Unit Data:
  Acceleration: X=0.083 Y=-0.173 Z=9.993 m/s²
  Gyroscope:    X=0.003 Y=-0.006 Z=-0.002 rad/s
  Quaternion:   X=-0.011 Y=-0.005 Z=-0.575 W=0.818

[IMU] Inertial Measurement Unit Data:
  Acceleration: X=0.054 Y=-0.207 Z=9.894 m/s²
  Gyroscope:    X=0.003 Y=-0.007 Z=-0.002 rad/s
  Quaternion:   X=-0.011 Y=-0.005 Z=-0.575 W=0.818

[IMU] Inertial Measurement Unit Data:
  Acceleration: X=0.082 Y=-0.172 Z=9.975 m/s²
  Gyroscope:    X=0.001 Y=-0.008 Z=-0.002 rad/s
  Quaternion:   X=-0.011 Y=-0.005 Z=-0.575 W=0.818

[IMU] Inertial Measurement Unit Data:
  Acceleration: X=0.037 Y=-0.168 Z=10.009 m/s²
  Gyroscope:    X=0.003 Y=-0.006 Z=-0.001 rad/s
  Quaternion:   X=-0.011 Y=-0.005 Z=-0.575 W=0.818

[IMU] Inertial Measurement Unit Data:
  Acceleration: X=0.098 Y=-0.193 Z=9.961 m/s²
  Gyroscope:    X=0.004 Y=-0.009 Z=-0.002 rad/s
  Quaternion:   X=-0.011 Y=-0.005 Z=-0.575 W=0.818

[IMU] Inertial Measurement Unit Data:
  Acceleration: X=0.064 Y=-0.174 Z=9.927 m/s²
  Gyroscope:    X=0.003 Y=-0.007 Z=-0.002 rad/s
  Quaternion:   X=-0.011 Y=-0.005 Z=-0.575 W=0.818

[IMU] Inertial Measurement Unit Data:
  Acceleration: X=0.063 Y=-0.185 Z=9.997 m/s²
  Gyroscope:    X=0.002 Y=-0.006 Z=-0.002 rad/s
  Quaternion:   X=-0.011 Y=-0.005 Z=-0.575 W=0.818

[IMU] Inertial Measurement Unit Data:
  Acceleration: X=0.080 Y=-0.195 Z=10.010 m/s²
  Gyroscope:    X=0.004 Y=-0.008 Z=-0.002 rad/s
  Quaternion:   X=-0.011 Y=-0.005 Z=-0.575 W=0.818

[IMU] Inertial Measurement Unit Data:
  Acceleration: X=0.068 Y=-0.172 Z=9.912 m/s²
  Gyroscope:    X=0.004 Y=-0.007 Z=-0.002 rad/s
  Quaternion:   X=-0.011 Y=-0.005 Z=-0.575 W=0.818

[IMU] Inertial Measurement Unit Data:
  Acceleration: X=0.060 Y=-0.193 Z=9.955 m/s²
  Gyroscope:    X=0.003 Y=-0.007 Z=-0.002 rad/s
  Quaternion:   X=-0.011 Y=-0.005 Z=-0.575 W=0.818

[IMU] Inertial Measurement Unit Data:
  Acceleration: X=0.064 Y=-0.200 Z=9.991 m/s²
  Gyroscope:    X=0.003 Y=-0.006 Z=-0.001 rad/s
  Quaternion:   X=-0.011 Y=-0.005 Z=-0.575 W=0.818

[IMU] Inertial Measurement Unit Data:
  Acceleration: X=0.074 Y=-0.159 Z=9.969 m/s²
  Gyroscope:    X=0.004 Y=-0.007 Z=-0.001 rad/s
  Quaternion:   X=-0.011 Y=-0.005 Z=-0.575 W=0.818

[IMU] Inertial Measurement Unit Data:
  Acceleration: X=0.075 Y=-0.191 Z=9.954 m/s²
  Gyroscope:    X=0.004 Y=-0.007 Z=-0.002 rad/s
  Quaternion:   X=-0.011 Y=-0.005 Z=-0.575 W=0.818

[IMU] Inertial Measurement Unit Data:
  Acceleration: X=0.056 Y=-0.193 Z=9.960 m/s²
  Gyroscope:    X=0.003 Y=-0.007 Z=-0.002 rad/s
  Quaternion:   X=-0.011 Y=-0.005 Z=-0.575 W=0.818

[IMU] Inertial Measurement Unit Data:
  Acceleration: X=0.072 Y=-0.162 Z=9.977 m/s²
  Gyroscope:    X=0.002 Y=-0.007 Z=-0.002 rad/s
  Quaternion:   X=-0.011 Y=-0.005 Z=-0.575 W=0.818

[IMU] Inertial Measurement Unit Data:
  Acceleration: X=0.041 Y=-0.179 Z=9.958 m/s²
  Gyroscope:    X=0.003 Y=-0.008 Z=-0.002 rad/s
  Quaternion:   X=-0.011 Y=-0.005 Z=-0.575 W=0.818

[IMU] Inertial Measurement Unit Data:
  Acceleration: X=0.092 Y=-0.186 Z=9.988 m/s²
  Gyroscope:    X=0.002 Y=-0.008 Z=-0.002 rad/s
  Quaternion:   X=-0.011 Y=-0.005 Z=-0.575 W=0.818

[IMU] Inertial Measurement Unit Data:
  Acceleration: X=0.066 Y=-0.172 Z=9.953 m/s²
  Gyroscope:    X=0.003 Y=-0.007 Z=-0.002 rad/s
  Quaternion:   X=-0.011 Y=-0.005 Z=-0.575 W=0.818

[IMU] Inertial Measurement Unit Data:
  Acceleration: X=0.053 Y=-0.189 Z=9.952 m/s²
  Gyroscope:    X=0.002 Y=-0.007 Z=-0.001 rad/s
  Quaternion:   X=-0.011 Y=-0.005 Z=-0.575 W=0.818

[IMU] Inertial Measurement Unit Data:
  Acceleration: X=0.070 Y=-0.163 Z=9.968 m/s²
  Gyroscope:    X=0.004 Y=-0.008 Z=-0.003 rad/s
  Quaternion:   X=-0.011 Y=-0.005 Z=-0.575 W=0.818

[IMU] Inertial Measurement Unit Data:
  Acceleration: X=0.038 Y=-0.182 Z=9.972 m/s²
  Gyroscope:    X=0.003 Y=-0.007 Z=-0.002 rad/s
  Quaternion:   X=-0.011 Y=-0.005 Z=-0.575 W=0.818

[IMU] Inertial Measurement Unit Data:
  Acceleration: X=0.057 Y=-0.185 Z=9.954 m/s²
  Gyroscope:    X=0.003 Y=-0.006 Z=-0.002 rad/s
  Quaternion:   X=-0.011 Y=-0.005 Z=-0.575 W=0.818

[IMU] Inertial Measurement Unit Data:
  Acceleration: X=0.054 Y=-0.202 Z=9.959 m/s²
  Gyroscope:    X=0.004 Y=-0.007 Z=-0.001 rad/s
  Quaternion:   X=-0.011 Y=-0.005 Z=-0.575 W=0.818

[IMU] Inertial Measurement Unit Data:
  Acceleration: X=0.068 Y=-0.194 Z=9.967 m/s²
  Gyroscope:    X=0.004 Y=-0.008 Z=-0.001 rad/s
  Quaternion:   X=-0.011 Y=-0.005 Z=-0.575 W=0.818

[IMU] Inertial Measurement Unit Data:
  Acceleration: X=0.054 Y=-0.180 Z=9.961 m/s²
  Gyroscope:    X=0.004 Y=-0.006 Z=-0.003 rad/s
  Quaternion:   X=-0.011 Y=-0.005 Z=-0.575 W=0.818

[IMU] Inertial Measurement Unit Data:
  Acceleration: X=0.072 Y=-0.172 Z=9.972 m/s²
  Gyroscope:    X=0.003 Y=-0.007 Z=-0.002 rad/s
  Quaternion:   X=-0.011 Y=-0.005 Z=-0.575 W=0.818

[IMU] Inertial Measurement Unit Data:
  Acceleration: X=0.066 Y=-0.193 Z=9.971 m/s²
  Gyroscope:    X=0.002 Y=-0.007 Z=-0.002 rad/s
  Quaternion:   X=-0.011 Y=-0.005 Z=-0.575 W=0.818

[IMU] Inertial Measurement Unit Data:
  Acceleration: X=0.060 Y=-0.185 Z=9.951 m/s²
  Gyroscope:    X=0.002 Y=-0.008 Z=-0.001 rad/s
  Quaternion:   X=-0.011 Y=-0.005 Z=-0.575 W=0.818

[IMU] Inertial Measurement Unit Data:
  Acceleration: X=0.070 Y=-0.175 Z=9.997 m/s²
  Gyroscope:    X=0.003 Y=-0.008 Z=-0.002 rad/s
  Quaternion:   X=-0.011 Y=-0.005 Z=-0.575 W=0.818

[IMU] Inertial Measurement Unit Data:
  Acceleration: X=0.069 Y=-0.181 Z=9.959 m/s²
  Gyroscope:    X=0.002 Y=-0.008 Z=-0.002 rad/s
  Quaternion:   X=-0.011 Y=-0.005 Z=-0.576 W=0.818

[IMU] Inertial Measurement Unit Data:
  Acceleration: X=0.046 Y=-0.162 Z=9.947 m/s²
  Gyroscope:    X=0.004 Y=-0.007 Z=-0.001 rad/s
  Quaternion:   X=-0.011 Y=-0.005 Z=-0.576 W=0.818

[IMU] Inertial Measurement Unit Data:
  Acceleration: X=0.080 Y=-0.203 Z=9.949 m/s²
  Gyroscope:    X=0.003 Y=-0.007 Z=-0.003 rad/s
  Quaternion:   X=-0.011 Y=-0.005 Z=-0.576 W=0.818

[IMU] Inertial Measurement Unit Data:
  Acceleration: X=0.076 Y=-0.167 Z=9.953 m/s²
  Gyroscope:    X=0.003 Y=-0.007 Z=-0.002 rad/s
  Quaternion:   X=-0.011 Y=-0.005 Z=-0.576 W=0.818

[IMU] Inertial Measurement Unit Data:
  Acceleration: X=0.075 Y=-0.175 Z=9.970 m/s²
  Gyroscope:    X=0.002 Y=-0.009 Z=-0.001 rad/s
  Quaternion:   X=-0.011 Y=-0.005 Z=-0.576 W=0.818

[IMU] Inertial Measurement Unit Data:
  Acceleration: X=0.070 Y=-0.191 Z=9.985 m/s²
  Gyroscope:    X=0.003 Y=-0.007 Z=-0.001 rad/s
  Quaternion:   X=-0.011 Y=-0.005 Z=-0.576 W=0.818

[IMU] Inertial Measurement Unit Data:
  Acceleration: X=0.090 Y=-0.178 Z=9.964 m/s²
  Gyroscope:    X=0.004 Y=-0.007 Z=-0.002 rad/s
  Quaternion:   X=-0.011 Y=-0.005 Z=-0.576 W=0.818

[IMU] Inertial Measurement Unit Data:
  Acceleration: X=0.060 Y=-0.196 Z=9.922 m/s²
  Gyroscope:    X=0.003 Y=-0.006 Z=-0.003 rad/s
  Quaternion:   X=-0.011 Y=-0.005 Z=-0.576 W=0.818

[IMU] Inertial Measurement Unit Data:
  Acceleration: X=0.065 Y=-0.175 Z=9.984 m/s²
  Gyroscope:    X=0.002 Y=-0.006 Z=-0.002 rad/s
  Quaternion:   X=-0.011 Y=-0.005 Z=-0.576 W=0.818

[IMU] Inertial Measurement Unit Data:
  Acceleration: X=0.050 Y=-0.180 Z=9.978 m/s²
  Gyroscope:    X=0.003 Y=-0.008 Z=-0.003 rad/s
  Quaternion:   X=-0.011 Y=-0.005 Z=-0.576 W=0.818

[IMU] Inertial Measurement Unit Data:
  Acceleration: X=0.077 Y=-0.186 Z=9.917 m/s²
  Gyroscope:    X=0.002 Y=-0.008 Z=-0.002 rad/s
  Quaternion:   X=-0.011 Y=-0.005 Z=-0.576 W=0.818

[IMU] Inertial Measurement Unit Data:
  Acceleration: X=0.072 Y=-0.188 Z=9.980 m/s²
  Gyroscope:    X=0.002 Y=-0.007 Z=-0.002 rad/s
  Quaternion:   X=-0.011 Y=-0.005 Z=-0.576 W=0.818

[IMU] Inertial Measurement Unit Data:
  Acceleration: X=0.076 Y=-0.182 Z=9.977 m/s²
  Gyroscope:    X=0.003 Y=-0.006 Z=-0.002 rad/s
  Quaternion:   X=-0.011 Y=-0.005 Z=-0.576 W=0.818

[IMU] Inertial Measurement Unit Data:
  Acceleration: X=0.060 Y=-0.187 Z=9.948 m/s²
  Gyroscope:    X=0.003 Y=-0.007 Z=-0.002 rad/s
  Quaternion:   X=-0.011 Y=-0.005 Z=-0.576 W=0.818

[IMU] Inertial Measurement Unit Data:
  Acceleration: X=0.063 Y=-0.170 Z=10.007 m/s²
  Gyroscope:    X=0.003 Y=-0.008 Z=-0.002 rad/s
  Quaternion:   X=-0.011 Y=-0.005 Z=-0.576 W=0.818

[IMU] Inertial Measurement Unit Data:
  Acceleration: X=0.066 Y=-0.210 Z=9.975 m/s²
  Gyroscope:    X=0.003 Y=-0.007 Z=-0.002 rad/s
  Quaternion:   X=-0.011 Y=-0.005 Z=-0.576 W=0.818

[IMU] Inertial Measurement Unit Data:
  Acceleration: X=0.065 Y=-0.174 Z=9.941 m/s²
  Gyroscope:    X=0.003 Y=-0.008 Z=-0.002 rad/s
  Quaternion:   X=-0.011 Y=-0.005 Z=-0.576 W=0.818

[IMU] Inertial Measurement Unit Data:
  Acceleration: X=0.063 Y=-0.182 Z=9.980 m/s²
  Gyroscope:    X=0.003 Y=-0.008 Z=-0.003 rad/s
  Quaternion:   X=-0.011 Y=-0.005 Z=-0.576 W=0.818

[IMU] Inertial Measurement Unit Data:
  Acceleration: X=0.070 Y=-0.178 Z=9.966 m/s²
  Gyroscope:    X=0.002 Y=-0.009 Z=-0.002 rad/s
  Quaternion:   X=-0.011 Y=-0.005 Z=-0.576 W=0.818

[IMU] Inertial Measurement Unit Data:
  Acceleration: X=0.052 Y=-0.197 Z=9.937 m/s²
  Gyroscope:    X=0.003 Y=-0.007 Z=-0.002 rad/s
  Quaternion:   X=-0.011 Y=-0.005 Z=-0.576 W=0.818

[IMU] Inertial Measurement Unit Data:
  Acceleration: X=0.080 Y=-0.175 Z=9.986 m/s²
  Gyroscope:    X=0.003 Y=-0.008 Z=-0.002 rad/s
  Quaternion:   X=-0.011 Y=-0.005 Z=-0.576 W=0.818

[IMU] Inertial Measurement Unit Data:
  Acceleration: X=0.063 Y=-0.212 Z=9.996 m/s²
  Gyroscope:    X=0.003 Y=-0.008 Z=-0.002 rad/s
  Quaternion:   X=-0.011 Y=-0.005 Z=-0.576 W=0.818

[IMU] Inertial Measurement Unit Data:
  Acceleration: X=0.076 Y=-0.185 Z=9.891 m/s²
  Gyroscope:    X=0.003 Y=-0.006 Z=-0.002 rad/s
  Quaternion:   X=-0.011 Y=-0.005 Z=-0.576 W=0.818

[IMU] Inertial Measurement Unit Data:
  Acceleration: X=0.077 Y=-0.172 Z=9.956 m/s²
  Gyroscope:    X=0.004 Y=-0.008 Z=-0.003 rad/s
  Quaternion:   X=-0.011 Y=-0.005 Z=-0.576 W=0.818

[IMU] Inertial Measurement Unit Data:
  Acceleration: X=0.062 Y=-0.194 Z=10.021 m/s²
  Gyroscope:    X=0.002 Y=-0.007 Z=-0.003 rad/s
  Quaternion:   X=-0.011 Y=-0.005 Z=-0.576 W=0.818

[IMU] Inertial Measurement Unit Data:
  Acceleration: X=0.052 Y=-0.181 Z=9.949 m/s²
  Gyroscope:    X=0.003 Y=-0.008 Z=-0.000 rad/s
  Quaternion:   X=-0.011 Y=-0.005 Z=-0.576 W=0.818

[IMU] Inertial Measurement Unit Data:
  Acceleration: X=0.056 Y=-0.183 Z=9.921 m/s²
  Gyroscope:    X=0.003 Y=-0.008 Z=-0.002 rad/s
  Quaternion:   X=-0.011 Y=-0.005 Z=-0.576 W=0.818

[IMU] Inertial Measurement Unit Data:
  Acceleration: X=0.075 Y=-0.172 Z=9.967 m/s²
  Gyroscope:    X=0.004 Y=-0.007 Z=-0.001 rad/s
  Quaternion:   X=-0.011 Y=-0.005 Z=-0.576 W=0.818

[IMU] Inertial Measurement Unit Data:
  Acceleration: X=0.074 Y=-0.179 Z=9.989 m/s²
  Gyroscope:    X=0.003 Y=-0.007 Z=-0.002 rad/s
  Quaternion:   X=-0.011 Y=-0.005 Z=-0.576 W=0.818

[IMU] Inertial Measurement Unit Data:
  Acceleration: X=0.068 Y=-0.180 Z=9.950 m/s²
  Gyroscope:    X=0.003 Y=-0.007 Z=-0.002 rad/s
  Quaternion:   X=-0.011 Y=-0.005 Z=-0.576 W=0.818

[IMU] Inertial Measurement Unit Data:
  Acceleration: X=0.076 Y=-0.179 Z=9.950 m/s²
  Gyroscope:    X=0.002 Y=-0.007 Z=-0.003 rad/s
  Quaternion:   X=-0.011 Y=-0.005 Z=-0.576 W=0.818

[IMU] Inertial Measurement Unit Data:
  Acceleration: X=0.074 Y=-0.169 Z=9.977 m/s²
  Gyroscope:    X=0.002 Y=-0.005 Z=-0.003 rad/s
  Quaternion:   X=-0.011 Y=-0.005 Z=-0.576 W=0.818

[IMU] Inertial Measurement Unit Data:
  Acceleration: X=0.054 Y=-0.210 Z=9.994 m/s²
  Gyroscope:    X=0.003 Y=-0.009 Z=-0.002 rad/s
  Quaternion:   X=-0.011 Y=-0.005 Z=-0.576 W=0.818

[IMU] Inertial Measurement Unit Data:
  Acceleration: X=0.075 Y=-0.172 Z=9.950 m/s²
  Gyroscope:    X=0.003 Y=-0.008 Z=-0.001 rad/s
  Quaternion:   X=-0.011 Y=-0.005 Z=-0.576 W=0.818

[IMU] Inertial Measurement Unit Data:
  Acceleration: X=0.062 Y=-0.180 Z=9.931 m/s²
  Gyroscope:    X=0.003 Y=-0.007 Z=-0.002 rad/s
  Quaternion:   X=-0.011 Y=-0.005 Z=-0.576 W=0.818

[IMU] Inertial Measurement Unit Data:
  Acceleration: X=0.076 Y=-0.181 Z=9.976 m/s²
  Gyroscope:    X=0.002 Y=-0.006 Z=-0.003 rad/s
  Quaternion:   X=-0.011 Y=-0.005 Z=-0.576 W=0.818

[IMU] Inertial Measurement Unit Data:
  Acceleration: X=0.065 Y=-0.185 Z=9.980 m/s²
  Gyroscope:    X=0.002 Y=-0.006 Z=-0.003 rad/s
  Quaternion:   X=-0.011 Y=-0.005 Z=-0.576 W=0.818

[IMU] Inertial Measurement Unit Data:
  Acceleration: X=0.071 Y=-0.165 Z=9.929 m/s²
  Gyroscope:    X=0.004 Y=-0.009 Z=-0.001 rad/s
  Quaternion:   X=-0.011 Y=-0.005 Z=-0.576 W=0.818

[IMU] Inertial Measurement Unit Data:
  Acceleration: X=0.069 Y=-0.181 Z=9.973 m/s²
  Gyroscope:    X=0.002 Y=-0.007 Z=-0.002 rad/s
  Quaternion:   X=-0.011 Y=-0.005 Z=-0.576 W=0.818

[IMU] Inertial Measurement Unit Data:
  Acceleration: X=0.065 Y=-0.197 Z=10.021 m/s²
  Gyroscope:    X=0.002 Y=-0.007 Z=-0.001 rad/s
  Quaternion:   X=-0.011 Y=-0.005 Z=-0.576 W=0.818

[IMU] Inertial Measurement Unit Data:
  Acceleration: X=0.053 Y=-0.173 Z=9.962 m/s²
  Gyroscope:    X=0.003 Y=-0.008 Z=-0.002 rad/s
  Quaternion:   X=-0.011 Y=-0.005 Z=-0.576 W=0.818

[IMU] Inertial Measurement Unit Data:
  Acceleration: X=0.053 Y=-0.192 Z=9.929 m/s²
  Gyroscope:    X=0.003 Y=-0.008 Z=-0.002 rad/s
  Quaternion:   X=-0.011 Y=-0.005 Z=-0.576 W=0.818

[IMU] Inertial Measurement Unit Data:
  Acceleration: X=0.080 Y=-0.193 Z=10.015 m/s²
  Gyroscope:    X=0.003 Y=-0.006 Z=-0.002 rad/s
  Quaternion:   X=-0.011 Y=-0.005 Z=-0.576 W=0.818

[IMU] Inertial Measurement Unit Data:
  Acceleration: X=0.063 Y=-0.175 Z=9.973 m/s²
  Gyroscope:    X=0.003 Y=-0.007 Z=-0.002 rad/s
  Quaternion:   X=-0.011 Y=-0.005 Z=-0.576 W=0.818

[IMU] Inertial Measurement Unit Data:
  Acceleration: X=0.080 Y=-0.194 Z=9.912 m/s²
  Gyroscope:    X=0.002 Y=-0.006 Z=-0.002 rad/s
  Quaternion:   X=-0.011 Y=-0.005 Z=-0.576 W=0.818

[IMU] Inertial Measurement Unit Data:
  Acceleration: X=0.054 Y=-0.182 Z=9.979 m/s²
  Gyroscope:    X=0.002 Y=-0.008 Z=-0.002 rad/s
  Quaternion:   X=-0.011 Y=-0.005 Z=-0.576 W=0.818

[IMU] Inertial Measurement Unit Data:
  Acceleration: X=0.056 Y=-0.184 Z=9.991 m/s²
  Gyroscope:    X=0.003 Y=-0.006 Z=-0.003 rad/s
  Quaternion:   X=-0.011 Y=-0.005 Z=-0.576 W=0.818

[IMU] Inertial Measurement Unit Data:
  Acceleration: X=0.074 Y=-0.178 Z=9.946 m/s²
  Gyroscope:    X=0.003 Y=-0.007 Z=-0.003 rad/s
  Quaternion:   X=-0.011 Y=-0.005 Z=-0.576 W=0.818

[IMU] Inertial Measurement Unit Data:
  Acceleration: X=0.035 Y=-0.212 Z=9.963 m/s²
  Gyroscope:    X=0.003 Y=-0.007 Z=-0.003 rad/s
  Quaternion:   X=-0.011 Y=-0.005 Z=-0.576 W=0.818

[IMU] Inertial Measurement Unit Data:
  Acceleration: X=0.088 Y=-0.190 Z=9.984 m/s²
  Gyroscope:    X=0.003 Y=-0.007 Z=-0.002 rad/s
  Quaternion:   X=-0.011 Y=-0.005 Z=-0.576 W=0.818

[IMU] Inertial Measurement Unit Data:
  Acceleration: X=0.064 Y=-0.171 Z=9.959 m/s²
  Gyroscope:    X=0.003 Y=-0.008 Z=-0.002 rad/s
  Quaternion:   X=-0.011 Y=-0.005 Z=-0.576 W=0.818

[IMU] Inertial Measurement Unit Data:
  Acceleration: X=0.062 Y=-0.217 Z=9.964 m/s²
  Gyroscope:    X=0.004 Y=-0.006 Z=-0.001 rad/s
  Quaternion:   X=-0.011 Y=-0.005 Z=-0.576 W=0.818

[IMU] Inertial Measurement Unit Data:
  Acceleration: X=0.054 Y=-0.175 Z=9.962 m/s²
  Gyroscope:    X=0.003 Y=-0.008 Z=-0.003 rad/s
  Quaternion:   X=-0.011 Y=-0.005 Z=-0.576 W=0.818

[IMU] Inertial Measurement Unit Data:
  Acceleration: X=0.068 Y=-0.204 Z=9.942 m/s²
  Gyroscope:    X=0.003 Y=-0.006 Z=-0.002 rad/s
  Quaternion:   X=-0.011 Y=-0.005 Z=-0.576 W=0.818

[IMU] Inertial Measurement Unit Data:
  Acceleration: X=0.065 Y=-0.179 Z=9.964 m/s²
  Gyroscope:    X=0.002 Y=-0.006 Z=-0.002 rad/s
  Quaternion:   X=-0.011 Y=-0.005 Z=-0.576 W=0.818

[IMU] Inertial Measurement Unit Data:
  Acceleration: X=0.078 Y=-0.188 Z=9.989 m/s²
  Gyroscope:    X=0.002 Y=-0.007 Z=-0.002 rad/s
  Quaternion:   X=-0.011 Y=-0.005 Z=-0.576 W=0.818

[IMU] Inertial Measurement Unit Data:
  Acceleration: X=0.065 Y=-0.172 Z=9.968 m/s²
  Gyroscope:    X=0.003 Y=-0.008 Z=-0.002 rad/s
  Quaternion:   X=-0.011 Y=-0.005 Z=-0.576 W=0.818

[IMU] Inertial Measurement Unit Data:
  Acceleration: X=0.053 Y=-0.202 Z=9.955 m/s²
  Gyroscope:    X=0.002 Y=-0.008 Z=-0.002 rad/s
  Quaternion:   X=-0.011 Y=-0.005 Z=-0.576 W=0.818

[IMU] Inertial Measurement Unit Data:
  Acceleration: X=0.063 Y=-0.159 Z=9.972 m/s²
  Gyroscope:    X=0.003 Y=-0.007 Z=-0.003 rad/s
  Quaternion:   X=-0.011 Y=-0.005 Z=-0.576 W=0.818

[IMU] Inertial Measurement Unit Data:
  Acceleration: X=0.065 Y=-0.194 Z=9.980 m/s²
  Gyroscope:    X=0.003 Y=-0.006 Z=-0.001 rad/s
  Quaternion:   X=-0.011 Y=-0.005 Z=-0.576 W=0.818

[IMU] Inertial Measurement Unit Data:
  Acceleration: X=0.046 Y=-0.205 Z=9.951 m/s²
  Gyroscope:    X=0.002 Y=-0.007 Z=-0.003 rad/s
  Quaternion:   X=-0.011 Y=-0.005 Z=-0.576 W=0.818

[IMU] Inertial Measurement Unit Data:
  Acceleration: X=0.063 Y=-0.176 Z=9.924 m/s²
  Gyroscope:    X=0.002 Y=-0.007 Z=-0.002 rad/s
  Quaternion:   X=-0.011 Y=-0.005 Z=-0.576 W=0.818

[IMU] Inertial Measurement Unit Data:
  Acceleration: X=0.076 Y=-0.173 Z=9.981 m/s²
  Gyroscope:    X=0.003 Y=-0.008 Z=-0.002 rad/s
  Quaternion:   X=-0.011 Y=-0.005 Z=-0.576 W=0.818

[IMU] Inertial Measurement Unit Data:
  Acceleration: X=0.074 Y=-0.171 Z=10.013 m/s²
  Gyroscope:    X=0.003 Y=-0.007 Z=-0.002 rad/s
  Quaternion:   X=-0.011 Y=-0.005 Z=-0.576 W=0.818

[IMU] Inertial Measurement Unit Data:
  Acceleration: X=0.074 Y=-0.175 Z=9.973 m/s²
  Gyroscope:    X=0.003 Y=-0.008 Z=-0.001 rad/s
  Quaternion:   X=-0.011 Y=-0.005 Z=-0.576 W=0.818

[IMU] Inertial Measurement Unit Data:
  Acceleration: X=0.068 Y=-0.181 Z=9.953 m/s²
  Gyroscope:    X=0.002 Y=-0.007 Z=-0.002 rad/s
  Quaternion:   X=-0.011 Y=-0.005 Z=-0.576 W=0.818

[IMU] Inertial Measurement Unit Data:
  Acceleration: X=0.076 Y=-0.192 Z=9.942 m/s²
  Gyroscope:    X=0.003 Y=-0.008 Z=-0.003 rad/s
  Quaternion:   X=-0.011 Y=-0.005 Z=-0.576 W=0.818

[IMU] Inertial Measurement Unit Data:
  Acceleration: X=0.051 Y=-0.186 Z=9.972 m/s²
  Gyroscope:    X=0.002 Y=-0.007 Z=-0.000 rad/s
  Quaternion:   X=-0.011 Y=-0.005 Z=-0.576 W=0.818

[IMU] Inertial Measurement Unit Data:
  Acceleration: X=0.071 Y=-0.168 Z=9.941 m/s²
  Gyroscope:    X=0.003 Y=-0.007 Z=-0.003 rad/s
  Quaternion:   X=-0.011 Y=-0.005 Z=-0.576 W=0.818

[IMU] Inertial Measurement Unit Data:
  Acceleration: X=0.076 Y=-0.175 Z=9.967 m/s²
  Gyroscope:    X=0.002 Y=-0.008 Z=-0.002 rad/s
  Quaternion:   X=-0.011 Y=-0.005 Z=-0.576 W=0.818

[IMU] Inertial Measurement Unit Data:
  Acceleration: X=0.058 Y=-0.188 Z=9.998 m/s²
  Gyroscope:    X=0.002 Y=-0.007 Z=-0.002 rad/s
  Quaternion:   X=-0.011 Y=-0.005 Z=-0.576 W=0.818

[IMU] Inertial Measurement Unit Data:
  Acceleration: X=0.068 Y=-0.177 Z=9.921 m/s²
  Gyroscope:    X=0.002 Y=-0.008 Z=-0.002 rad/s
  Quaternion:   X=-0.011 Y=-0.005 Z=-0.576 W=0.818

[IMU] Inertial Measurement Unit Data:
  Acceleration: X=0.072 Y=-0.169 Z=9.958 m/s²
  Gyroscope:    X=0.003 Y=-0.006 Z=-0.001 rad/s
  Quaternion:   X=-0.011 Y=-0.005 Z=-0.576 W=0.818

[IMU] Inertial Measurement Unit Data:
  Acceleration: X=0.052 Y=-0.185 Z=10.010 m/s²
  Gyroscope:    X=0.003 Y=-0.007 Z=-0.001 rad/s
  Quaternion:   X=-0.011 Y=-0.005 Z=-0.576 W=0.817

[IMU] Inertial Measurement Unit Data:
  Acceleration: X=0.052 Y=-0.161 Z=9.943 m/s²
  Gyroscope:    X=0.003 Y=-0.007 Z=-0.002 rad/s
  Quaternion:   X=-0.011 Y=-0.005 Z=-0.576 W=0.817

[IMU] Inertial Measurement Unit Data:
  Acceleration: X=0.071 Y=-0.180 Z=9.916 m/s²
  Gyroscope:    X=0.003 Y=-0.007 Z=-0.001 rad/s
  Quaternion:   X=-0.011 Y=-0.005 Z=-0.576 W=0.817

[IMU] Inertial Measurement Unit Data:
  Acceleration: X=0.046 Y=-0.167 Z=10.031 m/s²
  Gyroscope:    X=0.002 Y=-0.006 Z=-0.002 rad/s
  Quaternion:   X=-0.011 Y=-0.005 Z=-0.576 W=0.817

[IMU] Inertial Measurement Unit Data:
  Acceleration: X=0.069 Y=-0.181 Z=9.949 m/s²
  Gyroscope:    X=0.002 Y=-0.008 Z=-0.002 rad/s
  Quaternion:   X=-0.011 Y=-0.005 Z=-0.576 W=0.817

[IMU] Inertial Measurement Unit Data:
  Acceleration: X=0.050 Y=-0.197 Z=9.921 m/s²
  Gyroscope:    X=0.002 Y=-0.007 Z=-0.002 rad/s
  Quaternion:   X=-0.011 Y=-0.005 Z=-0.576 W=0.817

[IMU] Inertial Measurement Unit Data:
  Acceleration: X=0.063 Y=-0.205 Z=9.972 m/s²
  Gyroscope:    X=0.002 Y=-0.008 Z=-0.002 rad/s
  Quaternion:   X=-0.011 Y=-0.005 Z=-0.576 W=0.817

[IMU] Inertial Measurement Unit Data:
  Acceleration: X=0.074 Y=-0.158 Z=9.991 m/s²
  Gyroscope:    X=0.003 Y=-0.008 Z=-0.002 rad/s
  Quaternion:   X=-0.011 Y=-0.005 Z=-0.576 W=0.817

[IMU] Inertial Measurement Unit Data:
  Acceleration: X=0.064 Y=-0.191 Z=9.957 m/s²
  Gyroscope:    X=0.003 Y=-0.007 Z=-0.002 rad/s
  Quaternion:   X=-0.011 Y=-0.005 Z=-0.576 W=0.817

[IMU] Inertial Measurement Unit Data:
  Acceleration: X=0.076 Y=-0.149 Z=9.973 m/s²
  Gyroscope:    X=0.003 Y=-0.007 Z=-0.003 rad/s
  Quaternion:   X=-0.011 Y=-0.005 Z=-0.576 W=0.817

[IMU] Inertial Measurement Unit Data:
  Acceleration: X=0.051 Y=-0.169 Z=9.970 m/s²
  Gyroscope:    X=0.003 Y=-0.007 Z=-0.001 rad/s
  Quaternion:   X=-0.011 Y=-0.005 Z=-0.576 W=0.817

[IMU] Inertial Measurement Unit Data:
  Acceleration: X=0.063 Y=-0.175 Z=10.005 m/s²
  Gyroscope:    X=0.004 Y=-0.007 Z=-0.003 rad/s
  Quaternion:   X=-0.011 Y=-0.005 Z=-0.576 W=0.817

[IMU] Inertial Measurement Unit Data:
  Acceleration: X=0.075 Y=-0.174 Z=9.942 m/s²
  Gyroscope:    X=0.003 Y=-0.008 Z=-0.003 rad/s
  Quaternion:   X=-0.011 Y=-0.005 Z=-0.576 W=0.817

[IMU] Inertial Measurement Unit Data:
  Acceleration: X=0.057 Y=-0.191 Z=9.958 m/s²
  Gyroscope:    X=0.004 Y=-0.008 Z=-0.001 rad/s
  Quaternion:   X=-0.011 Y=-0.005 Z=-0.576 W=0.817

[IMU] Inertial Measurement Unit Data:
  Acceleration: X=0.065 Y=-0.191 Z=10.019 m/s²
  Gyroscope:    X=0.003 Y=-0.006 Z=-0.002 rad/s
  Quaternion:   X=-0.011 Y=-0.005 Z=-0.576 W=0.817

[IMU] Inertial Measurement Unit Data:
  Acceleration: X=0.072 Y=-0.207 Z=9.954 m/s²
  Gyroscope:    X=0.002 Y=-0.007 Z=-0.002 rad/s
  Quaternion:   X=-0.011 Y=-0.005 Z=-0.576 W=0.817

[IMU] Inertial Measurement Unit Data:
  Acceleration: X=0.078 Y=-0.158 Z=9.941 m/s²
  Gyroscope:    X=0.003 Y=-0.008 Z=-0.002 rad/s
  Quaternion:   X=-0.011 Y=-0.005 Z=-0.576 W=0.817

[IMU] Inertial Measurement Unit Data:
  Acceleration: X=0.059 Y=-0.205 Z=9.954 m/s²
  Gyroscope:    X=0.003 Y=-0.007 Z=-0.001 rad/s
  Quaternion:   X=-0.011 Y=-0.005 Z=-0.576 W=0.817

[IMU] Inertial Measurement Unit Data:
  Acceleration: X=0.056 Y=-0.162 Z=10.001 m/s²
  Gyroscope:    X=0.003 Y=-0.007 Z=-0.002 rad/s
  Quaternion:   X=-0.011 Y=-0.005 Z=-0.576 W=0.817

[IMU] Inertial Measurement Unit Data:
  Acceleration: X=0.059 Y=-0.185 Z=9.941 m/s²
  Gyroscope:    X=0.003 Y=-0.007 Z=-0.001 rad/s
  Quaternion:   X=-0.011 Y=-0.005 Z=-0.576 W=0.817

[IMU] Inertial Measurement Unit Data:
  Acceleration: X=0.058 Y=-0.197 Z=9.966 m/s²
  Gyroscope:    X=0.003 Y=-0.008 Z=-0.002 rad/s
  Quaternion:   X=-0.011 Y=-0.005 Z=-0.576 W=0.817

[IMU] Inertial Measurement Unit Data:
  Acceleration: X=0.051 Y=-0.193 Z=9.994 m/s²
  Gyroscope:    X=0.003 Y=-0.007 Z=-0.001 rad/s
  Quaternion:   X=-0.011 Y=-0.005 Z=-0.576 W=0.817

[IMU] Inertial Measurement Unit Data:
  Acceleration: X=0.075 Y=-0.182 Z=9.942 m/s²
  Gyroscope:    X=0.003 Y=-0.008 Z=-0.002 rad/s
  Quaternion:   X=-0.011 Y=-0.005 Z=-0.576 W=0.817

[IMU] Inertial Measurement Unit Data:
  Acceleration: X=0.060 Y=-0.185 Z=9.965 m/s²
  Gyroscope:    X=0.003 Y=-0.007 Z=-0.001 rad/s
  Quaternion:   X=-0.011 Y=-0.005 Z=-0.576 W=0.817

[IMU] Inertial Measurement Unit Data:
  Acceleration: X=0.063 Y=-0.174 Z=9.980 m/s²
  Gyroscope:    X=0.003 Y=-0.007 Z=-0.002 rad/s
  Quaternion:   X=-0.011 Y=-0.005 Z=-0.576 W=0.817

[IMU] Inertial Measurement Unit Data:
  Acceleration: X=0.068 Y=-0.206 Z=9.964 m/s²
  Gyroscope:    X=0.003 Y=-0.008 Z=-0.002 rad/s
  Quaternion:   X=-0.011 Y=-0.005 Z=-0.576 W=0.817

[IMU] Inertial Measurement Unit Data:
  Acceleration: X=0.078 Y=-0.161 Z=9.946 m/s²
  Gyroscope:    X=0.003 Y=-0.006 Z=-0.001 rad/s
  Quaternion:   X=-0.011 Y=-0.005 Z=-0.576 W=0.817

[IMU] Inertial Measurement Unit Data:
  Acceleration: X=0.094 Y=-0.206 Z=9.983 m/s²
  Gyroscope:    X=0.002 Y=-0.006 Z=-0.002 rad/s
  Quaternion:   X=-0.011 Y=-0.005 Z=-0.576 W=0.817

[IMU] Inertial Measurement Unit Data:
  Acceleration: X=0.050 Y=-0.181 Z=9.953 m/s²
  Gyroscope:    X=0.003 Y=-0.007 Z=-0.002 rad/s
  Quaternion:   X=-0.011 Y=-0.005 Z=-0.576 W=0.817

[IMU] Inertial Measurement Unit Data:
  Acceleration: X=0.077 Y=-0.189 Z=9.949 m/s²
  Gyroscope:    X=0.002 Y=-0.007 Z=-0.002 rad/s
  Quaternion:   X=-0.011 Y=-0.005 Z=-0.576 W=0.817

[IMU] Inertial Measurement Unit Data:
  Acceleration: X=0.041 Y=-0.190 Z=9.965 m/s²
  Gyroscope:    X=0.003 Y=-0.009 Z=-0.000 rad/s
  Quaternion:   X=-0.011 Y=-0.005 Z=-0.576 W=0.817

[IMU] Inertial Measurement Unit Data:
  Acceleration: X=0.076 Y=-0.187 Z=9.985 m/s²
  Gyroscope:    X=0.002 Y=-0.008 Z=-0.002 rad/s
  Quaternion:   X=-0.011 Y=-0.005 Z=-0.576 W=0.817

[IMU] Inertial Measurement Unit Data:
  Acceleration: X=0.065 Y=-0.175 Z=9.965 m/s²
  Gyroscope:    X=0.003 Y=-0.008 Z=-0.002 rad/s
  Quaternion:   X=-0.011 Y=-0.005 Z=-0.576 W=0.817

[IMU] Inertial Measurement Unit Data:
  Acceleration: X=0.052 Y=-0.215 Z=9.969 m/s²
  Gyroscope:    X=0.004 Y=-0.007 Z=-0.002 rad/s
  Quaternion:   X=-0.011 Y=-0.005 Z=-0.576 W=0.817

[IMU] Inertial Measurement Unit Data:
  Acceleration: X=0.064 Y=-0.169 Z=9.985 m/s²
  Gyroscope:    X=0.003 Y=-0.008 Z=-0.001 rad/s
  Quaternion:   X=-0.011 Y=-0.005 Z=-0.576 W=0.817

[IMU] Inertial Measurement Unit Data:
  Acceleration: X=0.054 Y=-0.171 Z=9.942 m/s²
  Gyroscope:    X=0.002 Y=-0.008 Z=-0.002 rad/s
  Quaternion:   X=-0.011 Y=-0.005 Z=-0.576 W=0.817

[IMU] Inertial Measurement Unit Data:
  Acceleration: X=0.068 Y=-0.179 Z=9.954 m/s²
  Gyroscope:    X=0.002 Y=-0.006 Z=-0.003 rad/s
  Quaternion:   X=-0.011 Y=-0.005 Z=-0.576 W=0.817

[IMU] Inertial Measurement Unit Data:
  Acceleration: X=0.059 Y=-0.185 Z=9.966 m/s²
  Gyroscope:    X=0.003 Y=-0.007 Z=-0.002 rad/s
  Quaternion:   X=-0.011 Y=-0.005 Z=-0.576 W=0.817

[IMU] Inertial Measurement Unit Data:
  Acceleration: X=0.050 Y=-0.155 Z=9.938 m/s²
  Gyroscope:    X=0.002 Y=-0.008 Z=-0.002 rad/s
  Quaternion:   X=-0.011 Y=-0.005 Z=-0.576 W=0.817

[IMU] Inertial Measurement Unit Data:
  Acceleration: X=0.059 Y=-0.205 Z=9.975 m/s²
  Gyroscope:    X=0.003 Y=-0.007 Z=-0.002 rad/s
  Quaternion:   X=-0.011 Y=-0.005 Z=-0.576 W=0.817

[IMU] Inertial Measurement Unit Data:
  Acceleration: X=0.062 Y=-0.176 Z=9.990 m/s²
  Gyroscope:    X=0.004 Y=-0.007 Z=-0.001 rad/s
  Quaternion:   X=-0.011 Y=-0.005 Z=-0.576 W=0.817

[IMU] Inertial Measurement Unit Data:
  Acceleration: X=0.069 Y=-0.180 Z=9.949 m/s²
  Gyroscope:    X=0.003 Y=-0.008 Z=-0.002 rad/s
  Quaternion:   X=-0.011 Y=-0.005 Z=-0.576 W=0.817

[IMU] Inertial Measurement Unit Data:
  Acceleration: X=0.071 Y=-0.191 Z=9.943 m/s²
  Gyroscope:    X=0.003 Y=-0.006 Z=-0.002 rad/s
  Quaternion:   X=-0.011 Y=-0.005 Z=-0.576 W=0.817

[IMU] Inertial Measurement Unit Data:
  Acceleration: X=0.060 Y=-0.185 Z=9.983 m/s²
  Gyroscope:    X=0.003 Y=-0.008 Z=-0.001 rad/s
  Quaternion:   X=-0.011 Y=-0.005 Z=-0.576 W=0.817

[IMU] Inertial Measurement Unit Data:
  Acceleration: X=0.075 Y=-0.165 Z=9.980 m/s²
  Gyroscope:    X=0.002 Y=-0.007 Z=-0.003 rad/s
  Quaternion:   X=-0.011 Y=-0.005 Z=-0.576 W=0.817

[IMU] Inertial Measurement Unit Data:
  Acceleration: X=0.054 Y=-0.204 Z=9.915 m/s²
  Gyroscope:    X=0.003 Y=-0.009 Z=-0.002 rad/s
  Quaternion:   X=-0.011 Y=-0.005 Z=-0.576 W=0.817

[IMU] Inertial Measurement Unit Data:
  Acceleration: X=0.084 Y=-0.193 Z=9.959 m/s²
  Gyroscope:    X=0.003 Y=-0.008 Z=-0.002 rad/s
  Quaternion:   X=-0.011 Y=-0.005 Z=-0.576 W=0.817

[IMU] Inertial Measurement Unit Data:
  Acceleration: X=0.054 Y=-0.180 Z=9.978 m/s²
  Gyroscope:    X=0.003 Y=-0.006 Z=-0.002 rad/s
  Quaternion:   X=-0.011 Y=-0.005 Z=-0.576 W=0.817

[IMU] Inertial Measurement Unit Data:
  Acceleration: X=0.059 Y=-0.196 Z=9.933 m/s²
  Gyroscope:    X=0.002 Y=-0.008 Z=-0.002 rad/s
  Quaternion:   X=-0.011 Y=-0.005 Z=-0.576 W=0.817

[IMU] Inertial Measurement Unit Data:
  Acceleration: X=0.070 Y=-0.180 Z=9.958 m/s²
  Gyroscope:    X=0.003 Y=-0.007 Z=-0.003 rad/s
  Quaternion:   X=-0.011 Y=-0.005 Z=-0.576 W=0.817

[IMU] Inertial Measurement Unit Data:
  Acceleration: X=0.047 Y=-0.180 Z=9.997 m/s²
  Gyroscope:    X=0.004 Y=-0.008 Z=-0.002 rad/s
  Quaternion:   X=-0.011 Y=-0.005 Z=-0.576 W=0.817

[IMU] Inertial Measurement Unit Data:
  Acceleration: X=0.083 Y=-0.200 Z=9.919 m/s²
  Gyroscope:    X=0.002 Y=-0.007 Z=-0.002 rad/s
  Quaternion:   X=-0.011 Y=-0.005 Z=-0.576 W=0.817

[IMU] Inertial Measurement Unit Data:
  Acceleration: X=0.059 Y=-0.185 Z=9.958 m/s²
  Gyroscope:    X=0.003 Y=-0.007 Z=-0.003 rad/s
  Quaternion:   X=-0.011 Y=-0.005 Z=-0.576 W=0.817

[IMU] Inertial Measurement Unit Data:
  Acceleration: X=0.052 Y=-0.175 Z=9.974 m/s²
  Gyroscope:    X=0.003 Y=-0.008 Z=-0.001 rad/s
  Quaternion:   X=-0.011 Y=-0.005 Z=-0.576 W=0.817

[IMU] Inertial Measurement Unit Data:
  Acceleration: X=0.057 Y=-0.181 Z=9.980 m/s²
  Gyroscope:    X=0.002 Y=-0.008 Z=-0.002 rad/s
  Quaternion:   X=-0.011 Y=-0.005 Z=-0.576 W=0.817

[IMU] Inertial Measurement Unit Data:
  Acceleration: X=0.068 Y=-0.175 Z=9.959 m/s²
  Gyroscope:    X=0.003 Y=-0.007 Z=-0.002 rad/s
  Quaternion:   X=-0.011 Y=-0.005 Z=-0.576 W=0.817

[IMU] Inertial Measurement Unit Data:
  Acceleration: X=0.076 Y=-0.159 Z=9.977 m/s²
  Gyroscope:    X=0.003 Y=-0.008 Z=-0.002 rad/s
  Quaternion:   X=-0.011 Y=-0.005 Z=-0.576 W=0.817

[IMU] Inertial Measurement Unit Data:
  Acceleration: X=0.051 Y=-0.189 Z=9.965 m/s²
  Gyroscope:    X=0.003 Y=-0.008 Z=-0.002 rad/s
  Quaternion:   X=-0.011 Y=-0.005 Z=-0.576 W=0.817

[IMU] Inertial Measurement Unit Data:
  Acceleration: X=0.071 Y=-0.172 Z=9.980 m/s²
  Gyroscope:    X=0.002 Y=-0.008 Z=-0.002 rad/s
  Quaternion:   X=-0.011 Y=-0.005 Z=-0.576 W=0.817

[IMU] Inertial Measurement Unit Data:
  Acceleration: X=0.050 Y=-0.167 Z=9.964 m/s²
  Gyroscope:    X=0.003 Y=-0.007 Z=-0.001 rad/s
  Quaternion:   X=-0.011 Y=-0.005 Z=-0.576 W=0.817

[IMU] Inertial Measurement Unit Data:
  Acceleration: X=0.084 Y=-0.178 Z=9.962 m/s²
  Gyroscope:    X=0.004 Y=-0.008 Z=-0.003 rad/s
  Quaternion:   X=-0.011 Y=-0.005 Z=-0.576 W=0.817

[IMU] Inertial Measurement Unit Data:
  Acceleration: X=0.074 Y=-0.195 Z=10.004 m/s²
  Gyroscope:    X=0.003 Y=-0.007 Z=-0.002 rad/s
  Quaternion:   X=-0.011 Y=-0.005 Z=-0.576 W=0.817

[IMU] Inertial Measurement Unit Data:
  Acceleration: X=0.066 Y=-0.183 Z=9.962 m/s²
  Gyroscope:    X=0.002 Y=-0.008 Z=-0.002 rad/s
  Quaternion:   X=-0.011 Y=-0.005 Z=-0.576 W=0.817

[IMU] Inertial Measurement Unit Data:
  Acceleration: X=0.077 Y=-0.177 Z=9.934 m/s²
  Gyroscope:    X=0.003 Y=-0.007 Z=-0.002 rad/s
  Quaternion:   X=-0.011 Y=-0.005 Z=-0.576 W=0.817

[IMU] Inertial Measurement Unit Data:
  Acceleration: X=0.069 Y=-0.200 Z=9.990 m/s²
  Gyroscope:    X=0.003 Y=-0.009 Z=-0.003 rad/s
  Quaternion:   X=-0.011 Y=-0.005 Z=-0.576 W=0.817

[IMU] Inertial Measurement Unit Data:
  Acceleration: X=0.066 Y=-0.180 Z=10.007 m/s²
  Gyroscope:    X=0.004 Y=-0.007 Z=-0.002 rad/s
  Quaternion:   X=-0.011 Y=-0.005 Z=-0.576 W=0.817

[IMU] Inertial Measurement Unit Data:
  Acceleration: X=0.042 Y=-0.180 Z=9.942 m/s²
  Gyroscope:    X=0.003 Y=-0.007 Z=-0.003 rad/s
  Quaternion:   X=-0.011 Y=-0.005 Z=-0.576 W=0.817

[IMU] Inertial Measurement Unit Data:
  Acceleration: X=0.089 Y=-0.173 Z=9.980 m/s²
  Gyroscope:    X=0.004 Y=-0.007 Z=-0.003 rad/s
  Quaternion:   X=-0.011 Y=-0.005 Z=-0.576 W=0.817

[IMU] Inertial Measurement Unit Data:
  Acceleration: X=0.075 Y=-0.198 Z=9.970 m/s²
  Gyroscope:    X=0.003 Y=-0.007 Z=-0.003 rad/s
  Quaternion:   X=-0.011 Y=-0.005 Z=-0.576 W=0.817

[IMU] Inertial Measurement Unit Data:
  Acceleration: X=0.066 Y=-0.165 Z=9.936 m/s²
  Gyroscope:    X=0.003 Y=-0.007 Z=-0.001 rad/s
  Quaternion:   X=-0.011 Y=-0.005 Z=-0.576 W=0.817

[IMU] Inertial Measurement Unit Data:
  Acceleration: X=0.060 Y=-0.179 Z=9.986 m/s²
  Gyroscope:    X=0.003 Y=-0.007 Z=-0.002 rad/s
  Quaternion:   X=-0.011 Y=-0.005 Z=-0.576 W=0.817

[IMU] Inertial Measurement Unit Data:
  Acceleration: X=0.070 Y=-0.186 Z=9.983 m/s²
  Gyroscope:    X=0.003 Y=-0.006 Z=-0.001 rad/s
  Quaternion:   X=-0.011 Y=-0.005 Z=-0.576 W=0.817

[IMU] Inertial Measurement Unit Data:
  Acceleration: X=0.069 Y=-0.174 Z=9.964 m/s²
  Gyroscope:    X=0.002 Y=-0.007 Z=-0.002 rad/s
  Quaternion:   X=-0.011 Y=-0.005 Z=-0.576 W=0.817

[IMU] Inertial Measurement Unit Data:
  Acceleration: X=0.059 Y=-0.179 Z=9.976 m/s²
  Gyroscope:    X=0.002 Y=-0.008 Z=-0.001 rad/s
  Quaternion:   X=-0.011 Y=-0.005 Z=-0.576 W=0.817

[IMU] Inertial Measurement Unit Data:
  Acceleration: X=0.060 Y=-0.183 Z=9.958 m/s²
  Gyroscope:    X=0.003 Y=-0.007 Z=-0.002 rad/s
  Quaternion:   X=-0.011 Y=-0.005 Z=-0.576 W=0.817

[IMU] Inertial Measurement Unit Data:
  Acceleration: X=0.072 Y=-0.166 Z=9.953 m/s²
  Gyroscope:    X=0.004 Y=-0.008 Z=0.000 rad/s
  Quaternion:   X=-0.011 Y=-0.005 Z=-0.576 W=0.817

[IMU] Inertial Measurement Unit Data:
  Acceleration: X=0.063 Y=-0.201 Z=9.960 m/s²
  Gyroscope:    X=0.002 Y=-0.007 Z=-0.002 rad/s
  Quaternion:   X=-0.011 Y=-0.005 Z=-0.576 W=0.817

[IMU] Inertial Measurement Unit Data:
  Acceleration: X=0.050 Y=-0.179 Z=9.964 m/s²
  Gyroscope:    X=0.003 Y=-0.009 Z=-0.002 rad/s
  Quaternion:   X=-0.011 Y=-0.005 Z=-0.576 W=0.817

[IMU] Inertial Measurement Unit Data:
  Acceleration: X=0.069 Y=-0.180 Z=9.940 m/s²
  Gyroscope:    X=0.002 Y=-0.008 Z=-0.002 rad/s
  Quaternion:   X=-0.011 Y=-0.005 Z=-0.576 W=0.817

[IMU] Inertial Measurement Unit Data:
  Acceleration: X=0.063 Y=-0.173 Z=9.998 m/s²
  Gyroscope:    X=0.003 Y=-0.007 Z=-0.003 rad/s
  Quaternion:   X=-0.011 Y=-0.005 Z=-0.576 W=0.817

[IMU] Inertial Measurement Unit Data:
  Acceleration: X=0.066 Y=-0.204 Z=9.953 m/s²
  Gyroscope:    X=0.003 Y=-0.007 Z=-0.003 rad/s
  Quaternion:   X=-0.011 Y=-0.005 Z=-0.576 W=0.817

[IMU] Inertial Measurement Unit Data:
  Acceleration: X=0.043 Y=-0.150 Z=9.946 m/s²
  Gyroscope:    X=0.003 Y=-0.007 Z=-0.002 rad/s
  Quaternion:   X=-0.011 Y=-0.005 Z=-0.576 W=0.817

[IMU] Inertial Measurement Unit Data:
  Acceleration: X=0.082 Y=-0.193 Z=9.967 m/s²
  Gyroscope:    X=0.004 Y=-0.007 Z=-0.003 rad/s
  Quaternion:   X=-0.011 Y=-0.005 Z=-0.576 W=0.817

[IMU] Inertial Measurement Unit Data:
  Acceleration: X=0.068 Y=-0.182 Z=9.989 m/s²
  Gyroscope:    X=0.003 Y=-0.007 Z=-0.001 rad/s
  Quaternion:   X=-0.011 Y=-0.005 Z=-0.576 W=0.817

[IMU] Inertial Measurement Unit Data:
  Acceleration: X=0.071 Y=-0.193 Z=9.949 m/s²
  Gyroscope:    X=0.003 Y=-0.007 Z=-0.001 rad/s
  Quaternion:   X=-0.011 Y=-0.005 Z=-0.576 W=0.817

[IMU] Inertial Measurement Unit Data:
  Acceleration: X=0.059 Y=-0.167 Z=9.937 m/s²
  Gyroscope:    X=0.004 Y=-0.007 Z=-0.003 rad/s
  Quaternion:   X=-0.011 Y=-0.005 Z=-0.576 W=0.817

[STATE] Robot State Data:
  Head Angle: -1.222°, Direction: 1
  Lights: Front=2 Back=2
  Speed Level: 1, E-Stop: SW=1 HW=1
  Motion: Status=2 Mode=1
  Battery: 1=69% 2=69%
  Speed: Linear=0.000 Trans=0.000 Angular=-0.002
  Odometry: 0.000 m
  Joint Temperatures: 
    fr3: 34.000°C
    fr2: 35.000°C
    bl1: 34.000°C
    fl4: 34.000°C
    bl3: 33.000°C
    bl2: 33.000°C
    br1: 35.000°C
    bl4: 33.000°C
    br4: 33.000°C
    fr4: 34.000°C
    fl1: 35.000°C
    fl2: 34.000°C
    br2: 33.000°C
    fl3: 33.000°C
    br3: 33.000°C
    fr1: 36.000°C

[IMU] Inertial Measurement Unit Data:
  Acceleration: X=0.048 Y=-0.205 Z=9.965 m/s²
  Gyroscope:    X=0.002 Y=-0.006 Z=-0.001 rad/s
  Quaternion:   X=-0.011 Y=-0.005 Z=-0.576 W=0.817

[IMU] Inertial Measurement Unit Data:
  Acceleration: X=0.064 Y=-0.188 Z=9.934 m/s²
  Gyroscope:    X=0.003 Y=-0.006 Z=-0.002 rad/s
  Quaternion:   X=-0.011 Y=-0.005 Z=-0.576 W=0.817

[IMU] Inertial Measurement Unit Data:
  Acceleration: X=0.054 Y=-0.180 Z=9.934 m/s²
  Gyroscope:    X=0.002 Y=-0.007 Z=-0.001 rad/s
  Quaternion:   X=-0.011 Y=-0.005 Z=-0.576 W=0.817

[IMU] Inertial Measurement Unit Data:
  Acceleration: X=0.062 Y=-0.177 Z=9.968 m/s²
  Gyroscope:    X=0.003 Y=-0.006 Z=-0.002 rad/s
  Quaternion:   X=-0.011 Y=-0.005 Z=-0.576 W=0.817

[IMU] Inertial Measurement Unit Data:
  Acceleration: X=0.063 Y=-0.155 Z=9.977 m/s²
  Gyroscope:    X=0.003 Y=-0.007 Z=-0.001 rad/s
  Quaternion:   X=-0.011 Y=-0.005 Z=-0.576 W=0.817

[IMU] Inertial Measurement Unit Data:
  Acceleration: X=0.069 Y=-0.184 Z=9.971 m/s²
  Gyroscope:    X=0.003 Y=-0.005 Z=-0.002 rad/s
  Quaternion:   X=-0.011 Y=-0.005 Z=-0.576 W=0.817

[IMU] Inertial Measurement Unit Data:
  Acceleration: X=0.060 Y=-0.168 Z=9.967 m/s²
  Gyroscope:    X=0.004 Y=-0.007 Z=-0.002 rad/s
  Quaternion:   X=-0.011 Y=-0.005 Z=-0.576 W=0.817

[IMU] Inertial Measurement Unit Data:
  Acceleration: X=0.065 Y=-0.181 Z=9.967 m/s²
  Gyroscope:    X=0.002 Y=-0.007 Z=-0.001 rad/s
  Quaternion:   X=-0.011 Y=-0.005 Z=-0.576 W=0.817

[IMU] Inertial Measurement Unit Data:
  Acceleration: X=0.064 Y=-0.169 Z=9.980 m/s²
  Gyroscope:    X=0.002 Y=-0.007 Z=-0.001 rad/s
  Quaternion:   X=-0.011 Y=-0.005 Z=-0.576 W=0.817

[IMU] Inertial Measurement Unit Data:
  Acceleration: X=0.044 Y=-0.197 Z=9.955 m/s²
  Gyroscope:    X=0.002 Y=-0.007 Z=-0.002 rad/s
  Quaternion:   X=-0.011 Y=-0.005 Z=-0.576 W=0.817

[IMU] Inertial Measurement Unit Data:
  Acceleration: X=0.081 Y=-0.192 Z=9.934 m/s²
  Gyroscope:    X=0.002 Y=-0.007 Z=-0.002 rad/s
  Quaternion:   X=-0.011 Y=-0.005 Z=-0.576 W=0.817

[IMU] Inertial Measurement Unit Data:
  Acceleration: X=0.058 Y=-0.163 Z=9.964 m/s²
  Gyroscope:    X=0.003 Y=-0.007 Z=-0.002 rad/s
  Quaternion:   X=-0.011 Y=-0.005 Z=-0.576 W=0.817

[IMU] Inertial Measurement Unit Data:
  Acceleration: X=0.062 Y=-0.193 Z=9.941 m/s²
  Gyroscope:    X=0.002 Y=-0.007 Z=-0.003 rad/s
  Quaternion:   X=-0.011 Y=-0.005 Z=-0.576 W=0.817

[IMU] Inertial Measurement Unit Data:
  Acceleration: X=0.063 Y=-0.168 Z=9.955 m/s²
  Gyroscope:    X=0.003 Y=-0.006 Z=-0.001 rad/s
  Quaternion:   X=-0.011 Y=-0.005 Z=-0.576 W=0.817
[CMD] Disabling IMU...

[IMU] Inertial Measurement Unit Data:
  Acceleration: X=0.050 Y=-0.201 Z=9.952 m/s²
  Gyroscope:    X=0.003 Y=-0.008 Z=-0.003 rad/s
  Quaternion:   X=-0.011 Y=-0.005 Z=-0.576 W=0.817
[CTRL] ✓ IMU sensor config: OFF

[STATE] Robot State Data:
  Head Angle: -1.224°, Direction: 1
  Lights: Front=2 Back=2
  Speed Level: 1, E-Stop: SW=1 HW=1
  Motion: Status=2 Mode=1
  Battery: 1=69% 2=69%
  Speed: Linear=0.000 Trans=0.000 Angular=-0.002
  Odometry: 0.000 m
  Joint Temperatures: 
    fr3: 34.000°C
    fr2: 35.000°C
    bl1: 34.000°C
    fl4: 34.000°C
    bl3: 33.000°C
    bl2: 33.000°C
    br1: 35.000°C
    bl4: 33.000°C
    br4: 33.000°C
    fr4: 34.000°C
    fl1: 35.000°C
    fl2: 34.000°C
    br2: 33.000°C
    fl3: 33.000°C
    br3: 33.000°C
    fr1: 36.000°C

========== Lux Sensor Demo ==========
[CMD] Enabling light sensor...
[CTRL] ✓ Lux sensor config: ON

[STATE] Robot State Data:
  Head Angle: -1.226°, Direction: 1
  Lights: Front=2 Back=2
  Speed Level: 1, E-Stop: SW=1 HW=1
  Motion: Status=2 Mode=1
  Battery: 1=69% 2=69%
  Speed: Linear=0.000 Trans=0.000 Angular=-0.003
  Odometry: 0.000 m
  Joint Temperatures: 
    fr3: 34.000°C
    fr2: 35.000°C
    bl1: 34.000°C
    fl4: 34.000°C
    bl3: 33.000°C
    bl2: 33.000°C
    br1: 35.000°C
    bl4: 33.000°C
    br4: 33.000°C
    fr4: 34.000°C
    fl1: 35.000°C
    fl2: 34.000°C
    br2: 33.000°C
    fl3: 33.000°C
    br3: 33.000°C
    fr1: 36.000°C

[LUX] Light Intensity: 56.000 lux

[STATE] Robot State Data:
  Head Angle: -1.228°, Direction: 1
  Lights: Front=2 Back=2
  Speed Level: 1, E-Stop: SW=1 HW=1
  Motion: Status=2 Mode=1
  Battery: 1=69% 2=69%
  Speed: Linear=0.000 Trans=0.000 Angular=-0.002
  Odometry: 0.000 m
  Joint Temperatures: 
    fr3: 34.000°C
    fr2: 35.000°C
    bl1: 34.000°C
    fl4: 34.000°C
    bl3: 33.000°C
    bl2: 33.000°C
    br1: 35.000°C
    bl4: 33.000°C
    br4: 33.000°C
    fr4: 34.000°C
    fl1: 35.000°C
    fl2: 34.000°C
    br2: 33.000°C
    fl3: 33.000°C
    br3: 33.000°C
    fr1: 36.000°C

[LUX] Light Intensity: 56.000 lux

[STATE] Robot State Data:
  Head Angle: -1.230°, Direction: 1
  Lights: Front=2 Back=2
  Speed Level: 1, E-Stop: SW=1 HW=1
  Motion: Status=2 Mode=1
  Battery: 1=69% 2=69%
  Speed: Linear=0.000 Trans=0.000 Angular=-0.002
  Odometry: 0.000 m
  Joint Temperatures: 
    fr3: 34.000°C
    fr2: 35.000°C
    bl1: 34.000°C
    fl4: 34.000°C
    bl3: 33.000°C
    bl2: 33.000°C
    br1: 35.000°C
    bl4: 33.000°C
    br4: 33.000°C
    fr4: 34.000°C
    fl1: 35.000°C
    fl2: 34.000°C
    br2: 33.000°C
    fl3: 33.000°C
    br3: 33.000°C
    fr1: 36.000°C

[LUX] Light Intensity: 56.000 lux

[STATE] Robot State Data:
  Head Angle: -1.232°, Direction: 1
  Lights: Front=2 Back=2
  Speed Level: 1, E-Stop: SW=1 HW=1
  Motion: Status=2 Mode=1
  Battery: 1=69% 2=69%
  Speed: Linear=0.000 Trans=0.000 Angular=-0.001
  Odometry: 0.000 m
  Joint Temperatures: 
    fr3: 34.000°C
    fr2: 35.000°C
    bl1: 34.000°C
    fl4: 34.000°C
    bl3: 33.000°C
    bl2: 33.000°C
    br1: 35.000°C
    bl4: 33.000°C
    br4: 33.000°C
    fr4: 34.000°C
    fl1: 35.000°C
    fl2: 34.000°C
    br2: 33.000°C
    fl3: 33.000°C
    br3: 33.000°C
    fr1: 36.000°C

[LUX] Light Intensity: 56.000 lux

[STATE] Robot State Data:
  Head Angle: -1.234°, Direction: 1
  Lights: Front=2 Back=2
  Speed Level: 1, E-Stop: SW=1 HW=1
  Motion: Status=2 Mode=1
  Battery: 1=69% 2=69%
  Speed: Linear=0.000 Trans=0.000 Angular=-0.002
  Odometry: 0.000 m
  Joint Temperatures: 
    fr3: 34.000°C
    fr2: 35.000°C
    bl1: 34.000°C
    fl4: 34.000°C
    bl3: 33.000°C
    bl2: 33.000°C
    br1: 35.000°C
    bl4: 33.000°C
    br4: 33.000°C
    fr4: 34.000°C
    fl1: 35.000°C
    fl2: 34.000°C
    br2: 33.000°C
    fl3: 33.000°C
    br3: 33.000°C
    fr1: 36.000°C

[LUX] Light Intensity: 56.000 lux
[CMD] Disabling light sensor...
[CTRL] ✓ Lux sensor config: OFF

[STATE] Robot State Data:
  Head Angle: -1.236°, Direction: 1
  Lights: Front=2 Back=2
  Speed Level: 1, E-Stop: SW=1 HW=1
  Motion: Status=2 Mode=1
  Battery: 1=69% 2=69%
  Speed: Linear=0.000 Trans=0.000 Angular=-0.002
  Odometry: 0.000 m
  Joint Temperatures: 
    fr3: 34.000°C
    fr2: 35.000°C
    bl1: 34.000°C
    fl4: 34.000°C
    bl3: 33.000°C
    bl2: 33.000°C
    br1: 35.000°C
    bl4: 33.000°C
    br4: 33.000°C
    fr4: 34.000°C
    fl1: 35.000°C
    fl2: 34.000°C
    br2: 33.000°C
    fl3: 33.000°C
    br3: 33.000°C
    fr1: 36.000°C

========== Motion Data Demo ==========
[CMD] Enabling motion control data...
[CTRL] ✓ Motion control data: ON

[MOTION] Motion Control Data:
  World Velocity: X=0.000 Y=0.000 Z=0.000 m/s
  Position:       X=0.000 Y=0.000 Z=0.106 m
  World Omega:    X=-0.007 Y=-0.004 Z=-0.003 rad/s
  Body Velocity:  X=0.000 Y=0.000 Z=0.000 m/s
  Body Omega:     X=0.001 Y=-0.008 Z=-0.003 rad/s
  Timestamp:      1768357926992619878 ns

[MOTION] Motion Control Data:
  World Velocity: X=0.000 Y=0.000 Z=0.000 m/s
  Position:       X=0.000 Y=0.000 Z=0.106 m
  World Omega:    X=-0.006 Y=-0.005 Z=-0.002 rad/s
  Body Velocity:  X=0.000 Y=0.000 Z=0.000 m/s
  Body Omega:     X=0.002 Y=-0.007 Z=-0.002 rad/s
  Timestamp:      1768357927012617589 ns

[MOTION] Motion Control Data:
  World Velocity: X=0.000 Y=0.000 Z=0.000 m/s
  Position:       X=0.000 Y=0.000 Z=0.106 m
  World Omega:    X=-0.005 Y=-0.005 Z=-0.002 rad/s
  Body Velocity:  X=0.000 Y=0.000 Z=0.000 m/s
  Body Omega:     X=0.003 Y=-0.007 Z=-0.002 rad/s
  Timestamp:      1768357927032654092 ns

[MOTION] Motion Control Data:
  World Velocity: X=0.000 Y=0.000 Z=0.000 m/s
  Position:       X=0.000 Y=0.000 Z=0.106 m
  World Omega:    X=-0.005 Y=-0.004 Z=-0.001 rad/s
  Body Velocity:  X=0.000 Y=0.000 Z=0.000 m/s
  Body Omega:     X=0.002 Y=-0.006 Z=-0.001 rad/s
  Timestamp:      1768357927052678928 ns

[MOTION] Motion Control Data:
  World Velocity: X=0.000 Y=0.000 Z=0.000 m/s
  Position:       X=0.000 Y=0.000 Z=0.106 m
  World Omega:    X=-0.007 Y=-0.006 Z=-0.001 rad/s
  Body Velocity:  X=0.000 Y=0.000 Z=0.000 m/s
  Body Omega:     X=0.003 Y=-0.008 Z=-0.001 rad/s
  Timestamp:      1768357927072628805 ns

[MOTION] Motion Control Data:
  World Velocity: X=0.000 Y=0.000 Z=0.000 m/s
  Position:       X=0.000 Y=0.000 Z=0.106 m
  World Omega:    X=-0.005 Y=-0.006 Z=-0.003 rad/s
  Body Velocity:  X=0.000 Y=0.000 Z=0.000 m/s
  Body Omega:     X=0.003 Y=-0.007 Z=-0.003 rad/s
  Timestamp:      1768357927092619224 ns

[MOTION] Motion Control Data:
  World Velocity: X=0.000 Y=0.000 Z=0.000 m/s
  Position:       X=0.000 Y=0.000 Z=0.106 m
  World Omega:    X=-0.005 Y=-0.005 Z=-0.001 rad/s
  Body Velocity:  X=0.000 Y=0.000 Z=0.000 m/s
  Body Omega:     X=0.003 Y=-0.007 Z=-0.001 rad/s
  Timestamp:      1768357927112616935 ns

[MOTION] Motion Control Data:
  World Velocity: X=0.000 Y=0.000 Z=0.000 m/s
  Position:       X=0.000 Y=0.000 Z=0.106 m
  World Omega:    X=-0.007 Y=-0.005 Z=-0.002 rad/s
  Body Velocity:  X=0.000 Y=0.000 Z=0.000 m/s
  Body Omega:     X=0.002 Y=-0.008 Z=-0.002 rad/s
  Timestamp:      1768357927132637104 ns

[MOTION] Motion Control Data:
  World Velocity: X=0.000 Y=0.000 Z=0.000 m/s
  Position:       X=0.000 Y=0.000 Z=0.106 m
  World Omega:    X=-0.006 Y=-0.005 Z=-0.002 rad/s
  Body Velocity:  X=0.000 Y=0.000 Z=0.000 m/s
  Body Omega:     X=0.002 Y=-0.007 Z=-0.002 rad/s
  Timestamp:      1768357927152707441 ns

[MOTION] Motion Control Data:
  World Velocity: X=0.000 Y=0.000 Z=0.000 m/s
  Position:       X=0.000 Y=0.000 Z=0.106 m
  World Omega:    X=-0.006 Y=-0.006 Z=-0.002 rad/s
  Body Velocity:  X=0.000 Y=0.000 Z=0.000 m/s
  Body Omega:     X=0.004 Y=-0.008 Z=-0.002 rad/s
  Timestamp:      1768357927172617943 ns

[MOTION] Motion Control Data:
  World Velocity: X=0.000 Y=0.000 Z=0.000 m/s
  Position:       X=0.000 Y=0.000 Z=0.106 m
  World Omega:    X=-0.005 Y=-0.004 Z=-0.002 rad/s
  Body Velocity:  X=0.000 Y=0.000 Z=0.000 m/s
  Body Omega:     X=0.002 Y=-0.006 Z=-0.002 rad/s
  Timestamp:      1768357927192616528 ns

[MOTION] Motion Control Data:
  World Velocity: X=0.000 Y=0.000 Z=0.000 m/s
  Position:       X=0.000 Y=0.000 Z=0.106 m
  World Omega:    X=-0.007 Y=-0.006 Z=-0.003 rad/s
  Body Velocity:  X=0.000 Y=0.000 Z=0.000 m/s
  Body Omega:     X=0.003 Y=-0.009 Z=-0.003 rad/s
  Timestamp:      1768357927212615406 ns

[MOTION] Motion Control Data:
  World Velocity: X=0.000 Y=0.000 Z=0.000 m/s
  Position:       X=0.000 Y=0.000 Z=0.106 m
  World Omega:    X=-0.005 Y=-0.006 Z=-0.002 rad/s
  Body Velocity:  X=0.000 Y=0.000 Z=0.000 m/s
  Body Omega:     X=0.003 Y=-0.007 Z=-0.002 rad/s
  Timestamp:      1768357927232644034 ns

[MOTION] Motion Control Data:
  World Velocity: X=0.000 Y=0.000 Z=0.000 m/s
  Position:       X=0.000 Y=0.000 Z=0.106 m
  World Omega:    X=-0.006 Y=-0.005 Z=-0.003 rad/s
  Body Velocity:  X=0.000 Y=0.000 Z=0.000 m/s
  Body Omega:     X=0.002 Y=-0.007 Z=-0.003 rad/s
  Timestamp:      1768357927252807121 ns

[MOTION] Motion Control Data:
  World Velocity: X=0.000 Y=0.000 Z=0.000 m/s
  Position:       X=0.000 Y=0.000 Z=0.106 m
  World Omega:    X=-0.006 Y=-0.005 Z=-0.002 rad/s
  Body Velocity:  X=0.000 Y=0.000 Z=0.000 m/s
  Body Omega:     X=0.003 Y=-0.008 Z=-0.002 rad/s
  Timestamp:      1768357927272619622 ns

[MOTION] Motion Control Data:
  World Velocity: X=0.000 Y=0.000 Z=0.000 m/s
  Position:       X=0.000 Y=0.000 Z=0.106 m
  World Omega:    X=-0.007 Y=-0.005 Z=-0.002 rad/s
  Body Velocity:  X=0.000 Y=0.000 Z=0.000 m/s
  Body Omega:     X=0.002 Y=-0.008 Z=-0.002 rad/s
  Timestamp:      1768357927292616458 ns

[MOTION] Motion Control Data:
  World Velocity: X=0.000 Y=0.000 Z=0.000 m/s
  Position:       X=0.000 Y=0.000 Z=0.106 m
  World Omega:    X=-0.006 Y=-0.005 Z=-0.001 rad/s
  Body Velocity:  X=0.000 Y=0.000 Z=0.000 m/s
  Body Omega:     X=0.003 Y=-0.008 Z=-0.001 rad/s
  Timestamp:      1768357927312614460 ns

[MOTION] Motion Control Data:
  World Velocity: X=0.000 Y=0.000 Z=0.000 m/s
  Position:       X=0.000 Y=0.000 Z=0.106 m
  World Omega:    X=-0.006 Y=-0.005 Z=-0.001 rad/s
  Body Velocity:  X=0.000 Y=0.000 Z=0.000 m/s
  Body Omega:     X=0.003 Y=-0.007 Z=-0.001 rad/s
  Timestamp:      1768357927332629963 ns

[MOTION] Motion Control Data:
  World Velocity: X=0.000 Y=0.000 Z=0.000 m/s
  Position:       X=0.000 Y=0.000 Z=0.106 m
  World Omega:    X=-0.006 Y=-0.005 Z=-0.001 rad/s
  Body Velocity:  X=0.000 Y=0.000 Z=0.000 m/s
  Body Omega:     X=0.003 Y=-0.008 Z=-0.001 rad/s
  Timestamp:      1768357927352836509 ns

[MOTION] Motion Control Data:
  World Velocity: X=0.000 Y=0.000 Z=0.000 m/s
  Position:       X=0.000 Y=0.000 Z=0.106 m
  World Omega:    X=-0.007 Y=-0.005 Z=-0.002 rad/s
  Body Velocity:  X=0.000 Y=0.000 Z=0.000 m/s
  Body Omega:     X=0.002 Y=-0.008 Z=-0.002 rad/s
  Timestamp:      1768357927372647551 ns

[MOTION] Motion Control Data:
  World Velocity: X=0.000 Y=0.000 Z=0.000 m/s
  Position:       X=0.000 Y=0.000 Z=0.106 m
  World Omega:    X=-0.006 Y=-0.006 Z=-0.002 rad/s
  Body Velocity:  X=0.000 Y=0.000 Z=0.000 m/s
  Body Omega:     X=0.003 Y=-0.007 Z=-0.002 rad/s
  Timestamp:      1768357927392616095 ns

[MOTION] Motion Control Data:
  World Velocity: X=0.000 Y=0.000 Z=0.000 m/s
  Position:       X=0.000 Y=0.000 Z=0.106 m
  World Omega:    X=-0.006 Y=-0.005 Z=-0.003 rad/s
  Body Velocity:  X=0.000 Y=0.000 Z=0.000 m/s
  Body Omega:     X=0.003 Y=-0.008 Z=-0.003 rad/s
  Timestamp:      1768357927412618473 ns

[MOTION] Motion Control Data:
  World Velocity: X=0.000 Y=0.000 Z=0.000 m/s
  Position:       X=0.000 Y=0.000 Z=0.106 m
  World Omega:    X=-0.006 Y=-0.007 Z=-0.003 rad/s
  Body Velocity:  X=0.000 Y=0.000 Z=0.000 m/s
  Body Omega:     X=0.004 Y=-0.008 Z=-0.003 rad/s
  Timestamp:      1768357927432633392 ns

[MOTION] Motion Control Data:
  World Velocity: X=0.000 Y=0.000 Z=0.000 m/s
  Position:       X=0.000 Y=0.000 Z=0.106 m
  World Omega:    X=-0.006 Y=-0.006 Z=-0.002 rad/s
  Body Velocity:  X=0.000 Y=0.000 Z=0.000 m/s
  Body Omega:     X=0.003 Y=-0.007 Z=-0.002 rad/s
  Timestamp:      1768357927452886022 ns

[MOTION] Motion Control Data:
  World Velocity: X=0.000 Y=0.000 Z=0.000 m/s
  Position:       X=0.000 Y=0.000 Z=0.106 m
  World Omega:    X=-0.006 Y=-0.005 Z=-0.002 rad/s
  Body Velocity:  X=0.000 Y=0.000 Z=0.000 m/s
  Body Omega:     X=0.002 Y=-0.007 Z=-0.002 rad/s
  Timestamp:      1768357927472621814 ns

[MOTION] Motion Control Data:
  World Velocity: X=0.000 Y=0.000 Z=0.000 m/s
  Position:       X=0.000 Y=0.000 Z=0.106 m
  World Omega:    X=-0.006 Y=-0.006 Z=-0.003 rad/s
  Body Velocity:  X=0.000 Y=0.000 Z=0.000 m/s
  Body Omega:     X=0.003 Y=-0.007 Z=-0.003 rad/s
  Timestamp:      1768357927492616899 ns

[MOTION] Motion Control Data:
  World Velocity: X=0.000 Y=0.000 Z=0.000 m/s
  Position:       X=0.000 Y=0.000 Z=0.106 m
  World Omega:    X=-0.006 Y=-0.006 Z=-0.001 rad/s
  Body Velocity:  X=0.000 Y=0.000 Z=0.000 m/s
  Body Omega:     X=0.004 Y=-0.007 Z=-0.001 rad/s
  Timestamp:      1768357927512616652 ns

[MOTION] Motion Control Data:
  World Velocity: X=0.000 Y=0.000 Z=0.000 m/s
  Position:       X=0.000 Y=0.000 Z=0.106 m
  World Omega:    X=-0.006 Y=-0.005 Z=-0.002 rad/s
  Body Velocity:  X=0.000 Y=0.000 Z=0.000 m/s
  Body Omega:     X=0.002 Y=-0.007 Z=-0.002 rad/s
  Timestamp:      1768357927532638280 ns

[MOTION] Motion Control Data:
  World Velocity: X=0.000 Y=0.000 Z=0.000 m/s
  Position:       X=0.000 Y=0.000 Z=0.106 m
  World Omega:    X=-0.005 Y=-0.006 Z=-0.002 rad/s
  Body Velocity:  X=0.000 Y=0.000 Z=0.000 m/s
  Body Omega:     X=0.003 Y=-0.007 Z=-0.002 rad/s
  Timestamp:      1768357927552976368 ns

[MOTION] Motion Control Data:
  World Velocity: X=0.000 Y=0.000 Z=0.000 m/s
  Position:       X=0.000 Y=0.000 Z=0.106 m
  World Omega:    X=-0.005 Y=-0.004 Z=-0.002 rad/s
  Body Velocity:  X=0.000 Y=0.000 Z=0.000 m/s
  Body Omega:     X=0.002 Y=-0.006 Z=-0.002 rad/s
  Timestamp:      1768357927572650618 ns

[MOTION] Motion Control Data:
  World Velocity: X=0.000 Y=0.000 Z=0.000 m/s
  Position:       X=0.000 Y=0.000 Z=0.106 m
  World Omega:    X=-0.007 Y=-0.005 Z=-0.002 rad/s
  Body Velocity:  X=0.000 Y=0.000 Z=0.000 m/s
  Body Omega:     X=0.002 Y=-0.008 Z=-0.002 rad/s
  Timestamp:      1768357927592617120 ns

[MOTION] Motion Control Data:
  World Velocity: X=0.000 Y=0.000 Z=0.000 m/s
  Position:       X=0.000 Y=0.000 Z=0.106 m
  World Omega:    X=-0.005 Y=-0.006 Z=-0.001 rad/s
  Body Velocity:  X=0.000 Y=0.000 Z=0.000 m/s
  Body Omega:     X=0.003 Y=-0.007 Z=-0.001 rad/s
  Timestamp:      1768357927612634081 ns

[MOTION] Motion Control Data:
  World Velocity: X=0.000 Y=0.000 Z=0.000 m/s
  Position:       X=0.000 Y=0.000 Z=0.106 m
  World Omega:    X=-0.007 Y=-0.006 Z=-0.002 rad/s
  Body Velocity:  X=0.000 Y=0.000 Z=0.000 m/s
  Body Omega:     X=0.003 Y=-0.008 Z=-0.002 rad/s
  Timestamp:      1768357927632648417 ns

[MOTION] Motion Control Data:
  World Velocity: X=0.000 Y=0.000 Z=0.000 m/s
  Position:       X=0.000 Y=0.000 Z=0.106 m
  World Omega:    X=-0.006 Y=-0.005 Z=-0.002 rad/s
  Body Velocity:  X=0.000 Y=0.000 Z=0.000 m/s
  Body Omega:     X=0.002 Y=-0.007 Z=-0.002 rad/s
  Timestamp:      1768357927652808004 ns

[MOTION] Motion Control Data:
  World Velocity: X=0.000 Y=0.000 Z=0.000 m/s
  Position:       X=0.000 Y=0.000 Z=0.106 m
  World Omega:    X=-0.007 Y=-0.006 Z=-0.002 rad/s
  Body Velocity:  X=0.000 Y=0.000 Z=0.000 m/s
  Body Omega:     X=0.003 Y=-0.008 Z=-0.002 rad/s
  Timestamp:      1768357927672647047 ns

[MOTION] Motion Control Data:
  World Velocity: X=0.000 Y=0.000 Z=0.000 m/s
  Position:       X=0.000 Y=0.000 Z=0.106 m
  World Omega:    X=-0.005 Y=-0.005 Z=-0.002 rad/s
  Body Velocity:  X=0.000 Y=0.000 Z=0.000 m/s
  Body Omega:     X=0.003 Y=-0.006 Z=-0.002 rad/s
  Timestamp:      1768357927692624633 ns

[MOTION] Motion Control Data:
  World Velocity: X=0.000 Y=0.000 Z=0.000 m/s
  Position:       X=0.000 Y=0.000 Z=0.106 m
  World Omega:    X=-0.005 Y=-0.006 Z=-0.003 rad/s
  Body Velocity:  X=0.000 Y=0.000 Z=0.000 m/s
  Body Omega:     X=0.003 Y=-0.007 Z=-0.003 rad/s
  Timestamp:      1768357927712623802 ns

[MOTION] Motion Control Data:
  World Velocity: X=0.000 Y=0.000 Z=0.000 m/s
  Position:       X=0.000 Y=0.000 Z=0.106 m
  World Omega:    X=-0.006 Y=-0.006 Z=-0.002 rad/s
  Body Velocity:  X=0.000 Y=0.000 Z=0.000 m/s
  Body Omega:     X=0.003 Y=-0.008 Z=-0.002 rad/s
  Timestamp:      1768357927732677513 ns

[MOTION] Motion Control Data:
  World Velocity: X=0.000 Y=0.000 Z=0.000 m/s
  Position:       X=0.000 Y=0.000 Z=0.106 m
  World Omega:    X=-0.007 Y=-0.006 Z=-0.001 rad/s
  Body Velocity:  X=0.000 Y=0.000 Z=0.000 m/s
  Body Omega:     X=0.004 Y=-0.008 Z=-0.001 rad/s
  Timestamp:      1768357927752856059 ns

[MOTION] Motion Control Data:
  World Velocity: X=0.000 Y=0.000 Z=0.000 m/s
  Position:       X=0.000 Y=0.000 Z=0.106 m
  World Omega:    X=-0.007 Y=-0.005 Z=-0.001 rad/s
  Body Velocity:  X=0.000 Y=0.000 Z=0.000 m/s
  Body Omega:     X=0.002 Y=-0.008 Z=-0.001 rad/s
  Timestamp:      1768357927772619559 ns

[MOTION] Motion Control Data:
  World Velocity: X=0.000 Y=0.000 Z=0.000 m/s
  Position:       X=0.000 Y=0.000 Z=0.106 m
  World Omega:    X=-0.005 Y=-0.005 Z=-0.003 rad/s
  Body Velocity:  X=0.000 Y=0.000 Z=0.000 m/s
  Body Omega:     X=0.003 Y=-0.007 Z=-0.003 rad/s
  Timestamp:      1768357927792620770 ns

[MOTION] Motion Control Data:
  World Velocity: X=0.000 Y=0.000 Z=0.000 m/s
  Position:       X=0.000 Y=0.000 Z=0.106 m
  World Omega:    X=-0.008 Y=-0.005 Z=-0.003 rad/s
  Body Velocity:  X=0.000 Y=0.000 Z=0.000 m/s
  Body Omega:     X=0.002 Y=-0.009 Z=-0.003 rad/s
  Timestamp:      1768357927812617023 ns

[MOTION] Motion Control Data:
  World Velocity: X=0.000 Y=0.000 Z=0.000 m/s
  Position:       X=0.000 Y=0.000 Z=0.106 m
  World Omega:    X=-0.005 Y=-0.004 Z=-0.002 rad/s
  Body Velocity:  X=0.000 Y=0.000 Z=0.000 m/s
  Body Omega:     X=0.002 Y=-0.006 Z=-0.002 rad/s
  Timestamp:      1768357927832636025 ns

[MOTION] Motion Control Data:
  World Velocity: X=0.000 Y=0.000 Z=0.000 m/s
  Position:       X=0.000 Y=0.000 Z=0.106 m
  World Omega:    X=-0.007 Y=-0.007 Z=-0.003 rad/s
  Body Velocity:  X=0.000 Y=0.000 Z=0.000 m/s
  Body Omega:     X=0.004 Y=-0.009 Z=-0.003 rad/s
  Timestamp:      1768357927852844905 ns

[MOTION] Motion Control Data:
  World Velocity: X=0.000 Y=0.000 Z=0.000 m/s
  Position:       X=0.000 Y=0.000 Z=0.106 m
  World Omega:    X=-0.006 Y=-0.005 Z=-0.002 rad/s
  Body Velocity:  X=0.000 Y=0.000 Z=0.000 m/s
  Body Omega:     X=0.003 Y=-0.007 Z=-0.002 rad/s
  Timestamp:      1768357927872622405 ns

[MOTION] Motion Control Data:
  World Velocity: X=0.000 Y=0.000 Z=0.000 m/s
  Position:       X=0.000 Y=0.000 Z=0.106 m
  World Omega:    X=-0.006 Y=-0.006 Z=-0.002 rad/s
  Body Velocity:  X=0.000 Y=0.000 Z=0.000 m/s
  Body Omega:     X=0.003 Y=-0.007 Z=-0.002 rad/s
  Timestamp:      1768357927892616324 ns

[STATE] Robot State Data:
  Head Angle: -1.238°, Direction: 1
  Lights: Front=2 Back=2
  Speed Level: 1, E-Stop: SW=1 HW=1
  Motion: Status=2 Mode=1
  Battery: 1=69% 2=69%
  Speed: Linear=0.000 Trans=0.000 Angular=-0.002
  Odometry: 0.000 m
  Joint Temperatures: 
    fr3: 34.000°C
    fr2: 35.000°C
    bl1: 34.000°C
    fl4: 34.000°C
    bl3: 33.000°C
    bl2: 33.000°C
    br1: 35.000°C
    bl4: 33.000°C
    br4: 33.000°C
    fr4: 34.000°C
    fl1: 35.000°C
    fl2: 34.000°C
    br2: 33.000°C
    fl3: 33.000°C
    br3: 33.000°C
    fr1: 36.000°C

[MOTION] Motion Control Data:
  World Velocity: X=0.000 Y=0.000 Z=0.000 m/s
  Position:       X=0.000 Y=0.000 Z=0.106 m
  World Omega:    X=-0.007 Y=-0.005 Z=-0.001 rad/s
  Body Velocity:  X=0.000 Y=0.000 Z=0.000 m/s
  Body Omega:     X=0.002 Y=-0.008 Z=-0.001 rad/s
  Timestamp:      1768357927912618410 ns

[MOTION] Motion Control Data:
  World Velocity: X=0.000 Y=0.000 Z=0.000 m/s
  Position:       X=0.000 Y=0.000 Z=0.106 m
  World Omega:    X=-0.007 Y=-0.005 Z=-0.002 rad/s
  Body Velocity:  X=0.000 Y=0.000 Z=0.000 m/s
  Body Omega:     X=0.002 Y=-0.008 Z=-0.002 rad/s
  Timestamp:      1768357927932633621 ns

[MOTION] Motion Control Data:
  World Velocity: X=0.000 Y=0.000 Z=0.000 m/s
  Position:       X=0.000 Y=0.000 Z=0.106 m
  World Omega:    X=-0.007 Y=-0.006 Z=-0.002 rad/s
  Body Velocity:  X=0.000 Y=0.000 Z=0.000 m/s
  Body Omega:     X=0.003 Y=-0.008 Z=-0.002 rad/s
  Timestamp:      1768357927952922709 ns

[MOTION] Motion Control Data:
  World Velocity: X=0.000 Y=0.000 Z=0.000 m/s
  Position:       X=0.000 Y=0.000 Z=0.106 m
  World Omega:    X=-0.005 Y=-0.006 Z=-0.001 rad/s
  Body Velocity:  X=0.000 Y=0.000 Z=0.000 m/s
  Body Omega:     X=0.004 Y=-0.006 Z=-0.001 rad/s
  Timestamp:      1768357927972632835 ns

[MOTION] Motion Control Data:
  World Velocity: X=0.000 Y=0.000 Z=0.000 m/s
  Position:       X=0.000 Y=0.000 Z=0.106 m
  World Omega:    X=-0.005 Y=-0.005 Z=-0.001 rad/s
  Body Velocity:  X=0.000 Y=0.000 Z=0.000 m/s
  Body Omega:     X=0.003 Y=-0.007 Z=-0.001 rad/s
  Timestamp:      1768357927992614504 ns

[MOTION] Motion Control Data:
  World Velocity: X=0.000 Y=0.000 Z=0.000 m/s
  Position:       X=0.000 Y=0.000 Z=0.106 m
  World Omega:    X=-0.006 Y=-0.005 Z=-0.002 rad/s
  Body Velocity:  X=0.000 Y=0.000 Z=0.000 m/s
  Body Omega:     X=0.003 Y=-0.008 Z=-0.002 rad/s
  Timestamp:      1768357928012614256 ns

[MOTION] Motion Control Data:
  World Velocity: X=0.000 Y=0.000 Z=0.000 m/s
  Position:       X=0.000 Y=0.000 Z=0.106 m
  World Omega:    X=-0.007 Y=-0.006 Z=-0.002 rad/s
  Body Velocity:  X=0.000 Y=0.000 Z=0.000 m/s
  Body Omega:     X=0.003 Y=-0.008 Z=-0.002 rad/s
  Timestamp:      1768357928032644342 ns

[MOTION] Motion Control Data:
  World Velocity: X=0.000 Y=0.000 Z=0.000 m/s
  Position:       X=0.000 Y=0.000 Z=0.106 m
  World Omega:    X=-0.006 Y=-0.006 Z=-0.002 rad/s
  Body Velocity:  X=0.000 Y=0.000 Z=0.000 m/s
  Body Omega:     X=0.003 Y=-0.008 Z=-0.002 rad/s
  Timestamp:      1768357928052833680 ns

[MOTION] Motion Control Data:
  World Velocity: X=0.000 Y=0.000 Z=0.000 m/s
  Position:       X=0.000 Y=0.000 Z=0.106 m
  World Omega:    X=-0.006 Y=-0.005 Z=-0.003 rad/s
  Body Velocity:  X=0.000 Y=0.000 Z=0.000 m/s
  Body Omega:     X=0.002 Y=-0.007 Z=-0.003 rad/s
  Timestamp:      1768357928072617889 ns

[MOTION] Motion Control Data:
  World Velocity: X=0.000 Y=0.000 Z=0.000 m/s
  Position:       X=0.000 Y=0.000 Z=0.106 m
  World Omega:    X=-0.006 Y=-0.005 Z=-0.002 rad/s
  Body Velocity:  X=0.000 Y=0.000 Z=0.000 m/s
  Body Omega:     X=0.003 Y=-0.007 Z=-0.002 rad/s
  Timestamp:      1768357928092612391 ns

[MOTION] Motion Control Data:
  World Velocity: X=0.000 Y=0.000 Z=0.000 m/s
  Position:       X=0.000 Y=0.000 Z=0.106 m
  World Omega:    X=-0.005 Y=-0.005 Z=-0.003 rad/s
  Body Velocity:  X=0.000 Y=0.000 Z=0.000 m/s
  Body Omega:     X=0.003 Y=-0.007 Z=-0.003 rad/s
  Timestamp:      1768357928112625560 ns

[MOTION] Motion Control Data:
  World Velocity: X=0.000 Y=0.000 Z=0.000 m/s
  Position:       X=0.000 Y=0.000 Z=0.106 m
  World Omega:    X=-0.005 Y=-0.005 Z=-0.001 rad/s
  Body Velocity:  X=0.000 Y=0.000 Z=0.000 m/s
  Body Omega:     X=0.003 Y=-0.006 Z=-0.001 rad/s
  Timestamp:      1768357928132629396 ns

[MOTION] Motion Control Data:
  World Velocity: X=0.000 Y=0.000 Z=0.000 m/s
  Position:       X=0.000 Y=0.000 Z=0.106 m
  World Omega:    X=-0.005 Y=-0.005 Z=-0.003 rad/s
  Body Velocity:  X=0.000 Y=0.000 Z=0.000 m/s
  Body Omega:     X=0.003 Y=-0.007 Z=-0.003 rad/s
  Timestamp:      1768357928152788400 ns

[MOTION] Motion Control Data:
  World Velocity: X=0.000 Y=0.000 Z=0.000 m/s
  Position:       X=0.000 Y=0.000 Z=0.106 m
  World Omega:    X=-0.006 Y=-0.006 Z=-0.001 rad/s
  Body Velocity:  X=0.000 Y=0.000 Z=0.000 m/s
  Body Omega:     X=0.003 Y=-0.008 Z=-0.001 rad/s
  Timestamp:      1768357928172624234 ns

[MOTION] Motion Control Data:
  World Velocity: X=0.000 Y=0.000 Z=0.000 m/s
  Position:       X=0.000 Y=0.000 Z=0.106 m
  World Omega:    X=-0.005 Y=-0.005 Z=-0.002 rad/s
  Body Velocity:  X=0.000 Y=0.000 Z=0.000 m/s
  Body Omega:     X=0.003 Y=-0.006 Z=-0.002 rad/s
  Timestamp:      1768357928192614654 ns

[MOTION] Motion Control Data:
  World Velocity: X=0.000 Y=0.000 Z=0.000 m/s
  Position:       X=0.000 Y=0.000 Z=0.106 m
  World Omega:    X=-0.006 Y=-0.005 Z=-0.002 rad/s
  Body Velocity:  X=0.000 Y=0.000 Z=0.000 m/s
  Body Omega:     X=0.003 Y=-0.007 Z=-0.002 rad/s
  Timestamp:      1768357928212613823 ns

[MOTION] Motion Control Data:
  World Velocity: X=0.000 Y=0.000 Z=0.000 m/s
  Position:       X=0.000 Y=0.000 Z=0.106 m
  World Omega:    X=-0.006 Y=-0.005 Z=-0.002 rad/s
  Body Velocity:  X=0.000 Y=0.000 Z=0.000 m/s
  Body Omega:     X=0.002 Y=-0.007 Z=-0.002 rad/s
  Timestamp:      1768357928232629909 ns

[MOTION] Motion Control Data:
  World Velocity: X=0.000 Y=0.000 Z=0.000 m/s
  Position:       X=0.000 Y=0.000 Z=0.106 m
  World Omega:    X=-0.006 Y=-0.004 Z=-0.001 rad/s
  Body Velocity:  X=0.000 Y=0.000 Z=0.000 m/s
  Body Omega:     X=0.002 Y=-0.007 Z=-0.001 rad/s
  Timestamp:      1768357928252648328 ns

[MOTION] Motion Control Data:
  World Velocity: X=0.000 Y=0.000 Z=0.000 m/s
  Position:       X=0.000 Y=0.000 Z=0.106 m
  World Omega:    X=-0.005 Y=-0.004 Z=-0.002 rad/s
  Body Velocity:  X=0.000 Y=0.000 Z=0.000 m/s
  Body Omega:     X=0.002 Y=-0.006 Z=-0.002 rad/s
  Timestamp:      1768357928272627080 ns

[MOTION] Motion Control Data:
  World Velocity: X=0.000 Y=0.000 Z=0.000 m/s
  Position:       X=0.000 Y=0.000 Z=0.106 m
  World Omega:    X=-0.006 Y=-0.005 Z=-0.002 rad/s
  Body Velocity:  X=0.000 Y=0.000 Z=0.000 m/s
  Body Omega:     X=0.003 Y=-0.007 Z=-0.002 rad/s
  Timestamp:      1768357928292618666 ns

[MOTION] Motion Control Data:
  World Velocity: X=0.000 Y=0.000 Z=0.000 m/s
  Position:       X=0.000 Y=0.000 Z=0.106 m
  World Omega:    X=-0.006 Y=-0.005 Z=-0.003 rad/s
  Body Velocity:  X=0.000 Y=0.000 Z=0.000 m/s
  Body Omega:     X=0.003 Y=-0.007 Z=-0.003 rad/s
  Timestamp:      1768357928312614044 ns

[MOTION] Motion Control Data:
  World Velocity: X=0.000 Y=0.000 Z=0.000 m/s
  Position:       X=0.000 Y=0.000 Z=0.106 m
  World Omega:    X=-0.006 Y=-0.007 Z=-0.002 rad/s
  Body Velocity:  X=0.000 Y=0.000 Z=0.000 m/s
  Body Omega:     X=0.004 Y=-0.008 Z=-0.002 rad/s
  Timestamp:      1768357928332646171 ns

[MOTION] Motion Control Data:
  World Velocity: X=0.000 Y=0.000 Z=0.000 m/s
  Position:       X=0.000 Y=0.000 Z=0.106 m
  World Omega:    X=-0.007 Y=-0.006 Z=-0.002 rad/s
  Body Velocity:  X=0.000 Y=0.000 Z=0.000 m/s
  Body Omega:     X=0.003 Y=-0.008 Z=-0.002 rad/s
  Timestamp:      1768357928352657882 ns

[MOTION] Motion Control Data:
  World Velocity: X=0.000 Y=0.000 Z=0.000 m/s
  Position:       X=0.000 Y=0.000 Z=0.106 m
  World Omega:    X=-0.006 Y=-0.005 Z=-0.002 rad/s
  Body Velocity:  X=0.000 Y=0.000 Z=0.000 m/s
  Body Omega:     X=0.003 Y=-0.007 Z=-0.002 rad/s
  Timestamp:      1768357928372622634 ns

[MOTION] Motion Control Data:
  World Velocity: X=0.000 Y=0.000 Z=0.000 m/s
  Position:       X=0.000 Y=0.000 Z=0.106 m
  World Omega:    X=-0.006 Y=-0.004 Z=-0.002 rad/s
  Body Velocity:  X=0.000 Y=0.000 Z=0.000 m/s
  Body Omega:     X=0.002 Y=-0.007 Z=-0.002 rad/s
  Timestamp:      1768357928392617429 ns

[MOTION] Motion Control Data:
  World Velocity: X=0.000 Y=0.000 Z=0.000 m/s
  Position:       X=0.000 Y=0.000 Z=0.106 m
  World Omega:    X=-0.005 Y=-0.004 Z=-0.002 rad/s
  Body Velocity:  X=0.000 Y=0.000 Z=0.000 m/s
  Body Omega:     X=0.002 Y=-0.006 Z=-0.002 rad/s
  Timestamp:      1768357928412620681 ns

[MOTION] Motion Control Data:
  World Velocity: X=0.000 Y=0.000 Z=0.000 m/s
  Position:       X=0.000 Y=0.000 Z=0.106 m
  World Omega:    X=-0.005 Y=-0.004 Z=-0.002 rad/s
  Body Velocity:  X=0.000 Y=0.000 Z=0.000 m/s
  Body Omega:     X=0.002 Y=-0.006 Z=-0.002 rad/s
  Timestamp:      1768357928432625975 ns

[MOTION] Motion Control Data:
  World Velocity: X=0.000 Y=0.000 Z=0.000 m/s
  Position:       X=0.000 Y=0.000 Z=0.106 m
  World Omega:    X=-0.006 Y=-0.005 Z=-0.001 rad/s
  Body Velocity:  X=0.000 Y=0.000 Z=0.000 m/s
  Body Omega:     X=0.003 Y=-0.008 Z=-0.001 rad/s
  Timestamp:      1768357928452655186 ns

[MOTION] Motion Control Data:
  World Velocity: X=0.000 Y=0.000 Z=0.000 m/s
  Position:       X=0.000 Y=0.000 Z=0.106 m
  World Omega:    X=-0.004 Y=-0.006 Z=-0.002 rad/s
  Body Velocity:  X=0.000 Y=0.000 Z=0.000 m/s
  Body Omega:     X=0.004 Y=-0.006 Z=-0.002 rad/s
  Timestamp:      1768357928472628980 ns

[MOTION] Motion Control Data:
  World Velocity: X=0.000 Y=0.000 Z=0.000 m/s
  Position:       X=0.000 Y=0.000 Z=0.106 m
  World Omega:    X=-0.006 Y=-0.005 Z=-0.002 rad/s
  Body Velocity:  X=0.000 Y=0.000 Z=0.000 m/s
  Body Omega:     X=0.003 Y=-0.008 Z=-0.002 rad/s
  Timestamp:      1768357928492617066 ns

[MOTION] Motion Control Data:
  World Velocity: X=0.000 Y=0.000 Z=0.000 m/s
  Position:       X=0.000 Y=0.000 Z=0.106 m
  World Omega:    X=-0.006 Y=-0.006 Z=-0.002 rad/s
  Body Velocity:  X=0.000 Y=0.000 Z=0.000 m/s
  Body Omega:     X=0.004 Y=-0.008 Z=-0.002 rad/s
  Timestamp:      1768357928512621194 ns

[MOTION] Motion Control Data:
  World Velocity: X=0.000 Y=0.000 Z=0.000 m/s
  Position:       X=0.000 Y=0.000 Z=0.106 m
  World Omega:    X=-0.006 Y=-0.004 Z=-0.002 rad/s
  Body Velocity:  X=0.000 Y=0.000 Z=0.000 m/s
  Body Omega:     X=0.002 Y=-0.007 Z=-0.002 rad/s
  Timestamp:      1768357928532651280 ns

[MOTION] Motion Control Data:
  World Velocity: X=0.000 Y=0.000 Z=0.000 m/s
  Position:       X=0.000 Y=0.000 Z=0.106 m
  World Omega:    X=-0.006 Y=-0.005 Z=-0.002 rad/s
  Body Velocity:  X=0.000 Y=0.000 Z=0.000 m/s
  Body Omega:     X=0.002 Y=-0.007 Z=-0.002 rad/s
  Timestamp:      1768357928552711116 ns

[MOTION] Motion Control Data:
  World Velocity: X=0.000 Y=0.000 Z=0.000 m/s
  Position:       X=0.000 Y=0.000 Z=0.106 m
  World Omega:    X=-0.007 Y=-0.006 Z=-0.002 rad/s
  Body Velocity:  X=0.000 Y=0.000 Z=0.000 m/s
  Body Omega:     X=0.003 Y=-0.008 Z=-0.002 rad/s
  Timestamp:      1768357928572681702 ns

[MOTION] Motion Control Data:
  World Velocity: X=0.000 Y=0.000 Z=0.000 m/s
  Position:       X=0.000 Y=0.000 Z=0.106 m
  World Omega:    X=-0.006 Y=-0.005 Z=-0.003 rad/s
  Body Velocity:  X=0.000 Y=0.000 Z=0.000 m/s
  Body Omega:     X=0.003 Y=-0.007 Z=-0.003 rad/s
  Timestamp:      1768357928592623120 ns

[MOTION] Motion Control Data:
  World Velocity: X=0.000 Y=0.000 Z=0.000 m/s
  Position:       X=0.000 Y=0.000 Z=0.106 m
  World Omega:    X=-0.006 Y=-0.005 Z=-0.001 rad/s
  Body Velocity:  X=0.000 Y=0.000 Z=0.000 m/s
  Body Omega:     X=0.003 Y=-0.008 Z=-0.001 rad/s
  Timestamp:      1768357928612616164 ns

[MOTION] Motion Control Data:
  World Velocity: X=0.000 Y=0.000 Z=0.000 m/s
  Position:       X=0.000 Y=0.000 Z=0.106 m
  World Omega:    X=-0.005 Y=-0.005 Z=-0.001 rad/s
  Body Velocity:  X=0.000 Y=0.000 Z=0.000 m/s
  Body Omega:     X=0.003 Y=-0.007 Z=-0.001 rad/s
  Timestamp:      1768357928632642167 ns

[MOTION] Motion Control Data:
  World Velocity: X=0.000 Y=0.000 Z=0.000 m/s
  Position:       X=0.000 Y=0.000 Z=0.106 m
  World Omega:    X=-0.007 Y=-0.006 Z=-0.003 rad/s
  Body Velocity:  X=0.000 Y=0.000 Z=0.000 m/s
  Body Omega:     X=0.003 Y=-0.008 Z=-0.003 rad/s
  Timestamp:      1768357928652684503 ns

[MOTION] Motion Control Data:
  World Velocity: X=0.000 Y=0.000 Z=0.000 m/s
  Position:       X=0.000 Y=0.000 Z=0.106 m
  World Omega:    X=-0.007 Y=-0.006 Z=-0.002 rad/s
  Body Velocity:  X=0.000 Y=0.000 Z=0.000 m/s
  Body Omega:     X=0.003 Y=-0.008 Z=-0.002 rad/s
  Timestamp:      1768357928672725965 ns

[MOTION] Motion Control Data:
  World Velocity: X=0.000 Y=0.000 Z=0.000 m/s
  Position:       X=0.000 Y=0.000 Z=0.106 m
  World Omega:    X=-0.005 Y=-0.005 Z=-0.002 rad/s
  Body Velocity:  X=0.000 Y=0.000 Z=0.000 m/s
  Body Omega:     X=0.003 Y=-0.007 Z=-0.002 rad/s
  Timestamp:      1768357928692617508 ns

[MOTION] Motion Control Data:
  World Velocity: X=0.000 Y=0.000 Z=0.000 m/s
  Position:       X=0.000 Y=0.000 Z=0.106 m
  World Omega:    X=-0.006 Y=-0.006 Z=-0.001 rad/s
  Body Velocity:  X=0.000 Y=0.000 Z=0.000 m/s
  Body Omega:     X=0.003 Y=-0.008 Z=-0.001 rad/s
  Timestamp:      1768357928712615219 ns

[MOTION] Motion Control Data:
  World Velocity: X=0.000 Y=0.000 Z=0.000 m/s
  Position:       X=0.000 Y=0.000 Z=0.106 m
  World Omega:    X=-0.005 Y=-0.005 Z=-0.002 rad/s
  Body Velocity:  X=0.000 Y=0.000 Z=0.000 m/s
  Body Omega:     X=0.003 Y=-0.007 Z=-0.002 rad/s
  Timestamp:      1768357928732642971 ns

[MOTION] Motion Control Data:
  World Velocity: X=0.000 Y=0.000 Z=0.000 m/s
  Position:       X=0.000 Y=0.000 Z=0.106 m
  World Omega:    X=-0.007 Y=-0.006 Z=-0.002 rad/s
  Body Velocity:  X=0.000 Y=0.000 Z=0.000 m/s
  Body Omega:     X=0.003 Y=-0.008 Z=-0.002 rad/s
  Timestamp:      1768357928752641265 ns

[MOTION] Motion Control Data:
  World Velocity: X=0.000 Y=0.000 Z=0.000 m/s
  Position:       X=0.000 Y=0.000 Z=0.106 m
  World Omega:    X=-0.006 Y=-0.005 Z=-0.002 rad/s
  Body Velocity:  X=0.000 Y=0.000 Z=0.000 m/s
  Body Omega:     X=0.002 Y=-0.007 Z=-0.002 rad/s
  Timestamp:      1768357928772619434 ns

[MOTION] Motion Control Data:
  World Velocity: X=0.000 Y=0.000 Z=0.000 m/s
  Position:       X=0.000 Y=0.000 Z=0.106 m
  World Omega:    X=-0.006 Y=-0.006 Z=-0.002 rad/s
  Body Velocity:  X=0.000 Y=0.000 Z=0.000 m/s
  Body Omega:     X=0.004 Y=-0.008 Z=-0.002 rad/s
  Timestamp:      1768357928792653604 ns

[MOTION] Motion Control Data:
  World Velocity: X=0.000 Y=0.000 Z=0.000 m/s
  Position:       X=0.000 Y=0.000 Z=0.106 m
  World Omega:    X=-0.007 Y=-0.005 Z=-0.002 rad/s
  Body Velocity:  X=0.000 Y=0.000 Z=0.000 m/s
  Body Omega:     X=0.002 Y=-0.008 Z=-0.002 rad/s
  Timestamp:      1768357928812617481 ns

[MOTION] Motion Control Data:
  World Velocity: X=0.000 Y=0.000 Z=0.000 m/s
  Position:       X=0.000 Y=0.000 Z=0.106 m
  World Omega:    X=-0.007 Y=-0.006 Z=-0.001 rad/s
  Body Velocity:  X=0.000 Y=0.000 Z=0.000 m/s
  Body Omega:     X=0.003 Y=-0.008 Z=-0.001 rad/s
  Timestamp:      1768357928832635317 ns

[MOTION] Motion Control Data:
  World Velocity: X=0.000 Y=0.000 Z=0.000 m/s
  Position:       X=0.000 Y=0.000 Z=0.106 m
  World Omega:    X=-0.005 Y=-0.006 Z=-0.003 rad/s
  Body Velocity:  X=0.000 Y=0.000 Z=0.000 m/s
  Body Omega:     X=0.003 Y=-0.007 Z=-0.003 rad/s
  Timestamp:      1768357928852633028 ns

[MOTION] Motion Control Data:
  World Velocity: X=0.000 Y=0.000 Z=0.000 m/s
  Position:       X=0.000 Y=0.000 Z=0.106 m
  World Omega:    X=-0.006 Y=-0.006 Z=-0.001 rad/s
  Body Velocity:  X=0.000 Y=0.000 Z=0.000 m/s
  Body Omega:     X=0.003 Y=-0.008 Z=-0.001 rad/s
  Timestamp:      1768357928872622280 ns

[MOTION] Motion Control Data:
  World Velocity: X=0.000 Y=0.000 Z=0.000 m/s
  Position:       X=0.000 Y=0.000 Z=0.106 m
  World Omega:    X=-0.006 Y=-0.006 Z=-0.002 rad/s
  Body Velocity:  X=0.000 Y=0.000 Z=0.000 m/s
  Body Omega:     X=0.003 Y=-0.007 Z=-0.002 rad/s
  Timestamp:      1768357928892618533 ns

[STATE] Robot State Data:
  Head Angle: -1.240°, Direction: 1
  Lights: Front=2 Back=2
  Speed Level: 1, E-Stop: SW=1 HW=1
  Motion: Status=2 Mode=1
  Battery: 1=69% 2=69%
  Speed: Linear=0.000 Trans=0.000 Angular=-0.002
  Odometry: 0.000 m
  Joint Temperatures: 
    fr3: 34.000°C
    fr2: 35.000°C
    bl1: 34.000°C
    fl4: 34.000°C
    bl3: 33.000°C
    bl2: 33.000°C
    br1: 35.000°C
    bl4: 33.000°C
    br4: 33.000°C
    fr4: 34.000°C
    fl1: 35.000°C
    fl2: 34.000°C
    br2: 33.000°C
    fl3: 33.000°C
    br3: 33.000°C
    fr1: 36.000°C

[MOTION] Motion Control Data:
  World Velocity: X=0.000 Y=0.000 Z=0.000 m/s
  Position:       X=0.000 Y=0.000 Z=0.106 m
  World Omega:    X=-0.005 Y=-0.005 Z=-0.002 rad/s
  Body Velocity:  X=0.000 Y=0.000 Z=0.000 m/s
  Body Omega:     X=0.003 Y=-0.007 Z=-0.002 rad/s
  Timestamp:      1768357928912617119 ns

[MOTION] Motion Control Data:
  World Velocity: X=0.000 Y=0.000 Z=0.000 m/s
  Position:       X=0.000 Y=0.000 Z=0.106 m
  World Omega:    X=-0.007 Y=-0.006 Z=-0.001 rad/s
  Body Velocity:  X=0.000 Y=0.000 Z=0.000 m/s
  Body Omega:     X=0.003 Y=-0.008 Z=-0.001 rad/s
  Timestamp:      1768357928932642538 ns

[MOTION] Motion Control Data:
  World Velocity: X=0.000 Y=0.000 Z=0.000 m/s
  Position:       X=0.000 Y=0.000 Z=0.106 m
  World Omega:    X=-0.006 Y=-0.006 Z=-0.001 rad/s
  Body Velocity:  X=0.000 Y=0.000 Z=0.000 m/s
  Body Omega:     X=0.004 Y=-0.008 Z=-0.001 rad/s
  Timestamp:      1768357928952627707 ns

[MOTION] Motion Control Data:
  World Velocity: X=0.000 Y=0.000 Z=0.000 m/s
  Position:       X=0.000 Y=0.000 Z=0.106 m
  World Omega:    X=-0.007 Y=-0.006 Z=-0.002 rad/s
  Body Velocity:  X=0.000 Y=0.000 Z=0.000 m/s
  Body Omega:     X=0.003 Y=-0.008 Z=-0.002 rad/s
  Timestamp:      1768357928972626876 ns
[CMD] Disabling motion control data...
[CTRL] ✓ Motion control data: OFF

[STATE] Robot State Data:
  Head Angle: -1.242°, Direction: 1
  Lights: Front=2 Back=2
  Speed Level: 1, E-Stop: SW=1 HW=1
  Motion: Status=2 Mode=1
  Battery: 1=69% 2=69%
  Speed: Linear=0.000 Trans=0.000 Angular=-0.001
  Odometry: 0.000 m
  Joint Temperatures: 
    fr3: 34.000°C
    fr2: 35.000°C
    bl1: 34.000°C
    fl4: 34.000°C
    bl3: 33.000°C
    bl2: 33.000°C
    br1: 35.000°C
    bl4: 33.000°C
    br4: 33.000°C
    fr4: 34.000°C
    fl1: 35.000°C
    fl2: 34.000°C
    br2: 33.000°C
    fl3: 33.000°C
    br3: 33.000°C
    fr1: 36.000°C

========== Speed Data Demo ==========
[CMD] Enabling speed data @ 20Hz...
[CTRL] ✓ Speed report config: ON, Frequency: 20 Hz

[SPEED] Speed Data:
  X: 0.000 m/s, Y: 0.000 m/s, Yaw: -0.003 rad/s count:1

[SPEED] Speed Data:
  X: 0.000 m/s, Y: 0.000 m/s, Yaw: -0.002 rad/s count:2

[SPEED] Speed Data:
  X: 0.000 m/s, Y: 0.000 m/s, Yaw: -0.002 rad/s count:3

[SPEED] Speed Data:
  X: 0.000 m/s, Y: 0.000 m/s, Yaw: -0.002 rad/s count:4

[SPEED] Speed Data:
  X: 0.000 m/s, Y: 0.000 m/s, Yaw: -0.002 rad/s count:5

[SPEED] Speed Data:
  X: 0.000 m/s, Y: 0.000 m/s, Yaw: -0.002 rad/s count:6

[SPEED] Speed Data:
  X: 0.000 m/s, Y: 0.000 m/s, Yaw: -0.003 rad/s count:7

[SPEED] Speed Data:
  X: 0.000 m/s, Y: 0.000 m/s, Yaw: -0.002 rad/s count:8

[SPEED] Speed Data:
  X: 0.000 m/s, Y: 0.000 m/s, Yaw: -0.002 rad/s count:9

[SPEED] Speed Data:
  X: 0.000 m/s, Y: 0.000 m/s, Yaw: -0.002 rad/s count:10

[SPEED] Speed Data:
  X: 0.000 m/s, Y: 0.000 m/s, Yaw: -0.002 rad/s count:11

[SPEED] Speed Data:
  X: 0.000 m/s, Y: 0.000 m/s, Yaw: -0.002 rad/s count:12

[SPEED] Speed Data:
  X: 0.000 m/s, Y: 0.000 m/s, Yaw: -0.003 rad/s count:13

[SPEED] Speed Data:
  X: 0.000 m/s, Y: 0.000 m/s, Yaw: -0.002 rad/s count:14

[SPEED] Speed Data:
  X: 0.000 m/s, Y: 0.000 m/s, Yaw: -0.002 rad/s count:15

[SPEED] Speed Data:
  X: 0.000 m/s, Y: 0.000 m/s, Yaw: -0.002 rad/s count:16

[SPEED] Speed Data:
  X: 0.000 m/s, Y: 0.000 m/s, Yaw: -0.002 rad/s count:17

[STATE] Robot State Data:
  Head Angle: -1.244°, Direction: 1
  Lights: Front=2 Back=2
  Speed Level: 1, E-Stop: SW=1 HW=1
  Motion: Status=2 Mode=1
  Battery: 1=69% 2=69%
  Speed: Linear=0.000 Trans=0.000 Angular=-0.003
  Odometry: 0.000 m
  Joint Temperatures: 
    fr3: 34.000°C
    fr2: 35.000°C
    bl1: 34.000°C
    fl4: 34.000°C
    bl3: 33.000°C
    bl2: 33.000°C
    br1: 35.000°C
    bl4: 33.000°C
    br4: 33.000°C
    fr4: 34.000°C
    fl1: 35.000°C
    fl2: 34.000°C
    br2: 33.000°C
    fl3: 33.000°C
    br3: 33.000°C
    fr1: 36.000°C

[SPEED] Speed Data:
  X: 0.000 m/s, Y: 0.000 m/s, Yaw: -0.002 rad/s count:18

[SPEED] Speed Data:
  X: 0.000 m/s, Y: 0.000 m/s, Yaw: -0.002 rad/s count:19

[SPEED] Speed Data:
  X: 0.000 m/s, Y: 0.000 m/s, Yaw: -0.003 rad/s count:20

[SPEED] Speed Data:
  X: 0.000 m/s, Y: 0.000 m/s, Yaw: -0.002 rad/s count:21

[SPEED] Speed Data:
  X: 0.000 m/s, Y: 0.000 m/s, Yaw: -0.003 rad/s count:22

[SPEED] Speed Data:
  X: 0.000 m/s, Y: 0.000 m/s, Yaw: -0.002 rad/s count:23

[SPEED] Speed Data:
  X: 0.000 m/s, Y: 0.000 m/s, Yaw: -0.000 rad/s count:24

[SPEED] Speed Data:
  X: 0.000 m/s, Y: 0.000 m/s, Yaw: -0.001 rad/s count:25

[SPEED] Speed Data:
  X: 0.000 m/s, Y: 0.000 m/s, Yaw: -0.002 rad/s count:26

[SPEED] Speed Data:
  X: 0.000 m/s, Y: 0.000 m/s, Yaw: -0.003 rad/s count:27

[SPEED] Speed Data:
  X: 0.000 m/s, Y: 0.000 m/s, Yaw: -0.001 rad/s count:28

[SPEED] Speed Data:
  X: 0.000 m/s, Y: 0.000 m/s, Yaw: -0.002 rad/s count:29

[SPEED] Speed Data:
  X: 0.000 m/s, Y: 0.000 m/s, Yaw: -0.003 rad/s count:30

[SPEED] Speed Data:
  X: 0.000 m/s, Y: 0.000 m/s, Yaw: -0.002 rad/s count:31

[SPEED] Speed Data:
  X: 0.000 m/s, Y: 0.000 m/s, Yaw: -0.001 rad/s count:32

[SPEED] Speed Data:
  X: 0.000 m/s, Y: 0.000 m/s, Yaw: -0.002 rad/s count:33

[SPEED] Speed Data:
  X: 0.000 m/s, Y: 0.000 m/s, Yaw: -0.002 rad/s count:34

[SPEED] Speed Data:
  X: 0.000 m/s, Y: 0.000 m/s, Yaw: -0.001 rad/s count:35

[SPEED] Speed Data:
  X: 0.000 m/s, Y: 0.000 m/s, Yaw: -0.002 rad/s count:36

[SPEED] Speed Data:
  X: 0.000 m/s, Y: 0.000 m/s, Yaw: -0.001 rad/s count:37

[STATE] Robot State Data:
  Head Angle: -1.246°, Direction: 1
  Lights: Front=2 Back=2
  Speed Level: 1, E-Stop: SW=1 HW=1
  Motion: Status=2 Mode=1
  Battery: 1=69% 2=69%
  Speed: Linear=0.000 Trans=0.000 Angular=-0.003
  Odometry: 0.000 m
  Joint Temperatures: 
    fr3: 34.000°C
    fr2: 35.000°C
    bl1: 34.000°C
    fl4: 34.000°C
    bl3: 33.000°C
    bl2: 33.000°C
    br1: 35.000°C
    bl4: 33.000°C
    br4: 33.000°C
    fr4: 34.000°C
    fl1: 35.000°C
    fl2: 34.000°C
    br2: 33.000°C
    fl3: 33.000°C
    br3: 33.000°C
    fr1: 36.000°C

[SPEED] Speed Data:
  X: 0.000 m/s, Y: 0.000 m/s, Yaw: -0.002 rad/s count:38
[CMD] Disabling speed data...

[SPEED] Speed Data:
  X: 0.000 m/s, Y: 0.000 m/s, Yaw: -0.002 rad/s count:39
[CTRL] ✓ Speed report config: OFF, Frequency: 0 Hz

[STATE] Robot State Data:
  Head Angle: -1.248°, Direction: 1
  Lights: Front=2 Back=2
  Speed Level: 1, E-Stop: SW=1 HW=1
  Motion: Status=2 Mode=1
  Battery: 1=69% 2=69%
  Speed: Linear=0.000 Trans=0.000 Angular=-0.002
  Odometry: 0.000 m
  Joint Temperatures: 
    fr3: 34.000°C
    fr2: 35.000°C
    bl1: 34.000°C
    fl4: 34.000°C
    bl3: 33.000°C
    bl2: 33.000°C
    br1: 35.000°C
    bl4: 33.000°C
    br4: 33.000°C
    fr4: 34.000°C
    fl1: 35.000°C
    fl2: 34.000°C
    br2: 33.000°C
    fl3: 33.000°C
    br3: 33.000°C
    fr1: 36.000°C

[STATE] Robot State Data:
  Head Angle: -1.250°, Direction: 1
  Lights: Front=2 Back=2
  Speed Level: 1, E-Stop: SW=1 HW=1
  Motion: Status=2 Mode=1
  Battery: 1=69% 2=69%
  Speed: Linear=0.000 Trans=0.000 Angular=-0.002
  Odometry: 0.000 m
  Joint Temperatures: 
    fr3: 34.000°C
    fr2: 35.000°C
    bl1: 34.000°C
    fl4: 34.000°C
    bl3: 33.000°C
    bl2: 33.000°C
    br1: 35.000°C
    bl4: 33.000°C
    br4: 33.000°C
    fr4: 34.000°C
    fl1: 35.000°C
    fl2: 34.000°C
    br2: 33.000°C
    fl3: 33.000°C
    br3: 33.000°C
    fr1: 36.000°C

========== Joint State Data Demo ==========
[CMD] Enabling joint state data...
[CTRL] ✓ Joint state data config: ON

[JOINT STATE] Joint State Data:
  fl1_hip_roll: Position=-1.079 rad, Velocity=-0.001 rad/s, Effort=-0.105 Nm
  fl2_hip_pitch: Position=1.280 rad, Velocity=-0.001 rad/s, Effort=-0.160 Nm
  fl3_knee_pitch: Position=0.010 rad, Velocity=-0.001 rad/s, Effort=-0.041 Nm
  fl4_foot: Position=0.544 rad, Velocity=-0.003 rad/s, Effort=-0.008 Nm
  fr1_hip_roll: Position=1.195 rad, Velocity=-0.001 rad/s, Effort=-0.050 Nm
  fr2_hip_pitch: Position=-1.431 rad, Velocity=-0.001 rad/s, Effort=-0.005 Nm
  fr3_knee_pitch: Position=-0.227 rad, Velocity=-0.001 rad/s, Effort=-0.023 Nm
  fr4_foot: Position=0.487 rad, Velocity=-0.003 rad/s, Effort=-0.007 Nm
  bl1_hip_roll: Position=1.216 rad, Velocity=-0.001 rad/s, Effort=0.005 Nm
  bl2_hip_pitch: Position=-1.402 rad, Velocity=-0.001 rad/s, Effort=-0.060 Nm
  bl3_knee_pitch: Position=-0.179 rad, Velocity=-0.001 rad/s, Effort=-0.041 Nm
  bl4_foot: Position=0.232 rad, Velocity=-0.003 rad/s, Effort=0.002 Nm
  br1_hip_roll: Position=-1.217 rad, Velocity=-0.001 rad/s, Effort=0.005 Nm
  br2_hip_pitch: Position=1.452 rad, Velocity=-0.001 rad/s, Effort=-0.050 Nm
  br3_knee_pitch: Position=0.234 rad, Velocity=-0.001 rad/s, Effort=-0.014 Nm
  br4_foot: Position=0.843 rad, Velocity=-0.003 rad/s, Effort=-0.005 Nm

[JOINT STATE] Joint State Data:
  fl1_hip_roll: Position=-1.079 rad, Velocity=-0.001 rad/s, Effort=-0.069 Nm
  fl2_hip_pitch: Position=1.280 rad, Velocity=-0.001 rad/s, Effort=-0.160 Nm
  fl3_knee_pitch: Position=0.010 rad, Velocity=-0.001 rad/s, Effort=-0.023 Nm
  fl4_foot: Position=0.544 rad, Velocity=-0.003 rad/s, Effort=-0.018 Nm
  fr1_hip_roll: Position=1.195 rad, Velocity=-0.001 rad/s, Effort=0.005 Nm
  fr2_hip_pitch: Position=-1.431 rad, Velocity=-0.001 rad/s, Effort=0.014 Nm
  fr3_knee_pitch: Position=-0.227 rad, Velocity=-0.001 rad/s, Effort=-0.060 Nm
  fr4_foot: Position=0.487 rad, Velocity=-0.003 rad/s, Effort=-0.004 Nm
  bl1_hip_roll: Position=1.216 rad, Velocity=-0.001 rad/s, Effort=-0.014 Nm
  bl2_hip_pitch: Position=-1.402 rad, Velocity=-0.001 rad/s, Effort=-0.032 Nm
  bl3_knee_pitch: Position=-0.179 rad, Velocity=-0.001 rad/s, Effort=-0.023 Nm
  bl4_foot: Position=0.232 rad, Velocity=-0.003 rad/s, Effort=-0.002 Nm
  br1_hip_roll: Position=-1.217 rad, Velocity=-0.001 rad/s, Effort=-0.105 Nm
  br2_hip_pitch: Position=1.452 rad, Velocity=-0.001 rad/s, Effort=-0.041 Nm
  br3_knee_pitch: Position=0.234 rad, Velocity=-0.001 rad/s, Effort=0.023 Nm
  br4_foot: Position=0.843 rad, Velocity=-0.003 rad/s, Effort=-0.008 Nm

[JOINT STATE] Joint State Data:
  fl1_hip_roll: Position=-1.079 rad, Velocity=-0.001 rad/s, Effort=-0.032 Nm
  fl2_hip_pitch: Position=1.280 rad, Velocity=-0.001 rad/s, Effort=-0.160 Nm
  fl3_knee_pitch: Position=0.010 rad, Velocity=-0.001 rad/s, Effort=-0.050 Nm
  fl4_foot: Position=0.544 rad, Velocity=-0.003 rad/s, Effort=0.005 Nm
  fr1_hip_roll: Position=1.195 rad, Velocity=-0.001 rad/s, Effort=-0.041 Nm
  fr2_hip_pitch: Position=-1.431 rad, Velocity=-0.001 rad/s, Effort=-0.032 Nm
  fr3_knee_pitch: Position=-0.227 rad, Velocity=-0.001 rad/s, Effort=-0.032 Nm
  fr4_foot: Position=0.487 rad, Velocity=-0.003 rad/s, Effort=-0.005 Nm
  bl1_hip_roll: Position=1.216 rad, Velocity=-0.001 rad/s, Effort=0.041 Nm
  bl2_hip_pitch: Position=-1.402 rad, Velocity=-0.001 rad/s, Effort=-0.087 Nm
  bl3_knee_pitch: Position=-0.179 rad, Velocity=-0.001 rad/s, Effort=-0.032 Nm
  bl4_foot: Position=0.232 rad, Velocity=-0.003 rad/s, Effort=0.007 Nm
  br1_hip_roll: Position=-1.217 rad, Velocity=-0.001 rad/s, Effort=-0.060 Nm
  br2_hip_pitch: Position=1.452 rad, Velocity=-0.001 rad/s, Effort=-0.005 Nm
  br3_knee_pitch: Position=0.234 rad, Velocity=-0.001 rad/s, Effort=-0.041 Nm
  br4_foot: Position=0.843 rad, Velocity=-0.003 rad/s, Effort=-0.004 Nm

[JOINT STATE] Joint State Data:
  fl1_hip_roll: Position=-1.079 rad, Velocity=-0.001 rad/s, Effort=-0.060 Nm
  fl2_hip_pitch: Position=1.280 rad, Velocity=-0.001 rad/s, Effort=-0.160 Nm
  fl3_knee_pitch: Position=0.010 rad, Velocity=-0.001 rad/s, Effort=-0.005 Nm
  fl4_foot: Position=0.544 rad, Velocity=-0.003 rad/s, Effort=-0.008 Nm
  fr1_hip_roll: Position=1.195 rad, Velocity=-0.001 rad/s, Effort=-0.078 Nm
  fr2_hip_pitch: Position=-1.431 rad, Velocity=-0.001 rad/s, Effort=-0.005 Nm
  fr3_knee_pitch: Position=-0.227 rad, Velocity=-0.001 rad/s, Effort=-0.005 Nm
  fr4_foot: Position=0.487 rad, Velocity=-0.003 rad/s, Effort=0.002 Nm
  bl1_hip_roll: Position=1.216 rad, Velocity=-0.001 rad/s, Effort=-0.005 Nm
  bl2_hip_pitch: Position=-1.402 rad, Velocity=-0.001 rad/s, Effort=0.005 Nm
  bl3_knee_pitch: Position=-0.179 rad, Velocity=-0.001 rad/s, Effort=-0.050 Nm
  bl4_foot: Position=0.232 rad, Velocity=-0.003 rad/s, Effort=-0.004 Nm
  br1_hip_roll: Position=-1.217 rad, Velocity=0.001 rad/s, Effort=-0.041 Nm
  br2_hip_pitch: Position=1.452 rad, Velocity=-0.001 rad/s, Effort=-0.041 Nm
  br3_knee_pitch: Position=0.234 rad, Velocity=-0.001 rad/s, Effort=-0.005 Nm
  br4_foot: Position=0.843 rad, Velocity=-0.003 rad/s, Effort=-0.008 Nm

[JOINT STATE] Joint State Data:
  fl1_hip_roll: Position=-1.079 rad, Velocity=-0.001 rad/s, Effort=0.050 Nm
  fl2_hip_pitch: Position=1.280 rad, Velocity=-0.001 rad/s, Effort=-0.160 Nm
  fl3_knee_pitch: Position=0.010 rad, Velocity=-0.001 rad/s, Effort=-0.050 Nm
  fl4_foot: Position=0.544 rad, Velocity=-0.003 rad/s, Effort=-0.001 Nm
  fr1_hip_roll: Position=1.195 rad, Velocity=-0.001 rad/s, Effort=-0.060 Nm
  fr2_hip_pitch: Position=-1.431 rad, Velocity=-0.001 rad/s, Effort=-0.005 Nm
  fr3_knee_pitch: Position=-0.227 rad, Velocity=-0.001 rad/s, Effort=-0.060 Nm
  fr4_foot: Position=0.487 rad, Velocity=-0.003 rad/s, Effort=-0.005 Nm
  bl1_hip_roll: Position=1.216 rad, Velocity=-0.001 rad/s, Effort=0.032 Nm
  bl2_hip_pitch: Position=-1.402 rad, Velocity=-0.001 rad/s, Effort=0.014 Nm
  bl3_knee_pitch: Position=-0.179 rad, Velocity=-0.001 rad/s, Effort=-0.032 Nm
  bl4_foot: Position=0.232 rad, Velocity=-0.003 rad/s, Effort=-0.001 Nm
  br1_hip_roll: Position=-1.217 rad, Velocity=-0.001 rad/s, Effort=-0.060 Nm
  br2_hip_pitch: Position=1.452 rad, Velocity=-0.001 rad/s, Effort=-0.041 Nm
  br3_knee_pitch: Position=0.234 rad, Velocity=-0.001 rad/s, Effort=-0.060 Nm
  br4_foot: Position=0.843 rad, Velocity=-0.003 rad/s, Effort=0.002 Nm

[JOINT STATE] Joint State Data:
  fl1_hip_roll: Position=-1.079 rad, Velocity=-0.001 rad/s, Effort=0.032 Nm
  fl2_hip_pitch: Position=1.280 rad, Velocity=-0.001 rad/s, Effort=-0.160 Nm
  fl3_knee_pitch: Position=0.010 rad, Velocity=-0.001 rad/s, Effort=-0.023 Nm
  fl4_foot: Position=0.544 rad, Velocity=-0.003 rad/s, Effort=-0.011 Nm
  fr1_hip_roll: Position=1.195 rad, Velocity=-0.001 rad/s, Effort=-0.105 Nm
  fr2_hip_pitch: Position=-1.431 rad, Velocity=-0.001 rad/s, Effort=-0.014 Nm
  fr3_knee_pitch: Position=-0.227 rad, Velocity=-0.001 rad/s, Effort=-0.050 Nm
  fr4_foot: Position=0.487 rad, Velocity=-0.003 rad/s, Effort=-0.004 Nm
  bl1_hip_roll: Position=1.216 rad, Velocity=-0.001 rad/s, Effort=0.005 Nm
  bl2_hip_pitch: Position=-1.402 rad, Velocity=-0.001 rad/s, Effort=0.023 Nm
  bl3_knee_pitch: Position=-0.179 rad, Velocity=-0.001 rad/s, Effort=-0.041 Nm
  bl4_foot: Position=0.232 rad, Velocity=-0.003 rad/s, Effort=-0.005 Nm
  br1_hip_roll: Position=-1.217 rad, Velocity=-0.001 rad/s, Effort=-0.032 Nm
  br2_hip_pitch: Position=1.452 rad, Velocity=-0.001 rad/s, Effort=-0.041 Nm
  br3_knee_pitch: Position=0.234 rad, Velocity=-0.001 rad/s, Effort=0.014 Nm
  br4_foot: Position=0.843 rad, Velocity=-0.003 rad/s, Effort=-0.010 Nm

[JOINT STATE] Joint State Data:
  fl1_hip_roll: Position=-1.079 rad, Velocity=-0.001 rad/s, Effort=-0.142 Nm
  fl2_hip_pitch: Position=1.280 rad, Velocity=-0.001 rad/s, Effort=-0.169 Nm
  fl3_knee_pitch: Position=0.010 rad, Velocity=-0.001 rad/s, Effort=-0.041 Nm
  fl4_foot: Position=0.544 rad, Velocity=-0.003 rad/s, Effort=-0.008 Nm
  fr1_hip_roll: Position=1.195 rad, Velocity=-0.001 rad/s, Effort=-0.069 Nm
  fr2_hip_pitch: Position=-1.431 rad, Velocity=-0.001 rad/s, Effort=-0.023 Nm
  fr3_knee_pitch: Position=-0.227 rad, Velocity=-0.001 rad/s, Effort=-0.014 Nm
  fr4_foot: Position=0.487 rad, Velocity=-0.003 rad/s, Effort=-0.010 Nm
  bl1_hip_roll: Position=1.216 rad, Velocity=-0.001 rad/s, Effort=-0.050 Nm
  bl2_hip_pitch: Position=-1.402 rad, Velocity=-0.001 rad/s, Effort=-0.069 Nm
  bl3_knee_pitch: Position=-0.179 rad, Velocity=-0.001 rad/s, Effort=-0.069 Nm
  bl4_foot: Position=0.232 rad, Velocity=-0.003 rad/s, Effort=-0.010 Nm
  br1_hip_roll: Position=-1.217 rad, Velocity=-0.001 rad/s, Effort=-0.014 Nm
  br2_hip_pitch: Position=1.452 rad, Velocity=-0.001 rad/s, Effort=-0.050 Nm
  br3_knee_pitch: Position=0.234 rad, Velocity=-0.001 rad/s, Effort=0.023 Nm
  br4_foot: Position=0.843 rad, Velocity=-0.003 rad/s, Effort=-0.001 Nm

[JOINT STATE] Joint State Data:
  fl1_hip_roll: Position=-1.079 rad, Velocity=-0.001 rad/s, Effort=0.069 Nm
  fl2_hip_pitch: Position=1.280 rad, Velocity=-0.001 rad/s, Effort=-0.169 Nm
  fl3_knee_pitch: Position=0.010 rad, Velocity=-0.001 rad/s, Effort=-0.014 Nm
  fl4_foot: Position=0.544 rad, Velocity=-0.003 rad/s, Effort=0.004 Nm
  fr1_hip_roll: Position=1.195 rad, Velocity=-0.001 rad/s, Effort=-0.041 Nm
  fr2_hip_pitch: Position=-1.431 rad, Velocity=-0.001 rad/s, Effort=-0.041 Nm
  fr3_knee_pitch: Position=-0.227 rad, Velocity=-0.001 rad/s, Effort=-0.032 Nm
  fr4_foot: Position=0.487 rad, Velocity=-0.003 rad/s, Effort=0.005 Nm
  bl1_hip_roll: Position=1.216 rad, Velocity=-0.001 rad/s, Effort=0.023 Nm
  bl2_hip_pitch: Position=-1.402 rad, Velocity=-0.001 rad/s, Effort=-0.023 Nm
  bl3_knee_pitch: Position=-0.179 rad, Velocity=-0.001 rad/s, Effort=-0.032 Nm
  bl4_foot: Position=0.232 rad, Velocity=-0.003 rad/s, Effort=-0.004 Nm
  br1_hip_roll: Position=-1.217 rad, Velocity=-0.001 rad/s, Effort=-0.133 Nm
  br2_hip_pitch: Position=1.452 rad, Velocity=-0.001 rad/s, Effort=-0.069 Nm
  br3_knee_pitch: Position=0.234 rad, Velocity=-0.001 rad/s, Effort=-0.014 Nm
  br4_foot: Position=0.843 rad, Velocity=-0.003 rad/s, Effort=-0.005 Nm

[JOINT STATE] Joint State Data:
  fl1_hip_roll: Position=-1.079 rad, Velocity=-0.001 rad/s, Effort=-0.032 Nm
  fl2_hip_pitch: Position=1.280 rad, Velocity=-0.001 rad/s, Effort=-0.169 Nm
  fl3_knee_pitch: Position=0.010 rad, Velocity=-0.001 rad/s, Effort=-0.050 Nm
  fl4_foot: Position=0.544 rad, Velocity=-0.003 rad/s, Effort=-0.004 Nm
  fr1_hip_roll: Position=1.195 rad, Velocity=-0.001 rad/s, Effort=-0.060 Nm
  fr2_hip_pitch: Position=-1.431 rad, Velocity=-0.001 rad/s, Effort=-0.050 Nm
  fr3_knee_pitch: Position=-0.227 rad, Velocity=-0.001 rad/s, Effort=-0.050 Nm
  fr4_foot: Position=0.487 rad, Velocity=-0.003 rad/s, Effort=-0.004 Nm
  bl1_hip_roll: Position=1.216 rad, Velocity=-0.001 rad/s, Effort=-0.005 Nm
  bl2_hip_pitch: Position=-1.402 rad, Velocity=-0.001 rad/s, Effort=-0.041 Nm
  bl3_knee_pitch: Position=-0.179 rad, Velocity=-0.001 rad/s, Effort=-0.005 Nm
  bl4_foot: Position=0.232 rad, Velocity=-0.003 rad/s, Effort=0.002 Nm
  br1_hip_roll: Position=-1.217 rad, Velocity=-0.001 rad/s, Effort=0.014 Nm
  br2_hip_pitch: Position=1.452 rad, Velocity=-0.001 rad/s, Effort=-0.078 Nm
  br3_knee_pitch: Position=0.234 rad, Velocity=-0.001 rad/s, Effort=0.014 Nm
  br4_foot: Position=0.843 rad, Velocity=-0.003 rad/s, Effort=-0.010 Nm

[JOINT STATE] Joint State Data:
  fl1_hip_roll: Position=-1.079 rad, Velocity=-0.001 rad/s, Effort=-0.014 Nm
  fl2_hip_pitch: Position=1.280 rad, Velocity=-0.001 rad/s, Effort=-0.169 Nm
  fl3_knee_pitch: Position=0.010 rad, Velocity=-0.001 rad/s, Effort=-0.023 Nm
  fl4_foot: Position=0.544 rad, Velocity=-0.003 rad/s, Effort=-0.008 Nm
  fr1_hip_roll: Position=1.195 rad, Velocity=-0.001 rad/s, Effort=-0.050 Nm
  fr2_hip_pitch: Position=-1.431 rad, Velocity=-0.001 rad/s, Effort=-0.069 Nm
  fr3_knee_pitch: Position=-0.227 rad, Velocity=-0.001 rad/s, Effort=-0.041 Nm
  fr4_foot: Position=0.487 rad, Velocity=-0.003 rad/s, Effort=0.007 Nm
  bl1_hip_roll: Position=1.216 rad, Velocity=-0.001 rad/s, Effort=0.014 Nm
  bl2_hip_pitch: Position=-1.402 rad, Velocity=-0.001 rad/s, Effort=-0.124 Nm
  bl3_knee_pitch: Position=-0.179 rad, Velocity=-0.001 rad/s, Effort=-0.023 Nm
  bl4_foot: Position=0.232 rad, Velocity=-0.003 rad/s, Effort=-0.004 Nm
  br1_hip_roll: Position=-1.217 rad, Velocity=-0.001 rad/s, Effort=-0.105 Nm
  br2_hip_pitch: Position=1.452 rad, Velocity=-0.001 rad/s, Effort=-0.078 Nm
  br3_knee_pitch: Position=0.234 rad, Velocity=-0.001 rad/s, Effort=-0.005 Nm
  br4_foot: Position=0.843 rad, Velocity=-0.003 rad/s, Effort=-0.005 Nm

[JOINT STATE] Joint State Data:
  fl1_hip_roll: Position=-1.079 rad, Velocity=-0.001 rad/s, Effort=0.041 Nm
  fl2_hip_pitch: Position=1.280 rad, Velocity=-0.001 rad/s, Effort=-0.160 Nm
  fl3_knee_pitch: Position=0.010 rad, Velocity=-0.001 rad/s, Effort=-0.023 Nm
  fl4_foot: Position=0.544 rad, Velocity=-0.003 rad/s, Effort=0.002 Nm
  fr1_hip_roll: Position=1.195 rad, Velocity=-0.001 rad/s, Effort=-0.087 Nm
  fr2_hip_pitch: Position=-1.431 rad, Velocity=-0.001 rad/s, Effort=-0.014 Nm
  fr3_knee_pitch: Position=-0.227 rad, Velocity=-0.001 rad/s, Effort=-0.023 Nm
  fr4_foot: Position=0.487 rad, Velocity=-0.003 rad/s, Effort=-0.008 Nm
  bl1_hip_roll: Position=1.216 rad, Velocity=-0.001 rad/s, Effort=-0.005 Nm
  bl2_hip_pitch: Position=-1.402 rad, Velocity=-0.001 rad/s, Effort=-0.014 Nm
  bl3_knee_pitch: Position=-0.179 rad, Velocity=-0.001 rad/s, Effort=-0.023 Nm
  bl4_foot: Position=0.232 rad, Velocity=-0.003 rad/s, Effort=0.005 Nm
  br1_hip_roll: Position=-1.217 rad, Velocity=0.005 rad/s, Effort=-0.133 Nm
  br2_hip_pitch: Position=1.452 rad, Velocity=-0.001 rad/s, Effort=-0.041 Nm
  br3_knee_pitch: Position=0.234 rad, Velocity=-0.001 rad/s, Effort=0.005 Nm
  br4_foot: Position=0.843 rad, Velocity=-0.003 rad/s, Effort=-0.002 Nm

[JOINT STATE] Joint State Data:
  fl1_hip_roll: Position=-1.079 rad, Velocity=-0.001 rad/s, Effort=-0.087 Nm
  fl2_hip_pitch: Position=1.280 rad, Velocity=-0.001 rad/s, Effort=-0.160 Nm
  fl3_knee_pitch: Position=0.010 rad, Velocity=-0.001 rad/s, Effort=-0.014 Nm
  fl4_foot: Position=0.544 rad, Velocity=-0.003 rad/s, Effort=-0.010 Nm
  fr1_hip_roll: Position=1.195 rad, Velocity=-0.001 rad/s, Effort=-0.050 Nm
  fr2_hip_pitch: Position=-1.431 rad, Velocity=-0.001 rad/s, Effort=0.005 Nm
  fr3_knee_pitch: Position=-0.227 rad, Velocity=-0.001 rad/s, Effort=-0.023 Nm
  fr4_foot: Position=0.487 rad, Velocity=-0.003 rad/s, Effort=-0.007 Nm
  bl1_hip_roll: Position=1.216 rad, Velocity=-0.001 rad/s, Effort=0.005 Nm
  bl2_hip_pitch: Position=-1.402 rad, Velocity=-0.001 rad/s, Effort=-0.078 Nm
  bl3_knee_pitch: Position=-0.179 rad, Velocity=-0.001 rad/s, Effort=-0.014 Nm
  bl4_foot: Position=0.232 rad, Velocity=-0.003 rad/s, Effort=-0.002 Nm
  br1_hip_roll: Position=-1.217 rad, Velocity=-0.003 rad/s, Effort=-0.060 Nm
  br2_hip_pitch: Position=1.452 rad, Velocity=-0.001 rad/s, Effort=-0.023 Nm
  br3_knee_pitch: Position=0.234 rad, Velocity=-0.001 rad/s, Effort=-0.023 Nm
  br4_foot: Position=0.843 rad, Velocity=-0.003 rad/s, Effort=0.001 Nm

[JOINT STATE] Joint State Data:
  fl1_hip_roll: Position=-1.079 rad, Velocity=-0.001 rad/s, Effort=-0.087 Nm
  fl2_hip_pitch: Position=1.280 rad, Velocity=-0.001 rad/s, Effort=-0.160 Nm
  fl3_knee_pitch: Position=0.010 rad, Velocity=-0.001 rad/s, Effort=-0.014 Nm
  fl4_foot: Position=0.544 rad, Velocity=-0.003 rad/s, Effort=-0.010 Nm
  fr1_hip_roll: Position=1.195 rad, Velocity=-0.001 rad/s, Effort=-0.050 Nm
  fr2_hip_pitch: Position=-1.431 rad, Velocity=-0.001 rad/s, Effort=0.005 Nm
  fr3_knee_pitch: Position=-0.227 rad, Velocity=-0.001 rad/s, Effort=-0.023 Nm
  fr4_foot: Position=0.487 rad, Velocity=-0.003 rad/s, Effort=-0.007 Nm
  bl1_hip_roll: Position=1.216 rad, Velocity=-0.001 rad/s, Effort=0.005 Nm
  bl2_hip_pitch: Position=-1.402 rad, Velocity=-0.001 rad/s, Effort=-0.078 Nm
  bl3_knee_pitch: Position=-0.179 rad, Velocity=-0.001 rad/s, Effort=-0.014 Nm
  bl4_foot: Position=0.232 rad, Velocity=-0.003 rad/s, Effort=-0.002 Nm
  br1_hip_roll: Position=-1.217 rad, Velocity=-0.003 rad/s, Effort=-0.060 Nm
  br2_hip_pitch: Position=1.452 rad, Velocity=-0.001 rad/s, Effort=-0.023 Nm
  br3_knee_pitch: Position=0.234 rad, Velocity=-0.001 rad/s, Effort=-0.023 Nm
  br4_foot: Position=0.843 rad, Velocity=-0.003 rad/s, Effort=0.001 Nm

[JOINT STATE] Joint State Data:
  fl1_hip_roll: Position=-1.079 rad, Velocity=-0.001 rad/s, Effort=-0.069 Nm
  fl2_hip_pitch: Position=1.280 rad, Velocity=-0.001 rad/s, Effort=-0.160 Nm
  fl3_knee_pitch: Position=0.010 rad, Velocity=-0.001 rad/s, Effort=0.014 Nm
  fl4_foot: Position=0.544 rad, Velocity=-0.003 rad/s, Effort=-0.002 Nm
  fr1_hip_roll: Position=1.195 rad, Velocity=-0.001 rad/s, Effort=-0.069 Nm
  fr2_hip_pitch: Position=-1.431 rad, Velocity=-0.001 rad/s, Effort=-0.014 Nm
  fr3_knee_pitch: Position=-0.227 rad, Velocity=-0.001 rad/s, Effort=-0.050 Nm
  fr4_foot: Position=0.487 rad, Velocity=-0.003 rad/s, Effort=-0.005 Nm
  bl1_hip_roll: Position=1.216 rad, Velocity=-0.001 rad/s, Effort=-0.005 Nm
  bl2_hip_pitch: Position=-1.402 rad, Velocity=-0.001 rad/s, Effort=0.014 Nm
  bl3_knee_pitch: Position=-0.179 rad, Velocity=-0.001 rad/s, Effort=-0.023 Nm
  bl4_foot: Position=0.232 rad, Velocity=-0.003 rad/s, Effort=-0.011 Nm
  br1_hip_roll: Position=-1.217 rad, Velocity=0.003 rad/s, Effort=-0.060 Nm
  br2_hip_pitch: Position=1.452 rad, Velocity=-0.001 rad/s, Effort=0.032 Nm
  br3_knee_pitch: Position=0.234 rad, Velocity=-0.001 rad/s, Effort=-0.032 Nm
  br4_foot: Position=0.843 rad, Velocity=-0.003 rad/s, Effort=-0.004 Nm

[JOINT STATE] Joint State Data:
  fl1_hip_roll: Position=-1.079 rad, Velocity=-0.001 rad/s, Effort=-0.078 Nm
  fl2_hip_pitch: Position=1.280 rad, Velocity=-0.001 rad/s, Effort=-0.179 Nm
  fl3_knee_pitch: Position=0.010 rad, Velocity=-0.001 rad/s, Effort=-0.014 Nm
  fl4_foot: Position=0.544 rad, Velocity=-0.003 rad/s, Effort=0.004 Nm
  fr1_hip_roll: Position=1.195 rad, Velocity=-0.001 rad/s, Effort=-0.032 Nm
  fr2_hip_pitch: Position=-1.431 rad, Velocity=-0.001 rad/s, Effort=-0.005 Nm
  fr3_knee_pitch: Position=-0.227 rad, Velocity=-0.001 rad/s, Effort=-0.041 Nm
  fr4_foot: Position=0.487 rad, Velocity=-0.003 rad/s, Effort=-0.004 Nm
  bl1_hip_roll: Position=1.216 rad, Velocity=-0.001 rad/s, Effort=0.014 Nm
  bl2_hip_pitch: Position=-1.402 rad, Velocity=-0.001 rad/s, Effort=-0.060 Nm
  bl3_knee_pitch: Position=-0.179 rad, Velocity=-0.001 rad/s, Effort=-0.032 Nm
  bl4_foot: Position=0.232 rad, Velocity=-0.003 rad/s, Effort=-0.001 Nm
  br1_hip_roll: Position=-1.217 rad, Velocity=-0.007 rad/s, Effort=0.041 Nm
  br2_hip_pitch: Position=1.452 rad, Velocity=-0.001 rad/s, Effort=-0.060 Nm
  br3_knee_pitch: Position=0.234 rad, Velocity=-0.001 rad/s, Effort=-0.014 Nm
  br4_foot: Position=0.843 rad, Velocity=-0.003 rad/s, Effort=-0.005 Nm

[JOINT STATE] Joint State Data:
  fl1_hip_roll: Position=-1.079 rad, Velocity=-0.001 rad/s, Effort=0.023 Nm
  fl2_hip_pitch: Position=1.280 rad, Velocity=-0.001 rad/s, Effort=-0.160 Nm
  fl3_knee_pitch: Position=0.010 rad, Velocity=-0.001 rad/s, Effort=-0.041 Nm
  fl4_foot: Position=0.544 rad, Velocity=-0.003 rad/s, Effort=-0.010 Nm
  fr1_hip_roll: Position=1.195 rad, Velocity=-0.001 rad/s, Effort=-0.087 Nm
  fr2_hip_pitch: Position=-1.431 rad, Velocity=-0.001 rad/s, Effort=-0.041 Nm
  fr3_knee_pitch: Position=-0.227 rad, Velocity=-0.001 rad/s, Effort=-0.023 Nm
  fr4_foot: Position=0.487 rad, Velocity=-0.003 rad/s, Effort=-0.002 Nm
  bl1_hip_roll: Position=1.216 rad, Velocity=-0.001 rad/s, Effort=0.014 Nm
  bl2_hip_pitch: Position=-1.402 rad, Velocity=-0.001 rad/s, Effort=-0.114 Nm
  bl3_knee_pitch: Position=-0.179 rad, Velocity=-0.001 rad/s, Effort=-0.023 Nm
  bl4_foot: Position=0.232 rad, Velocity=-0.003 rad/s, Effort=-0.002 Nm
  br1_hip_roll: Position=-1.217 rad, Velocity=-0.001 rad/s, Effort=-0.041 Nm
  br2_hip_pitch: Position=1.452 rad, Velocity=-0.001 rad/s, Effort=-0.069 Nm
  br3_knee_pitch: Position=0.234 rad, Velocity=-0.001 rad/s, Effort=-0.014 Nm
  br4_foot: Position=0.843 rad, Velocity=-0.003 rad/s, Effort=-0.011 Nm

[JOINT STATE] Joint State Data:
  fl1_hip_roll: Position=-1.079 rad, Velocity=-0.001 rad/s, Effort=0.005 Nm
  fl2_hip_pitch: Position=1.280 rad, Velocity=-0.001 rad/s, Effort=-0.160 Nm
  fl3_knee_pitch: Position=0.010 rad, Velocity=-0.001 rad/s, Effort=-0.069 Nm
  fl4_foot: Position=0.544 rad, Velocity=-0.003 rad/s, Effort=-0.013 Nm
  fr1_hip_roll: Position=1.195 rad, Velocity=-0.001 rad/s, Effort=-0.069 Nm
  fr2_hip_pitch: Position=-1.431 rad, Velocity=-0.001 rad/s, Effort=-0.023 Nm
  fr3_knee_pitch: Position=-0.227 rad, Velocity=-0.001 rad/s, Effort=-0.041 Nm
  fr4_foot: Position=0.487 rad, Velocity=-0.003 rad/s, Effort=-0.007 Nm
  bl1_hip_roll: Position=1.216 rad, Velocity=-0.001 rad/s, Effort=-0.041 Nm
  bl2_hip_pitch: Position=-1.402 rad, Velocity=-0.001 rad/s, Effort=-0.032 Nm
  bl3_knee_pitch: Position=-0.179 rad, Velocity=-0.001 rad/s, Effort=-0.014 Nm
  bl4_foot: Position=0.232 rad, Velocity=-0.003 rad/s, Effort=-0.001 Nm
  br1_hip_roll: Position=-1.217 rad, Velocity=-0.001 rad/s, Effort=-0.041 Nm
  br2_hip_pitch: Position=1.452 rad, Velocity=-0.001 rad/s, Effort=-0.014 Nm
  br3_knee_pitch: Position=0.234 rad, Velocity=-0.001 rad/s, Effort=-0.032 Nm
  br4_foot: Position=0.843 rad, Velocity=-0.003 rad/s, Effort=-0.010 Nm

[JOINT STATE] Joint State Data:
  fl1_hip_roll: Position=-1.079 rad, Velocity=-0.001 rad/s, Effort=-0.032 Nm
  fl2_hip_pitch: Position=1.280 rad, Velocity=-0.001 rad/s, Effort=-0.160 Nm
  fl3_knee_pitch: Position=0.010 rad, Velocity=-0.001 rad/s, Effort=-0.050 Nm
  fl4_foot: Position=0.544 rad, Velocity=-0.003 rad/s, Effort=-0.022 Nm
  fr1_hip_roll: Position=1.195 rad, Velocity=-0.001 rad/s, Effort=0.005 Nm
  fr2_hip_pitch: Position=-1.431 rad, Velocity=-0.001 rad/s, Effort=-0.023 Nm
  fr3_knee_pitch: Position=-0.227 rad, Velocity=-0.001 rad/s, Effort=-0.050 Nm
  fr4_foot: Position=0.487 rad, Velocity=-0.003 rad/s, Effort=0.001 Nm
  bl1_hip_roll: Position=1.216 rad, Velocity=-0.001 rad/s, Effort=-0.023 Nm
  bl2_hip_pitch: Position=-1.402 rad, Velocity=-0.001 rad/s, Effort=-0.060 Nm
  bl3_knee_pitch: Position=-0.179 rad, Velocity=-0.001 rad/s, Effort=-0.023 Nm
  bl4_foot: Position=0.232 rad, Velocity=-0.003 rad/s, Effort=-0.010 Nm
  br1_hip_roll: Position=-1.217 rad, Velocity=-0.001 rad/s, Effort=-0.005 Nm
  br2_hip_pitch: Position=1.452 rad, Velocity=-0.001 rad/s, Effort=-0.041 Nm
  br3_knee_pitch: Position=0.234 rad, Velocity=-0.001 rad/s, Effort=-0.041 Nm
  br4_foot: Position=0.843 rad, Velocity=-0.003 rad/s, Effort=-0.005 Nm

[JOINT STATE] Joint State Data:
  fl1_hip_roll: Position=-1.079 rad, Velocity=-0.001 rad/s, Effort=-0.069 Nm
  fl2_hip_pitch: Position=1.280 rad, Velocity=-0.001 rad/s, Effort=-0.160 Nm
  fl3_knee_pitch: Position=0.010 rad, Velocity=-0.001 rad/s, Effort=-0.032 Nm
  fl4_foot: Position=0.544 rad, Velocity=-0.003 rad/s, Effort=0.008 Nm
  fr1_hip_roll: Position=1.195 rad, Velocity=-0.001 rad/s, Effort=-0.050 Nm
  fr2_hip_pitch: Position=-1.431 rad, Velocity=-0.001 rad/s, Effort=-0.005 Nm
  fr3_knee_pitch: Position=-0.227 rad, Velocity=-0.001 rad/s, Effort=-0.023 Nm
  fr4_foot: Position=0.487 rad, Velocity=-0.003 rad/s, Effort=0.002 Nm
  bl1_hip_roll: Position=1.216 rad, Velocity=-0.001 rad/s, Effort=0.032 Nm
  bl2_hip_pitch: Position=-1.402 rad, Velocity=-0.001 rad/s, Effort=-0.060 Nm
  bl3_knee_pitch: Position=-0.179 rad, Velocity=-0.001 rad/s, Effort=-0.050 Nm
  bl4_foot: Position=0.232 rad, Velocity=-0.003 rad/s, Effort=0.007 Nm
  br1_hip_roll: Position=-1.217 rad, Velocity=-0.001 rad/s, Effort=-0.078 Nm
  br2_hip_pitch: Position=1.452 rad, Velocity=-0.001 rad/s, Effort=-0.060 Nm
  br3_knee_pitch: Position=0.234 rad, Velocity=-0.001 rad/s, Effort=0.023 Nm
  br4_foot: Position=0.843 rad, Velocity=-0.003 rad/s, Effort=-0.007 Nm

[JOINT STATE] Joint State Data:
  fl1_hip_roll: Position=-1.079 rad, Velocity=-0.001 rad/s, Effort=0.014 Nm
  fl2_hip_pitch: Position=1.280 rad, Velocity=-0.001 rad/s, Effort=-0.169 Nm
  fl3_knee_pitch: Position=0.010 rad, Velocity=-0.001 rad/s, Effort=-0.014 Nm
  fl4_foot: Position=0.544 rad, Velocity=-0.003 rad/s, Effort=-0.013 Nm
  fr1_hip_roll: Position=1.195 rad, Velocity=-0.001 rad/s, Effort=-0.032 Nm
  fr2_hip_pitch: Position=-1.431 rad, Velocity=-0.001 rad/s, Effort=0.023 Nm
  fr3_knee_pitch: Position=-0.227 rad, Velocity=-0.001 rad/s, Effort=-0.014 Nm
  fr4_foot: Position=0.487 rad, Velocity=-0.003 rad/s, Effort=-0.002 Nm
  bl1_hip_roll: Position=1.216 rad, Velocity=-0.001 rad/s, Effort=-0.050 Nm
  bl2_hip_pitch: Position=-1.402 rad, Velocity=-0.001 rad/s, Effort=-0.078 Nm
  bl3_knee_pitch: Position=-0.179 rad, Velocity=-0.001 rad/s, Effort=-0.032 Nm
  bl4_foot: Position=0.232 rad, Velocity=-0.003 rad/s, Effort=-0.007 Nm
  br1_hip_roll: Position=-1.217 rad, Velocity=-0.001 rad/s, Effort=-0.078 Nm
  br2_hip_pitch: Position=1.452 rad, Velocity=-0.001 rad/s, Effort=-0.023 Nm
  br3_knee_pitch: Position=0.234 rad, Velocity=-0.001 rad/s, Effort=-0.023 Nm
  br4_foot: Position=0.843 rad, Velocity=-0.003 rad/s, Effort=-0.004 Nm

[JOINT STATE] Joint State Data:
  fl1_hip_roll: Position=-1.079 rad, Velocity=-0.001 rad/s, Effort=-0.078 Nm
  fl2_hip_pitch: Position=1.280 rad, Velocity=-0.001 rad/s, Effort=-0.160 Nm
  fl3_knee_pitch: Position=0.010 rad, Velocity=-0.001 rad/s, Effort=-0.005 Nm
  fl4_foot: Position=0.544 rad, Velocity=-0.003 rad/s, Effort=-0.007 Nm
  fr1_hip_roll: Position=1.195 rad, Velocity=-0.001 rad/s, Effort=0.005 Nm
  fr2_hip_pitch: Position=-1.431 rad, Velocity=-0.001 rad/s, Effort=0.032 Nm
  fr3_knee_pitch: Position=-0.227 rad, Velocity=-0.001 rad/s, Effort=-0.032 Nm
  fr4_foot: Position=0.487 rad, Velocity=-0.003 rad/s, Effort=0.007 Nm
  bl1_hip_roll: Position=1.216 rad, Velocity=-0.001 rad/s, Effort=0.032 Nm
  bl2_hip_pitch: Position=-1.402 rad, Velocity=-0.001 rad/s, Effort=-0.087 Nm
  bl3_knee_pitch: Position=-0.179 rad, Velocity=-0.001 rad/s, Effort=-0.032 Nm
  bl4_foot: Position=0.232 rad, Velocity=-0.003 rad/s, Effort=-0.013 Nm
  br1_hip_roll: Position=-1.217 rad, Velocity=0.005 rad/s, Effort=-0.014 Nm
  br2_hip_pitch: Position=1.452 rad, Velocity=-0.001 rad/s, Effort=-0.041 Nm
  br3_knee_pitch: Position=0.234 rad, Velocity=-0.001 rad/s, Effort=-0.014 Nm
  br4_foot: Position=0.843 rad, Velocity=-0.003 rad/s, Effort=-0.004 Nm

[JOINT STATE] Joint State Data:
  fl1_hip_roll: Position=-1.079 rad, Velocity=-0.001 rad/s, Effort=-0.087 Nm
  fl2_hip_pitch: Position=1.280 rad, Velocity=-0.001 rad/s, Effort=-0.160 Nm
  fl3_knee_pitch: Position=0.010 rad, Velocity=-0.001 rad/s, Effort=-0.069 Nm
  fl4_foot: Position=0.544 rad, Velocity=-0.003 rad/s, Effort=-0.004 Nm
  fr1_hip_roll: Position=1.195 rad, Velocity=-0.001 rad/s, Effort=-0.032 Nm
  fr2_hip_pitch: Position=-1.431 rad, Velocity=-0.001 rad/s, Effort=-0.005 Nm
  fr3_knee_pitch: Position=-0.227 rad, Velocity=-0.001 rad/s, Effort=0.005 Nm
  fr4_foot: Position=0.487 rad, Velocity=-0.003 rad/s, Effort=-0.007 Nm
  bl1_hip_roll: Position=1.216 rad, Velocity=-0.001 rad/s, Effort=-0.014 Nm
  bl2_hip_pitch: Position=-1.402 rad, Velocity=-0.001 rad/s, Effort=-0.078 Nm
  bl3_knee_pitch: Position=-0.179 rad, Velocity=-0.001 rad/s, Effort=-0.023 Nm
  bl4_foot: Position=0.232 rad, Velocity=-0.003 rad/s, Effort=0.004 Nm
  br1_hip_roll: Position=-1.217 rad, Velocity=-0.009 rad/s, Effort=-0.050 Nm
  br2_hip_pitch: Position=1.452 rad, Velocity=-0.001 rad/s, Effort=-0.050 Nm
  br3_knee_pitch: Position=0.234 rad, Velocity=-0.001 rad/s, Effort=0.005 Nm
  br4_foot: Position=0.843 rad, Velocity=-0.003 rad/s, Effort=-0.004 Nm

[JOINT STATE] Joint State Data:
  fl1_hip_roll: Position=-1.079 rad, Velocity=-0.001 rad/s, Effort=0.005 Nm
  fl2_hip_pitch: Position=1.280 rad, Velocity=-0.001 rad/s, Effort=-0.169 Nm
  fl3_knee_pitch: Position=0.010 rad, Velocity=-0.001 rad/s, Effort=-0.005 Nm
  fl4_foot: Position=0.544 rad, Velocity=-0.003 rad/s, Effort=-0.007 Nm
  fr1_hip_roll: Position=1.195 rad, Velocity=-0.001 rad/s, Effort=-0.041 Nm
  fr2_hip_pitch: Position=-1.431 rad, Velocity=-0.001 rad/s, Effort=-0.041 Nm
  fr3_knee_pitch: Position=-0.227 rad, Velocity=-0.001 rad/s, Effort=-0.032 Nm
  fr4_foot: Position=0.487 rad, Velocity=-0.003 rad/s, Effort=0.001 Nm
  bl1_hip_roll: Position=1.216 rad, Velocity=-0.001 rad/s, Effort=0.041 Nm
  bl2_hip_pitch: Position=-1.402 rad, Velocity=-0.001 rad/s, Effort=0.014 Nm
  bl3_knee_pitch: Position=-0.179 rad, Velocity=-0.001 rad/s, Effort=-0.023 Nm
  bl4_foot: Position=0.232 rad, Velocity=-0.003 rad/s, Effort=-0.014 Nm
  br1_hip_roll: Position=-1.217 rad, Velocity=-0.001 rad/s, Effort=-0.032 Nm
  br2_hip_pitch: Position=1.452 rad, Velocity=-0.001 rad/s, Effort=-0.060 Nm
  br3_knee_pitch: Position=0.234 rad, Velocity=-0.001 rad/s, Effort=-0.005 Nm
  br4_foot: Position=0.843 rad, Velocity=-0.003 rad/s, Effort=-0.005 Nm

[JOINT STATE] Joint State Data:
  fl1_hip_roll: Position=-1.079 rad, Velocity=-0.001 rad/s, Effort=-0.014 Nm
  fl2_hip_pitch: Position=1.280 rad, Velocity=-0.001 rad/s, Effort=-0.169 Nm
  fl3_knee_pitch: Position=0.010 rad, Velocity=-0.001 rad/s, Effort=0.014 Nm
  fl4_foot: Position=0.544 rad, Velocity=-0.003 rad/s, Effort=-0.002 Nm
  fr1_hip_roll: Position=1.195 rad, Velocity=-0.001 rad/s, Effort=-0.032 Nm
  fr2_hip_pitch: Position=-1.431 rad, Velocity=-0.001 rad/s, Effort=-0.014 Nm
  fr3_knee_pitch: Position=-0.227 rad, Velocity=-0.001 rad/s, Effort=-0.032 Nm
  fr4_foot: Position=0.487 rad, Velocity=-0.003 rad/s, Effort=0.002 Nm
  bl1_hip_roll: Position=1.216 rad, Velocity=-0.001 rad/s, Effort=-0.023 Nm
  bl2_hip_pitch: Position=-1.402 rad, Velocity=-0.001 rad/s, Effort=0.014 Nm
  bl3_knee_pitch: Position=-0.179 rad, Velocity=-0.001 rad/s, Effort=-0.041 Nm
  bl4_foot: Position=0.232 rad, Velocity=-0.003 rad/s, Effort=0.001 Nm
  br1_hip_roll: Position=-1.217 rad, Velocity=-0.007 rad/s, Effort=-0.050 Nm
  br2_hip_pitch: Position=1.452 rad, Velocity=-0.001 rad/s, Effort=-0.087 Nm
  br3_knee_pitch: Position=0.234 rad, Velocity=-0.001 rad/s, Effort=-0.050 Nm
  br4_foot: Position=0.843 rad, Velocity=-0.003 rad/s, Effort=-0.004 Nm

[JOINT STATE] Joint State Data:
  fl1_hip_roll: Position=-1.079 rad, Velocity=-0.001 rad/s, Effort=-0.023 Nm
  fl2_hip_pitch: Position=1.280 rad, Velocity=-0.001 rad/s, Effort=-0.160 Nm
  fl3_knee_pitch: Position=0.010 rad, Velocity=-0.001 rad/s, Effort=-0.005 Nm
  fl4_foot: Position=0.544 rad, Velocity=-0.003 rad/s, Effort=0.001 Nm
  fr1_hip_roll: Position=1.195 rad, Velocity=-0.001 rad/s, Effort=-0.005 Nm
  fr2_hip_pitch: Position=-1.431 rad, Velocity=-0.001 rad/s, Effort=-0.050 Nm
  fr3_knee_pitch: Position=-0.227 rad, Velocity=-0.001 rad/s, Effort=-0.032 Nm
  fr4_foot: Position=0.487 rad, Velocity=-0.003 rad/s, Effort=0.002 Nm
  bl1_hip_roll: Position=1.216 rad, Velocity=-0.001 rad/s, Effort=0.005 Nm
  bl2_hip_pitch: Position=-1.402 rad, Velocity=-0.001 rad/s, Effort=-0.060 Nm
  bl3_knee_pitch: Position=-0.179 rad, Velocity=-0.001 rad/s, Effort=-0.023 Nm
  bl4_foot: Position=0.232 rad, Velocity=-0.003 rad/s, Effort=-0.002 Nm
  br1_hip_roll: Position=-1.217 rad, Velocity=0.003 rad/s, Effort=-0.014 Nm
  br2_hip_pitch: Position=1.452 rad, Velocity=-0.001 rad/s, Effort=-0.069 Nm
  br3_knee_pitch: Position=0.234 rad, Velocity=-0.001 rad/s, Effort=-0.023 Nm
  br4_foot: Position=0.843 rad, Velocity=-0.003 rad/s, Effort=-0.013 Nm

[JOINT STATE] Joint State Data:
  fl1_hip_roll: Position=-1.079 rad, Velocity=-0.001 rad/s, Effort=-0.023 Nm
  fl2_hip_pitch: Position=1.280 rad, Velocity=-0.001 rad/s, Effort=-0.160 Nm
  fl3_knee_pitch: Position=0.010 rad, Velocity=-0.001 rad/s, Effort=-0.060 Nm
  fl4_foot: Position=0.544 rad, Velocity=-0.003 rad/s, Effort=-0.002 Nm
  fr1_hip_roll: Position=1.195 rad, Velocity=-0.001 rad/s, Effort=-0.041 Nm
  fr2_hip_pitch: Position=-1.431 rad, Velocity=-0.001 rad/s, Effort=-0.050 Nm
  fr3_knee_pitch: Position=-0.227 rad, Velocity=-0.001 rad/s, Effort=-0.032 Nm
  fr4_foot: Position=0.487 rad, Velocity=-0.003 rad/s, Effort=-0.005 Nm
  bl1_hip_roll: Position=1.216 rad, Velocity=-0.001 rad/s, Effort=-0.032 Nm
  bl2_hip_pitch: Position=-1.402 rad, Velocity=-0.001 rad/s, Effort=0.014 Nm
  bl3_knee_pitch: Position=-0.179 rad, Velocity=-0.001 rad/s, Effort=-0.032 Nm
  bl4_foot: Position=0.232 rad, Velocity=-0.003 rad/s, Effort=-0.005 Nm
  br1_hip_roll: Position=-1.217 rad, Velocity=-0.005 rad/s, Effort=-0.014 Nm
  br2_hip_pitch: Position=1.452 rad, Velocity=-0.001 rad/s, Effort=-0.023 Nm
  br3_knee_pitch: Position=0.234 rad, Velocity=-0.001 rad/s, Effort=-0.005 Nm
  br4_foot: Position=0.843 rad, Velocity=-0.003 rad/s, Effort=-0.004 Nm

[JOINT STATE] Joint State Data:
  fl1_hip_roll: Position=-1.079 rad, Velocity=-0.001 rad/s, Effort=-0.060 Nm
  fl2_hip_pitch: Position=1.280 rad, Velocity=-0.001 rad/s, Effort=-0.160 Nm
  fl3_knee_pitch: Position=0.010 rad, Velocity=-0.001 rad/s, Effort=-0.023 Nm
  fl4_foot: Position=0.544 rad, Velocity=-0.003 rad/s, Effort=-0.002 Nm
  fr1_hip_roll: Position=1.195 rad, Velocity=-0.001 rad/s, Effort=-0.133 Nm
  fr2_hip_pitch: Position=-1.431 rad, Velocity=-0.001 rad/s, Effort=-0.060 Nm
  fr3_knee_pitch: Position=-0.227 rad, Velocity=-0.001 rad/s, Effort=-0.041 Nm
  fr4_foot: Position=0.487 rad, Velocity=-0.003 rad/s, Effort=-0.004 Nm
  bl1_hip_roll: Position=1.216 rad, Velocity=-0.001 rad/s, Effort=-0.032 Nm
  bl2_hip_pitch: Position=-1.402 rad, Velocity=-0.001 rad/s, Effort=-0.050 Nm
  bl3_knee_pitch: Position=-0.179 rad, Velocity=-0.001 rad/s, Effort=-0.032 Nm
  bl4_foot: Position=0.232 rad, Velocity=-0.003 rad/s, Effort=-0.004 Nm
  br1_hip_roll: Position=-1.217 rad, Velocity=0.003 rad/s, Effort=-0.142 Nm
  br2_hip_pitch: Position=1.452 rad, Velocity=-0.001 rad/s, Effort=-0.069 Nm
  br3_knee_pitch: Position=0.234 rad, Velocity=-0.001 rad/s, Effort=0.050 Nm
  br4_foot: Position=0.843 rad, Velocity=-0.003 rad/s, Effort=-0.011 Nm

[JOINT STATE] Joint State Data:
  fl1_hip_roll: Position=-1.079 rad, Velocity=-0.001 rad/s, Effort=-0.078 Nm
  fl2_hip_pitch: Position=1.280 rad, Velocity=-0.001 rad/s, Effort=-0.160 Nm
  fl3_knee_pitch: Position=0.010 rad, Velocity=-0.001 rad/s, Effort=-0.041 Nm
  fl4_foot: Position=0.544 rad, Velocity=-0.003 rad/s, Effort=-0.011 Nm
  fr1_hip_roll: Position=1.195 rad, Velocity=-0.001 rad/s, Effort=-0.014 Nm
  fr2_hip_pitch: Position=-1.431 rad, Velocity=-0.001 rad/s, Effort=-0.005 Nm
  fr3_knee_pitch: Position=-0.227 rad, Velocity=-0.001 rad/s, Effort=-0.050 Nm
  fr4_foot: Position=0.487 rad, Velocity=-0.003 rad/s, Effort=-0.008 Nm
  bl1_hip_roll: Position=1.216 rad, Velocity=-0.001 rad/s, Effort=0.014 Nm
  bl2_hip_pitch: Position=-1.402 rad, Velocity=-0.001 rad/s, Effort=-0.050 Nm
  bl3_knee_pitch: Position=-0.179 rad, Velocity=-0.001 rad/s, Effort=-0.014 Nm
  bl4_foot: Position=0.232 rad, Velocity=-0.003 rad/s, Effort=-0.005 Nm
  br1_hip_roll: Position=-1.217 rad, Velocity=-0.007 rad/s, Effort=0.023 Nm
  br2_hip_pitch: Position=1.452 rad, Velocity=-0.001 rad/s, Effort=-0.060 Nm
  br3_knee_pitch: Position=0.234 rad, Velocity=-0.001 rad/s, Effort=-0.005 Nm
  br4_foot: Position=0.843 rad, Velocity=-0.003 rad/s, Effort=0.001 Nm

[JOINT STATE] Joint State Data:
  fl1_hip_roll: Position=-1.079 rad, Velocity=-0.001 rad/s, Effort=-0.032 Nm
  fl2_hip_pitch: Position=1.280 rad, Velocity=-0.001 rad/s, Effort=-0.142 Nm
  fl3_knee_pitch: Position=0.010 rad, Velocity=-0.001 rad/s, Effort=-0.078 Nm
  fl4_foot: Position=0.544 rad, Velocity=-0.003 rad/s, Effort=-0.010 Nm
  fr1_hip_roll: Position=1.195 rad, Velocity=-0.001 rad/s, Effort=-0.005 Nm
  fr2_hip_pitch: Position=-1.431 rad, Velocity=-0.001 rad/s, Effort=-0.023 Nm
  fr3_knee_pitch: Position=-0.227 rad, Velocity=-0.001 rad/s, Effort=-0.041 Nm
  fr4_foot: Position=0.487 rad, Velocity=-0.003 rad/s, Effort=-0.011 Nm
  bl1_hip_roll: Position=1.216 rad, Velocity=-0.001 rad/s, Effort=0.023 Nm
  bl2_hip_pitch: Position=-1.402 rad, Velocity=-0.001 rad/s, Effort=-0.069 Nm
  bl3_knee_pitch: Position=-0.179 rad, Velocity=-0.001 rad/s, Effort=-0.014 Nm
  bl4_foot: Position=0.232 rad, Velocity=-0.003 rad/s, Effort=0.001 Nm
  br1_hip_roll: Position=-1.217 rad, Velocity=-0.001 rad/s, Effort=-0.078 Nm
  br2_hip_pitch: Position=1.452 rad, Velocity=-0.001 rad/s, Effort=-0.050 Nm
  br3_knee_pitch: Position=0.234 rad, Velocity=-0.001 rad/s, Effort=-0.032 Nm
  br4_foot: Position=0.843 rad, Velocity=-0.003 rad/s, Effort=-0.005 Nm

[JOINT STATE] Joint State Data:
  fl1_hip_roll: Position=-1.079 rad, Velocity=-0.001 rad/s, Effort=-0.105 Nm
  fl2_hip_pitch: Position=1.280 rad, Velocity=-0.001 rad/s, Effort=-0.160 Nm
  fl3_knee_pitch: Position=0.010 rad, Velocity=-0.001 rad/s, Effort=0.014 Nm
  fl4_foot: Position=0.544 rad, Velocity=-0.003 rad/s, Effort=-0.011 Nm
  fr1_hip_roll: Position=1.195 rad, Velocity=-0.001 rad/s, Effort=-0.060 Nm
  fr2_hip_pitch: Position=-1.431 rad, Velocity=-0.001 rad/s, Effort=0.014 Nm
  fr3_knee_pitch: Position=-0.227 rad, Velocity=-0.001 rad/s, Effort=-0.032 Nm
  fr4_foot: Position=0.487 rad, Velocity=-0.003 rad/s, Effort=-0.018 Nm
  bl1_hip_roll: Position=1.216 rad, Velocity=-0.001 rad/s, Effort=-0.032 Nm
  bl2_hip_pitch: Position=-1.402 rad, Velocity=-0.001 rad/s, Effort=-0.050 Nm
  bl3_knee_pitch: Position=-0.179 rad, Velocity=-0.001 rad/s, Effort=-0.023 Nm
  bl4_foot: Position=0.232 rad, Velocity=-0.003 rad/s, Effort=-0.001 Nm
  br1_hip_roll: Position=-1.217 rad, Velocity=-0.001 rad/s, Effort=-0.041 Nm
  br2_hip_pitch: Position=1.452 rad, Velocity=-0.001 rad/s, Effort=-0.078 Nm
  br3_knee_pitch: Position=0.234 rad, Velocity=-0.001 rad/s, Effort=-0.023 Nm
  br4_foot: Position=0.843 rad, Velocity=-0.003 rad/s, Effort=-0.004 Nm

[JOINT STATE] Joint State Data:
  fl1_hip_roll: Position=-1.079 rad, Velocity=-0.001 rad/s, Effort=-0.050 Nm
  fl2_hip_pitch: Position=1.280 rad, Velocity=-0.001 rad/s, Effort=-0.169 Nm
  fl3_knee_pitch: Position=0.010 rad, Velocity=-0.001 rad/s, Effort=-0.014 Nm
  fl4_foot: Position=0.544 rad, Velocity=-0.003 rad/s, Effort=-0.001 Nm
  fr1_hip_roll: Position=1.195 rad, Velocity=-0.001 rad/s, Effort=-0.014 Nm
  fr2_hip_pitch: Position=-1.431 rad, Velocity=-0.001 rad/s, Effort=-0.005 Nm
  fr3_knee_pitch: Position=-0.227 rad, Velocity=-0.001 rad/s, Effort=-0.050 Nm
  fr4_foot: Position=0.487 rad, Velocity=-0.003 rad/s, Effort=-0.013 Nm
  bl1_hip_roll: Position=1.216 rad, Velocity=-0.001 rad/s, Effort=-0.050 Nm
  bl2_hip_pitch: Position=-1.402 rad, Velocity=-0.001 rad/s, Effort=-0.041 Nm
  bl3_knee_pitch: Position=-0.179 rad, Velocity=-0.001 rad/s, Effort=-0.023 Nm
  bl4_foot: Position=0.232 rad, Velocity=-0.003 rad/s, Effort=-0.004 Nm
  br1_hip_roll: Position=-1.217 rad, Velocity=-0.001 rad/s, Effort=-0.014 Nm
  br2_hip_pitch: Position=1.452 rad, Velocity=-0.001 rad/s, Effort=-0.050 Nm
  br3_knee_pitch: Position=0.234 rad, Velocity=-0.001 rad/s, Effort=0.032 Nm
  br4_foot: Position=0.843 rad, Velocity=-0.003 rad/s, Effort=-0.016 Nm

[JOINT STATE] Joint State Data:
  fl1_hip_roll: Position=-1.079 rad, Velocity=-0.001 rad/s, Effort=0.023 Nm
  fl2_hip_pitch: Position=1.280 rad, Velocity=-0.001 rad/s, Effort=-0.160 Nm
  fl3_knee_pitch: Position=0.010 rad, Velocity=-0.001 rad/s, Effort=-0.041 Nm
  fl4_foot: Position=0.544 rad, Velocity=-0.003 rad/s, Effort=-0.005 Nm
  fr1_hip_roll: Position=1.195 rad, Velocity=-0.001 rad/s, Effort=-0.069 Nm
  fr2_hip_pitch: Position=-1.431 rad, Velocity=-0.001 rad/s, Effort=0.005 Nm
  fr3_knee_pitch: Position=-0.227 rad, Velocity=-0.001 rad/s, Effort=-0.087 Nm
  fr4_foot: Position=0.487 rad, Velocity=-0.003 rad/s, Effort=0.004 Nm
  bl1_hip_roll: Position=1.216 rad, Velocity=-0.001 rad/s, Effort=-0.023 Nm
  bl2_hip_pitch: Position=-1.402 rad, Velocity=-0.001 rad/s, Effort=-0.069 Nm
  bl3_knee_pitch: Position=-0.179 rad, Velocity=-0.001 rad/s, Effort=-0.032 Nm
  bl4_foot: Position=0.232 rad, Velocity=-0.003 rad/s, Effort=-0.002 Nm
  br1_hip_roll: Position=-1.217 rad, Velocity=-0.001 rad/s, Effort=-0.114 Nm
  br2_hip_pitch: Position=1.452 rad, Velocity=-0.001 rad/s, Effort=-0.023 Nm
  br3_knee_pitch: Position=0.234 rad, Velocity=-0.001 rad/s, Effort=-0.023 Nm
  br4_foot: Position=0.843 rad, Velocity=-0.003 rad/s, Effort=-0.010 Nm

[JOINT STATE] Joint State Data:
  fl1_hip_roll: Position=-1.079 rad, Velocity=-0.001 rad/s, Effort=-0.032 Nm
  fl2_hip_pitch: Position=1.280 rad, Velocity=-0.001 rad/s, Effort=-0.160 Nm
  fl3_knee_pitch: Position=0.010 rad, Velocity=-0.001 rad/s, Effort=0.014 Nm
  fl4_foot: Position=0.544 rad, Velocity=-0.003 rad/s, Effort=-0.005 Nm
  fr1_hip_roll: Position=1.195 rad, Velocity=-0.001 rad/s, Effort=-0.041 Nm
  fr2_hip_pitch: Position=-1.431 rad, Velocity=-0.001 rad/s, Effort=0.005 Nm
  fr3_knee_pitch: Position=-0.227 rad, Velocity=-0.001 rad/s, Effort=-0.050 Nm
  fr4_foot: Position=0.487 rad, Velocity=-0.003 rad/s, Effort=-0.007 Nm
  bl1_hip_roll: Position=1.216 rad, Velocity=-0.001 rad/s, Effort=-0.050 Nm
  bl2_hip_pitch: Position=-1.402 rad, Velocity=-0.001 rad/s, Effort=-0.041 Nm
  bl3_knee_pitch: Position=-0.179 rad, Velocity=-0.001 rad/s, Effort=-0.060 Nm
  bl4_foot: Position=0.232 rad, Velocity=-0.003 rad/s, Effort=0.002 Nm
  br1_hip_roll: Position=-1.217 rad, Velocity=-0.001 rad/s, Effort=0.023 Nm
  br2_hip_pitch: Position=1.452 rad, Velocity=-0.001 rad/s, Effort=-0.087 Nm
  br3_knee_pitch: Position=0.234 rad, Velocity=-0.001 rad/s, Effort=-0.050 Nm
  br4_foot: Position=0.843 rad, Velocity=-0.003 rad/s, Effort=-0.008 Nm

[JOINT STATE] Joint State Data:
  fl1_hip_roll: Position=-1.079 rad, Velocity=-0.001 rad/s, Effort=-0.060 Nm
  fl2_hip_pitch: Position=1.280 rad, Velocity=-0.001 rad/s, Effort=-0.160 Nm
  fl3_knee_pitch: Position=0.010 rad, Velocity=-0.001 rad/s, Effort=-0.050 Nm
  fl4_foot: Position=0.544 rad, Velocity=-0.003 rad/s, Effort=0.001 Nm
  fr1_hip_roll: Position=1.195 rad, Velocity=-0.001 rad/s, Effort=-0.050 Nm
  fr2_hip_pitch: Position=-1.431 rad, Velocity=-0.001 rad/s, Effort=-0.005 Nm
  fr3_knee_pitch: Position=-0.227 rad, Velocity=-0.001 rad/s, Effort=-0.023 Nm
  fr4_foot: Position=0.487 rad, Velocity=-0.003 rad/s, Effort=-0.005 Nm
  bl1_hip_roll: Position=1.216 rad, Velocity=-0.001 rad/s, Effort=0.014 Nm
  bl2_hip_pitch: Position=-1.402 rad, Velocity=-0.001 rad/s, Effort=0.005 Nm
  bl3_knee_pitch: Position=-0.179 rad, Velocity=-0.001 rad/s, Effort=-0.050 Nm
  bl4_foot: Position=0.232 rad, Velocity=-0.003 rad/s, Effort=-0.014 Nm
  br1_hip_roll: Position=-1.217 rad, Velocity=-0.001 rad/s, Effort=-0.069 Nm
  br2_hip_pitch: Position=1.452 rad, Velocity=-0.001 rad/s, Effort=0.023 Nm
  br3_knee_pitch: Position=0.234 rad, Velocity=-0.001 rad/s, Effort=-0.005 Nm
  br4_foot: Position=0.843 rad, Velocity=-0.003 rad/s, Effort=-0.004 Nm

[JOINT STATE] Joint State Data:
  fl1_hip_roll: Position=-1.079 rad, Velocity=-0.001 rad/s, Effort=-0.078 Nm
  fl2_hip_pitch: Position=1.280 rad, Velocity=-0.001 rad/s, Effort=-0.160 Nm
  fl3_knee_pitch: Position=0.010 rad, Velocity=-0.001 rad/s, Effort=-0.050 Nm
  fl4_foot: Position=0.544 rad, Velocity=-0.003 rad/s, Effort=-0.002 Nm
  fr1_hip_roll: Position=1.195 rad, Velocity=-0.001 rad/s, Effort=-0.014 Nm
  fr2_hip_pitch: Position=-1.431 rad, Velocity=-0.001 rad/s, Effort=-0.005 Nm
  fr3_knee_pitch: Position=-0.227 rad, Velocity=-0.001 rad/s, Effort=-0.032 Nm
  fr4_foot: Position=0.487 rad, Velocity=-0.003 rad/s, Effort=-0.013 Nm
  bl1_hip_roll: Position=1.216 rad, Velocity=-0.001 rad/s, Effort=-0.050 Nm
  bl2_hip_pitch: Position=-1.402 rad, Velocity=-0.001 rad/s, Effort=-0.032 Nm
  bl3_knee_pitch: Position=-0.179 rad, Velocity=-0.001 rad/s, Effort=-0.032 Nm
  bl4_foot: Position=0.232 rad, Velocity=-0.003 rad/s, Effort=0.010 Nm
  br1_hip_roll: Position=-1.217 rad, Velocity=-0.001 rad/s, Effort=-0.078 Nm
  br2_hip_pitch: Position=1.452 rad, Velocity=-0.001 rad/s, Effort=-0.060 Nm
  br3_knee_pitch: Position=0.234 rad, Velocity=-0.001 rad/s, Effort=-0.032 Nm
  br4_foot: Position=0.843 rad, Velocity=-0.003 rad/s, Effort=-0.004 Nm

[JOINT STATE] Joint State Data:
  fl1_hip_roll: Position=-1.079 rad, Velocity=-0.001 rad/s, Effort=-0.060 Nm
  fl2_hip_pitch: Position=1.280 rad, Velocity=-0.001 rad/s, Effort=-0.160 Nm
  fl3_knee_pitch: Position=0.010 rad, Velocity=-0.001 rad/s, Effort=-0.078 Nm
  fl4_foot: Position=0.544 rad, Velocity=-0.003 rad/s, Effort=0.002 Nm
  fr1_hip_roll: Position=1.195 rad, Velocity=-0.001 rad/s, Effort=-0.032 Nm
  fr2_hip_pitch: Position=-1.431 rad, Velocity=-0.001 rad/s, Effort=-0.023 Nm
  fr3_knee_pitch: Position=-0.227 rad, Velocity=-0.001 rad/s, Effort=-0.023 Nm
  fr4_foot: Position=0.487 rad, Velocity=-0.003 rad/s, Effort=0.004 Nm
  bl1_hip_roll: Position=1.216 rad, Velocity=-0.001 rad/s, Effort=0.041 Nm
  bl2_hip_pitch: Position=-1.402 rad, Velocity=-0.001 rad/s, Effort=-0.041 Nm
  bl3_knee_pitch: Position=-0.179 rad, Velocity=-0.001 rad/s, Effort=-0.032 Nm
  bl4_foot: Position=0.232 rad, Velocity=-0.003 rad/s, Effort=0.005 Nm
  br1_hip_roll: Position=-1.217 rad, Velocity=-0.001 rad/s, Effort=-0.060 Nm
  br2_hip_pitch: Position=1.452 rad, Velocity=-0.001 rad/s, Effort=-0.032 Nm
  br3_knee_pitch: Position=0.234 rad, Velocity=-0.001 rad/s, Effort=0.005 Nm
  br4_foot: Position=0.843 rad, Velocity=-0.003 rad/s, Effort=-0.010 Nm

[JOINT STATE] Joint State Data:
  fl1_hip_roll: Position=-1.079 rad, Velocity=-0.001 rad/s, Effort=-0.041 Nm
  fl2_hip_pitch: Position=1.280 rad, Velocity=-0.001 rad/s, Effort=-0.169 Nm
  fl3_knee_pitch: Position=0.010 rad, Velocity=-0.001 rad/s, Effort=-0.087 Nm
  fl4_foot: Position=0.544 rad, Velocity=-0.003 rad/s, Effort=-0.005 Nm
  fr1_hip_roll: Position=1.195 rad, Velocity=-0.001 rad/s, Effort=-0.014 Nm
  fr2_hip_pitch: Position=-1.431 rad, Velocity=-0.001 rad/s, Effort=0.032 Nm
  fr3_knee_pitch: Position=-0.227 rad, Velocity=-0.001 rad/s, Effort=-0.060 Nm
  fr4_foot: Position=0.487 rad, Velocity=-0.003 rad/s, Effort=-0.014 Nm
  bl1_hip_roll: Position=1.216 rad, Velocity=-0.001 rad/s, Effort=-0.050 Nm
  bl2_hip_pitch: Position=-1.402 rad, Velocity=-0.001 rad/s, Effort=-0.060 Nm
  bl3_knee_pitch: Position=-0.179 rad, Velocity=-0.001 rad/s, Effort=-0.023 Nm
  bl4_foot: Position=0.232 rad, Velocity=-0.003 rad/s, Effort=0.002 Nm
  br1_hip_roll: Position=-1.217 rad, Velocity=-0.001 rad/s, Effort=-0.096 Nm
  br2_hip_pitch: Position=1.452 rad, Velocity=-0.001 rad/s, Effort=-0.060 Nm
  br3_knee_pitch: Position=0.234 rad, Velocity=-0.001 rad/s, Effort=-0.014 Nm
  br4_foot: Position=0.843 rad, Velocity=-0.003 rad/s, Effort=-0.011 Nm

[JOINT STATE] Joint State Data:
  fl1_hip_roll: Position=-1.079 rad, Velocity=-0.001 rad/s, Effort=0.032 Nm
  fl2_hip_pitch: Position=1.280 rad, Velocity=-0.001 rad/s, Effort=-0.142 Nm
  fl3_knee_pitch: Position=0.010 rad, Velocity=-0.001 rad/s, Effort=-0.060 Nm
  fl4_foot: Position=0.544 rad, Velocity=-0.003 rad/s, Effort=-0.014 Nm
  fr1_hip_roll: Position=1.195 rad, Velocity=-0.001 rad/s, Effort=-0.014 Nm
  fr2_hip_pitch: Position=-1.431 rad, Velocity=-0.001 rad/s, Effort=-0.014 Nm
  fr3_knee_pitch: Position=-0.227 rad, Velocity=-0.001 rad/s, Effort=-0.041 Nm
  fr4_foot: Position=0.487 rad, Velocity=-0.003 rad/s, Effort=-0.011 Nm
  bl1_hip_roll: Position=1.216 rad, Velocity=-0.001 rad/s, Effort=-0.032 Nm
  bl2_hip_pitch: Position=-1.402 rad, Velocity=-0.001 rad/s, Effort=-0.087 Nm
  bl3_knee_pitch: Position=-0.179 rad, Velocity=-0.001 rad/s, Effort=-0.032 Nm
  bl4_foot: Position=0.232 rad, Velocity=-0.003 rad/s, Effort=-0.001 Nm
  br1_hip_roll: Position=-1.217 rad, Velocity=-0.001 rad/s, Effort=-0.050 Nm
  br2_hip_pitch: Position=1.452 rad, Velocity=-0.001 rad/s, Effort=-0.041 Nm
  br3_knee_pitch: Position=0.234 rad, Velocity=-0.001 rad/s, Effort=-0.005 Nm
  br4_foot: Position=0.843 rad, Velocity=-0.003 rad/s, Effort=-0.016 Nm

[JOINT STATE] Joint State Data:
  fl1_hip_roll: Position=-1.079 rad, Velocity=-0.001 rad/s, Effort=-0.069 Nm
  fl2_hip_pitch: Position=1.280 rad, Velocity=-0.001 rad/s, Effort=-0.169 Nm
  fl3_knee_pitch: Position=0.010 rad, Velocity=-0.001 rad/s, Effort=0.005 Nm
  fl4_foot: Position=0.544 rad, Velocity=-0.003 rad/s, Effort=0.001 Nm
  fr1_hip_roll: Position=1.195 rad, Velocity=-0.001 rad/s, Effort=-0.032 Nm
  fr2_hip_pitch: Position=-1.431 rad, Velocity=-0.001 rad/s, Effort=-0.023 Nm
  fr3_knee_pitch: Position=-0.227 rad, Velocity=-0.001 rad/s, Effort=-0.023 Nm
  fr4_foot: Position=0.487 rad, Velocity=-0.003 rad/s, Effort=0.002 Nm
  bl1_hip_roll: Position=1.216 rad, Velocity=-0.001 rad/s, Effort=-0.050 Nm
  bl2_hip_pitch: Position=-1.402 rad, Velocity=-0.001 rad/s, Effort=-0.087 Nm
  bl3_knee_pitch: Position=-0.179 rad, Velocity=-0.001 rad/s, Effort=-0.041 Nm
  bl4_foot: Position=0.232 rad, Velocity=-0.003 rad/s, Effort=-0.010 Nm
  br1_hip_roll: Position=-1.217 rad, Velocity=-0.001 rad/s, Effort=-0.023 Nm
  br2_hip_pitch: Position=1.452 rad, Velocity=-0.001 rad/s, Effort=-0.050 Nm
  br3_knee_pitch: Position=0.234 rad, Velocity=-0.001 rad/s, Effort=-0.014 Nm
  br4_foot: Position=0.843 rad, Velocity=-0.003 rad/s, Effort=-0.007 Nm

[JOINT STATE] Joint State Data:
  fl1_hip_roll: Position=-1.079 rad, Velocity=-0.001 rad/s, Effort=0.041 Nm
  fl2_hip_pitch: Position=1.280 rad, Velocity=-0.001 rad/s, Effort=-0.160 Nm
  fl3_knee_pitch: Position=0.010 rad, Velocity=-0.001 rad/s, Effort=-0.032 Nm
  fl4_foot: Position=0.544 rad, Velocity=-0.003 rad/s, Effort=0.001 Nm
  fr1_hip_roll: Position=1.195 rad, Velocity=-0.001 rad/s, Effort=-0.060 Nm
  fr2_hip_pitch: Position=-1.431 rad, Velocity=-0.001 rad/s, Effort=-0.023 Nm
  fr3_knee_pitch: Position=-0.227 rad, Velocity=-0.001 rad/s, Effort=-0.041 Nm
  fr4_foot: Position=0.487 rad, Velocity=-0.003 rad/s, Effort=-0.010 Nm
  bl1_hip_roll: Position=1.216 rad, Velocity=-0.001 rad/s, Effort=0.023 Nm
  bl2_hip_pitch: Position=-1.402 rad, Velocity=-0.001 rad/s, Effort=-0.023 Nm
  bl3_knee_pitch: Position=-0.179 rad, Velocity=-0.001 rad/s, Effort=-0.023 Nm
  bl4_foot: Position=0.232 rad, Velocity=-0.003 rad/s, Effort=-0.005 Nm
  br1_hip_roll: Position=-1.217 rad, Velocity=-0.001 rad/s, Effort=-0.124 Nm
  br2_hip_pitch: Position=1.452 rad, Velocity=-0.001 rad/s, Effort=-0.050 Nm
  br3_knee_pitch: Position=0.234 rad, Velocity=-0.001 rad/s, Effort=-0.014 Nm
  br4_foot: Position=0.843 rad, Velocity=-0.003 rad/s, Effort=-0.001 Nm

[JOINT STATE] Joint State Data:
  fl1_hip_roll: Position=-1.079 rad, Velocity=-0.001 rad/s, Effort=-0.096 Nm
  fl2_hip_pitch: Position=1.280 rad, Velocity=-0.001 rad/s, Effort=-0.160 Nm
  fl3_knee_pitch: Position=0.010 rad, Velocity=-0.001 rad/s, Effort=-0.023 Nm
  fl4_foot: Position=0.544 rad, Velocity=-0.003 rad/s, Effort=-0.007 Nm
  fr1_hip_roll: Position=1.195 rad, Velocity=-0.001 rad/s, Effort=-0.078 Nm
  fr2_hip_pitch: Position=-1.431 rad, Velocity=-0.001 rad/s, Effort=0.023 Nm
  fr3_knee_pitch: Position=-0.227 rad, Velocity=-0.001 rad/s, Effort=-0.050 Nm
  fr4_foot: Position=0.487 rad, Velocity=-0.003 rad/s, Effort=-0.002 Nm
  bl1_hip_roll: Position=1.216 rad, Velocity=-0.001 rad/s, Effort=-0.005 Nm
  bl2_hip_pitch: Position=-1.402 rad, Velocity=-0.001 rad/s, Effort=-0.096 Nm
  bl3_knee_pitch: Position=-0.179 rad, Velocity=-0.001 rad/s, Effort=-0.060 Nm
  bl4_foot: Position=0.232 rad, Velocity=-0.003 rad/s, Effort=-0.007 Nm
  br1_hip_roll: Position=-1.217 rad, Velocity=-0.001 rad/s, Effort=-0.096 Nm
  br2_hip_pitch: Position=1.452 rad, Velocity=-0.001 rad/s, Effort=-0.023 Nm
  br3_knee_pitch: Position=0.234 rad, Velocity=-0.001 rad/s, Effort=0.005 Nm
  br4_foot: Position=0.843 rad, Velocity=-0.003 rad/s, Effort=-0.001 Nm

[JOINT STATE] Joint State Data:
  fl1_hip_roll: Position=-1.079 rad, Velocity=-0.001 rad/s, Effort=0.023 Nm
  fl2_hip_pitch: Position=1.280 rad, Velocity=-0.001 rad/s, Effort=-0.160 Nm
  fl3_knee_pitch: Position=0.010 rad, Velocity=-0.001 rad/s, Effort=-0.023 Nm
  fl4_foot: Position=0.544 rad, Velocity=-0.003 rad/s, Effort=-0.013 Nm
  fr1_hip_roll: Position=1.195 rad, Velocity=-0.001 rad/s, Effort=-0.069 Nm
  fr2_hip_pitch: Position=-1.431 rad, Velocity=-0.001 rad/s, Effort=-0.050 Nm
  fr3_knee_pitch: Position=-0.227 rad, Velocity=-0.001 rad/s, Effort=-0.069 Nm
  fr4_foot: Position=0.487 rad, Velocity=-0.003 rad/s, Effort=-0.002 Nm
  bl1_hip_roll: Position=1.216 rad, Velocity=-0.001 rad/s, Effort=0.005 Nm
  bl2_hip_pitch: Position=-1.402 rad, Velocity=-0.001 rad/s, Effort=-0.078 Nm
  bl3_knee_pitch: Position=-0.179 rad, Velocity=-0.001 rad/s, Effort=-0.069 Nm
  bl4_foot: Position=0.232 rad, Velocity=-0.003 rad/s, Effort=-0.005 Nm
  br1_hip_roll: Position=-1.217 rad, Velocity=-0.001 rad/s, Effort=-0.087 Nm
  br2_hip_pitch: Position=1.452 rad, Velocity=-0.001 rad/s, Effort=-0.041 Nm
  br3_knee_pitch: Position=0.234 rad, Velocity=-0.001 rad/s, Effort=0.014 Nm
  br4_foot: Position=0.843 rad, Velocity=-0.003 rad/s, Effort=-0.005 Nm

[JOINT STATE] Joint State Data:
  fl1_hip_roll: Position=-1.079 rad, Velocity=-0.001 rad/s, Effort=-0.032 Nm
  fl2_hip_pitch: Position=1.280 rad, Velocity=-0.001 rad/s, Effort=-0.169 Nm
  fl3_knee_pitch: Position=0.010 rad, Velocity=-0.001 rad/s, Effort=-0.041 Nm
  fl4_foot: Position=0.544 rad, Velocity=-0.003 rad/s, Effort=-0.008 Nm
  fr1_hip_roll: Position=1.195 rad, Velocity=-0.001 rad/s, Effort=-0.078 Nm
  fr2_hip_pitch: Position=-1.431 rad, Velocity=-0.001 rad/s, Effort=-0.032 Nm
  fr3_knee_pitch: Position=-0.227 rad, Velocity=-0.001 rad/s, Effort=-0.050 Nm
  fr4_foot: Position=0.487 rad, Velocity=-0.003 rad/s, Effort=-0.002 Nm
  bl1_hip_roll: Position=1.216 rad, Velocity=-0.001 rad/s, Effort=0.087 Nm
  bl2_hip_pitch: Position=-1.402 rad, Velocity=-0.001 rad/s, Effort=0.032 Nm
  bl3_knee_pitch: Position=-0.179 rad, Velocity=-0.001 rad/s, Effort=-0.060 Nm
  bl4_foot: Position=0.232 rad, Velocity=-0.003 rad/s, Effort=0.001 Nm
  br1_hip_roll: Position=-1.217 rad, Velocity=-0.003 rad/s, Effort=-0.060 Nm
  br2_hip_pitch: Position=1.452 rad, Velocity=-0.001 rad/s, Effort=-0.041 Nm
  br3_knee_pitch: Position=0.234 rad, Velocity=-0.001 rad/s, Effort=-0.014 Nm
  br4_foot: Position=0.843 rad, Velocity=-0.003 rad/s, Effort=-0.002 Nm

[JOINT STATE] Joint State Data:
  fl1_hip_roll: Position=-1.079 rad, Velocity=-0.001 rad/s, Effort=0.005 Nm
  fl2_hip_pitch: Position=1.280 rad, Velocity=-0.001 rad/s, Effort=-0.160 Nm
  fl3_knee_pitch: Position=0.010 rad, Velocity=-0.001 rad/s, Effort=-0.041 Nm
  fl4_foot: Position=0.544 rad, Velocity=-0.003 rad/s, Effort=-0.005 Nm
  fr1_hip_roll: Position=1.195 rad, Velocity=-0.001 rad/s, Effort=-0.014 Nm
  fr2_hip_pitch: Position=-1.431 rad, Velocity=-0.001 rad/s, Effort=-0.078 Nm
  fr3_knee_pitch: Position=-0.227 rad, Velocity=-0.001 rad/s, Effort=-0.032 Nm
  fr4_foot: Position=0.487 rad, Velocity=-0.003 rad/s, Effort=0.001 Nm
  bl1_hip_roll: Position=1.216 rad, Velocity=-0.001 rad/s, Effort=-0.023 Nm
  bl2_hip_pitch: Position=-1.402 rad, Velocity=-0.001 rad/s, Effort=0.005 Nm
  bl3_knee_pitch: Position=-0.179 rad, Velocity=-0.001 rad/s, Effort=-0.032 Nm
  bl4_foot: Position=0.232 rad, Velocity=-0.003 rad/s, Effort=0.004 Nm
  br1_hip_roll: Position=-1.217 rad, Velocity=-0.001 rad/s, Effort=-0.023 Nm
  br2_hip_pitch: Position=1.452 rad, Velocity=-0.001 rad/s, Effort=-0.005 Nm
  br3_knee_pitch: Position=0.234 rad, Velocity=-0.001 rad/s, Effort=0.005 Nm
  br4_foot: Position=0.843 rad, Velocity=-0.003 rad/s, Effort=-0.010 Nm

[JOINT STATE] Joint State Data:
  fl1_hip_roll: Position=-1.079 rad, Velocity=-0.001 rad/s, Effort=-0.032 Nm
  fl2_hip_pitch: Position=1.280 rad, Velocity=-0.001 rad/s, Effort=-0.160 Nm
  fl3_knee_pitch: Position=0.010 rad, Velocity=-0.001 rad/s, Effort=-0.041 Nm
  fl4_foot: Position=0.544 rad, Velocity=-0.003 rad/s, Effort=0.001 Nm
  fr1_hip_roll: Position=1.195 rad, Velocity=-0.001 rad/s, Effort=0.005 Nm
  fr2_hip_pitch: Position=-1.431 rad, Velocity=-0.001 rad/s, Effort=-0.032 Nm
  fr3_knee_pitch: Position=-0.227 rad, Velocity=-0.001 rad/s, Effort=-0.050 Nm
  fr4_foot: Position=0.487 rad, Velocity=-0.003 rad/s, Effort=0.002 Nm
  bl1_hip_roll: Position=1.216 rad, Velocity=-0.001 rad/s, Effort=-0.050 Nm
  bl2_hip_pitch: Position=-1.402 rad, Velocity=-0.001 rad/s, Effort=-0.041 Nm
  bl3_knee_pitch: Position=-0.179 rad, Velocity=-0.001 rad/s, Effort=-0.032 Nm
  bl4_foot: Position=0.232 rad, Velocity=-0.003 rad/s, Effort=0.004 Nm
  br1_hip_roll: Position=-1.217 rad, Velocity=-0.001 rad/s, Effort=-0.023 Nm
  br2_hip_pitch: Position=1.452 rad, Velocity=-0.001 rad/s, Effort=-0.041 Nm
  br3_knee_pitch: Position=0.234 rad, Velocity=-0.001 rad/s, Effort=0.023 Nm
  br4_foot: Position=0.843 rad, Velocity=-0.003 rad/s, Effort=-0.010 Nm

[JOINT STATE] Joint State Data:
  fl1_hip_roll: Position=-1.079 rad, Velocity=-0.001 rad/s, Effort=-0.087 Nm
  fl2_hip_pitch: Position=1.280 rad, Velocity=-0.001 rad/s, Effort=-0.160 Nm
  fl3_knee_pitch: Position=0.010 rad, Velocity=-0.001 rad/s, Effort=-0.014 Nm
  fl4_foot: Position=0.544 rad, Velocity=-0.003 rad/s, Effort=-0.001 Nm
  fr1_hip_roll: Position=1.195 rad, Velocity=-0.001 rad/s, Effort=-0.041 Nm
  fr2_hip_pitch: Position=-1.431 rad, Velocity=-0.001 rad/s, Effort=-0.078 Nm
  fr3_knee_pitch: Position=-0.227 rad, Velocity=-0.001 rad/s, Effort=-0.041 Nm
  fr4_foot: Position=0.487 rad, Velocity=-0.003 rad/s, Effort=-0.011 Nm
  bl1_hip_roll: Position=1.216 rad, Velocity=-0.001 rad/s, Effort=0.032 Nm
  bl2_hip_pitch: Position=-1.402 rad, Velocity=-0.001 rad/s, Effort=-0.050 Nm
  bl3_knee_pitch: Position=-0.179 rad, Velocity=-0.001 rad/s, Effort=-0.032 Nm
  bl4_foot: Position=0.232 rad, Velocity=-0.003 rad/s, Effort=-0.007 Nm
  br1_hip_roll: Position=-1.217 rad, Velocity=-0.001 rad/s, Effort=-0.096 Nm
  br2_hip_pitch: Position=1.452 rad, Velocity=-0.001 rad/s, Effort=-0.023 Nm
  br3_knee_pitch: Position=0.234 rad, Velocity=-0.001 rad/s, Effort=0.014 Nm
  br4_foot: Position=0.843 rad, Velocity=-0.003 rad/s, Effort=-0.001 Nm

[JOINT STATE] Joint State Data:
  fl1_hip_roll: Position=-1.079 rad, Velocity=-0.001 rad/s, Effort=-0.014 Nm
  fl2_hip_pitch: Position=1.280 rad, Velocity=-0.001 rad/s, Effort=-0.133 Nm
  fl3_knee_pitch: Position=0.010 rad, Velocity=-0.001 rad/s, Effort=-0.050 Nm
  fl4_foot: Position=0.544 rad, Velocity=-0.003 rad/s, Effort=-0.005 Nm
  fr1_hip_roll: Position=1.195 rad, Velocity=-0.001 rad/s, Effort=-0.014 Nm
  fr2_hip_pitch: Position=-1.431 rad, Velocity=-0.001 rad/s, Effort=-0.005 Nm
  fr3_knee_pitch: Position=-0.227 rad, Velocity=-0.001 rad/s, Effort=-0.050 Nm
  fr4_foot: Position=0.487 rad, Velocity=-0.003 rad/s, Effort=-0.005 Nm
  bl1_hip_roll: Position=1.216 rad, Velocity=-0.001 rad/s, Effort=-0.032 Nm
  bl2_hip_pitch: Position=-1.402 rad, Velocity=-0.001 rad/s, Effort=-0.005 Nm
  bl3_knee_pitch: Position=-0.179 rad, Velocity=-0.001 rad/s, Effort=-0.041 Nm
  bl4_foot: Position=0.232 rad, Velocity=-0.003 rad/s, Effort=0.001 Nm
  br1_hip_roll: Position=-1.217 rad, Velocity=-0.001 rad/s, Effort=-0.023 Nm
  br2_hip_pitch: Position=1.452 rad, Velocity=-0.001 rad/s, Effort=-0.069 Nm
  br3_knee_pitch: Position=0.234 rad, Velocity=-0.001 rad/s, Effort=0.023 Nm
  br4_foot: Position=0.843 rad, Velocity=-0.003 rad/s, Effort=-0.001 Nm

[JOINT STATE] Joint State Data:
  fl1_hip_roll: Position=-1.079 rad, Velocity=-0.001 rad/s, Effort=-0.032 Nm
  fl2_hip_pitch: Position=1.280 rad, Velocity=-0.001 rad/s, Effort=-0.160 Nm
  fl3_knee_pitch: Position=0.010 rad, Velocity=-0.001 rad/s, Effort=-0.069 Nm
  fl4_foot: Position=0.544 rad, Velocity=-0.003 rad/s, Effort=-0.004 Nm
  fr1_hip_roll: Position=1.195 rad, Velocity=-0.001 rad/s, Effort=-0.105 Nm
  fr2_hip_pitch: Position=-1.431 rad, Velocity=-0.001 rad/s, Effort=-0.050 Nm
  fr3_knee_pitch: Position=-0.227 rad, Velocity=-0.001 rad/s, Effort=-0.050 Nm
  fr4_foot: Position=0.487 rad, Velocity=-0.003 rad/s, Effort=-0.004 Nm
  bl1_hip_roll: Position=1.216 rad, Velocity=-0.001 rad/s, Effort=-0.032 Nm
  bl2_hip_pitch: Position=-1.402 rad, Velocity=-0.001 rad/s, Effort=-0.096 Nm
  bl3_knee_pitch: Position=-0.179 rad, Velocity=-0.001 rad/s, Effort=-0.005 Nm
  bl4_foot: Position=0.232 rad, Velocity=-0.003 rad/s, Effort=-0.004 Nm
  br1_hip_roll: Position=-1.217 rad, Velocity=-0.001 rad/s, Effort=-0.087 Nm
  br2_hip_pitch: Position=1.452 rad, Velocity=-0.001 rad/s, Effort=-0.032 Nm
  br3_knee_pitch: Position=0.234 rad, Velocity=-0.001 rad/s, Effort=-0.005 Nm
  br4_foot: Position=0.843 rad, Velocity=-0.003 rad/s, Effort=0.001 Nm

[JOINT STATE] Joint State Data:
  fl1_hip_roll: Position=-1.079 rad, Velocity=-0.001 rad/s, Effort=-0.078 Nm
  fl2_hip_pitch: Position=1.280 rad, Velocity=-0.001 rad/s, Effort=-0.160 Nm
  fl3_knee_pitch: Position=0.010 rad, Velocity=-0.001 rad/s, Effort=-0.005 Nm
  fl4_foot: Position=0.544 rad, Velocity=-0.003 rad/s, Effort=-0.004 Nm
  fr1_hip_roll: Position=1.195 rad, Velocity=-0.001 rad/s, Effort=-0.060 Nm
  fr2_hip_pitch: Position=-1.431 rad, Velocity=-0.001 rad/s, Effort=0.005 Nm
  fr3_knee_pitch: Position=-0.227 rad, Velocity=-0.001 rad/s, Effort=-0.032 Nm
  fr4_foot: Position=0.487 rad, Velocity=-0.003 rad/s, Effort=-0.004 Nm
  bl1_hip_roll: Position=1.216 rad, Velocity=-0.001 rad/s, Effort=0.014 Nm
  bl2_hip_pitch: Position=-1.402 rad, Velocity=-0.001 rad/s, Effort=-0.032 Nm
  bl3_knee_pitch: Position=-0.179 rad, Velocity=-0.001 rad/s, Effort=-0.032 Nm
  bl4_foot: Position=0.232 rad, Velocity=-0.003 rad/s, Effort=-0.008 Nm
  br1_hip_roll: Position=-1.217 rad, Velocity=0.009 rad/s, Effort=-0.096 Nm
  br2_hip_pitch: Position=1.452 rad, Velocity=-0.001 rad/s, Effort=-0.041 Nm
  br3_knee_pitch: Position=0.234 rad, Velocity=-0.001 rad/s, Effort=-0.005 Nm
  br4_foot: Position=0.843 rad, Velocity=-0.003 rad/s, Effort=-0.010 Nm

[JOINT STATE] Joint State Data:
  fl1_hip_roll: Position=-1.079 rad, Velocity=-0.001 rad/s, Effort=-0.041 Nm
  fl2_hip_pitch: Position=1.280 rad, Velocity=-0.001 rad/s, Effort=-0.169 Nm
  fl3_knee_pitch: Position=0.010 rad, Velocity=-0.001 rad/s, Effort=-0.014 Nm
  fl4_foot: Position=0.544 rad, Velocity=-0.003 rad/s, Effort=-0.010 Nm
  fr1_hip_roll: Position=1.195 rad, Velocity=-0.001 rad/s, Effort=-0.041 Nm
  fr2_hip_pitch: Position=-1.431 rad, Velocity=-0.001 rad/s, Effort=-0.032 Nm
  fr3_knee_pitch: Position=-0.227 rad, Velocity=-0.001 rad/s, Effort=-0.060 Nm
  fr4_foot: Position=0.487 rad, Velocity=-0.003 rad/s, Effort=-0.001 Nm
  bl1_hip_roll: Position=1.216 rad, Velocity=-0.001 rad/s, Effort=0.087 Nm
  bl2_hip_pitch: Position=-1.402 rad, Velocity=-0.001 rad/s, Effort=-0.060 Nm
  bl3_knee_pitch: Position=-0.179 rad, Velocity=-0.001 rad/s, Effort=-0.060 Nm
  bl4_foot: Position=0.232 rad, Velocity=-0.003 rad/s, Effort=-0.008 Nm
  br1_hip_roll: Position=-1.217 rad, Velocity=-0.005 rad/s, Effort=-0.087 Nm
  br2_hip_pitch: Position=1.452 rad, Velocity=-0.001 rad/s, Effort=-0.060 Nm
  br3_knee_pitch: Position=0.234 rad, Velocity=-0.001 rad/s, Effort=-0.050 Nm
  br4_foot: Position=0.843 rad, Velocity=-0.003 rad/s, Effort=-0.013 Nm

[JOINT STATE] Joint State Data:
  fl1_hip_roll: Position=-1.079 rad, Velocity=-0.001 rad/s, Effort=-0.014 Nm
  fl2_hip_pitch: Position=1.280 rad, Velocity=-0.001 rad/s, Effort=-0.160 Nm
  fl3_knee_pitch: Position=0.010 rad, Velocity=-0.001 rad/s, Effort=0.041 Nm
  fl4_foot: Position=0.544 rad, Velocity=-0.003 rad/s, Effort=-0.004 Nm
  fr1_hip_roll: Position=1.195 rad, Velocity=-0.001 rad/s, Effort=-0.050 Nm
  fr2_hip_pitch: Position=-1.431 rad, Velocity=-0.001 rad/s, Effort=-0.014 Nm
  fr3_knee_pitch: Position=-0.227 rad, Velocity=-0.001 rad/s, Effort=-0.050 Nm
  fr4_foot: Position=0.487 rad, Velocity=-0.003 rad/s, Effort=-0.001 Nm
  bl1_hip_roll: Position=1.216 rad, Velocity=-0.001 rad/s, Effort=-0.032 Nm
  bl2_hip_pitch: Position=-1.402 rad, Velocity=-0.001 rad/s, Effort=0.014 Nm
  bl3_knee_pitch: Position=-0.179 rad, Velocity=-0.001 rad/s, Effort=-0.014 Nm
  bl4_foot: Position=0.232 rad, Velocity=-0.003 rad/s, Effort=-0.002 Nm
  br1_hip_roll: Position=-1.217 rad, Velocity=-0.001 rad/s, Effort=-0.023 Nm
  br2_hip_pitch: Position=1.452 rad, Velocity=-0.001 rad/s, Effort=-0.069 Nm
  br3_knee_pitch: Position=0.234 rad, Velocity=-0.001 rad/s, Effort=-0.005 Nm
  br4_foot: Position=0.843 rad, Velocity=-0.003 rad/s, Effort=0.001 Nm

[JOINT STATE] Joint State Data:
  fl1_hip_roll: Position=-1.079 rad, Velocity=-0.001 rad/s, Effort=0.133 Nm
  fl2_hip_pitch: Position=1.280 rad, Velocity=-0.001 rad/s, Effort=-0.179 Nm
  fl3_knee_pitch: Position=0.010 rad, Velocity=-0.001 rad/s, Effort=-0.023 Nm
  fl4_foot: Position=0.544 rad, Velocity=-0.003 rad/s, Effort=-0.016 Nm
  fr1_hip_roll: Position=1.195 rad, Velocity=-0.001 rad/s, Effort=-0.041 Nm
  fr2_hip_pitch: Position=-1.431 rad, Velocity=-0.001 rad/s, Effort=-0.014 Nm
  fr3_knee_pitch: Position=-0.227 rad, Velocity=-0.001 rad/s, Effort=-0.032 Nm
  fr4_foot: Position=0.487 rad, Velocity=-0.003 rad/s, Effort=0.005 Nm
  bl1_hip_roll: Position=1.216 rad, Velocity=-0.001 rad/s, Effort=0.014 Nm
  bl2_hip_pitch: Position=-1.402 rad, Velocity=-0.001 rad/s, Effort=0.014 Nm
  bl3_knee_pitch: Position=-0.179 rad, Velocity=-0.001 rad/s, Effort=-0.041 Nm
  bl4_foot: Position=0.232 rad, Velocity=-0.003 rad/s, Effort=-0.007 Nm
  br1_hip_roll: Position=-1.217 rad, Velocity=-0.001 rad/s, Effort=-0.060 Nm
  br2_hip_pitch: Position=1.452 rad, Velocity=-0.001 rad/s, Effort=-0.069 Nm
  br3_knee_pitch: Position=0.234 rad, Velocity=-0.001 rad/s, Effort=-0.023 Nm
  br4_foot: Position=0.843 rad, Velocity=-0.003 rad/s, Effort=-0.004 Nm

[JOINT STATE] Joint State Data:
  fl1_hip_roll: Position=-1.079 rad, Velocity=-0.001 rad/s, Effort=-0.014 Nm
  fl2_hip_pitch: Position=1.280 rad, Velocity=-0.001 rad/s, Effort=-0.169 Nm
  fl3_knee_pitch: Position=0.010 rad, Velocity=-0.001 rad/s, Effort=-0.023 Nm
  fl4_foot: Position=0.544 rad, Velocity=-0.003 rad/s, Effort=0.008 Nm
  fr1_hip_roll: Position=1.195 rad, Velocity=-0.001 rad/s, Effort=-0.060 Nm
  fr2_hip_pitch: Position=-1.431 rad, Velocity=-0.001 rad/s, Effort=-0.014 Nm
  fr3_knee_pitch: Position=-0.227 rad, Velocity=-0.001 rad/s, Effort=-0.041 Nm
  fr4_foot: Position=0.487 rad, Velocity=-0.003 rad/s, Effort=0.001 Nm
  bl1_hip_roll: Position=1.216 rad, Velocity=-0.001 rad/s, Effort=-0.032 Nm
  bl2_hip_pitch: Position=-1.402 rad, Velocity=-0.001 rad/s, Effort=-0.060 Nm
  bl3_knee_pitch: Position=-0.179 rad, Velocity=-0.001 rad/s, Effort=-0.041 Nm
  bl4_foot: Position=0.232 rad, Velocity=-0.003 rad/s, Effort=-0.005 Nm
  br1_hip_roll: Position=-1.217 rad, Velocity=-0.001 rad/s, Effort=-0.023 Nm
  br2_hip_pitch: Position=1.452 rad, Velocity=-0.001 rad/s, Effort=-0.060 Nm
  br3_knee_pitch: Position=0.234 rad, Velocity=-0.001 rad/s, Effort=0.014 Nm
  br4_foot: Position=0.843 rad, Velocity=-0.003 rad/s, Effort=-0.008 Nm

[JOINT STATE] Joint State Data:
  fl1_hip_roll: Position=-1.079 rad, Velocity=-0.001 rad/s, Effort=-0.096 Nm
  fl2_hip_pitch: Position=1.280 rad, Velocity=-0.001 rad/s, Effort=-0.160 Nm
  fl3_knee_pitch: Position=0.010 rad, Velocity=-0.001 rad/s, Effort=-0.041 Nm
  fl4_foot: Position=0.544 rad, Velocity=-0.003 rad/s, Effort=-0.005 Nm
  fr1_hip_roll: Position=1.195 rad, Velocity=-0.001 rad/s, Effort=-0.041 Nm
  fr2_hip_pitch: Position=-1.431 rad, Velocity=-0.001 rad/s, Effort=-0.014 Nm
  fr3_knee_pitch: Position=-0.227 rad, Velocity=-0.001 rad/s, Effort=-0.014 Nm
  fr4_foot: Position=0.487 rad, Velocity=-0.003 rad/s, Effort=-0.004 Nm
  bl1_hip_roll: Position=1.216 rad, Velocity=-0.001 rad/s, Effort=-0.087 Nm
  bl2_hip_pitch: Position=-1.402 rad, Velocity=-0.001 rad/s, Effort=-0.032 Nm
  bl3_knee_pitch: Position=-0.179 rad, Velocity=-0.001 rad/s, Effort=-0.060 Nm
  bl4_foot: Position=0.232 rad, Velocity=-0.003 rad/s, Effort=-0.001 Nm
  br1_hip_roll: Position=-1.217 rad, Velocity=-0.001 rad/s, Effort=-0.114 Nm
  br2_hip_pitch: Position=1.452 rad, Velocity=-0.001 rad/s, Effort=-0.041 Nm
  br3_knee_pitch: Position=0.234 rad, Velocity=-0.001 rad/s, Effort=-0.060 Nm
  br4_foot: Position=0.843 rad, Velocity=-0.003 rad/s, Effort=-0.001 Nm

[JOINT STATE] Joint State Data:
  fl1_hip_roll: Position=-1.079 rad, Velocity=-0.001 rad/s, Effort=-0.032 Nm
  fl2_hip_pitch: Position=1.280 rad, Velocity=-0.001 rad/s, Effort=-0.160 Nm
  fl3_knee_pitch: Position=0.010 rad, Velocity=-0.001 rad/s, Effort=-0.023 Nm
  fl4_foot: Position=0.544 rad, Velocity=-0.003 rad/s, Effort=-0.011 Nm
  fr1_hip_roll: Position=1.195 rad, Velocity=-0.001 rad/s, Effort=-0.023 Nm
  fr2_hip_pitch: Position=-1.431 rad, Velocity=-0.001 rad/s, Effort=-0.060 Nm
  fr3_knee_pitch: Position=-0.227 rad, Velocity=-0.001 rad/s, Effort=-0.041 Nm
  fr4_foot: Position=0.487 rad, Velocity=-0.003 rad/s, Effort=-0.005 Nm
  bl1_hip_roll: Position=1.216 rad, Velocity=-0.001 rad/s, Effort=-0.032 Nm
  bl2_hip_pitch: Position=-1.402 rad, Velocity=-0.001 rad/s, Effort=-0.069 Nm
  bl3_knee_pitch: Position=-0.179 rad, Velocity=-0.001 rad/s, Effort=-0.050 Nm
  bl4_foot: Position=0.232 rad, Velocity=-0.003 rad/s, Effort=-0.001 Nm
  br1_hip_roll: Position=-1.217 rad, Velocity=-0.001 rad/s, Effort=0.032 Nm
  br2_hip_pitch: Position=1.452 rad, Velocity=-0.001 rad/s, Effort=-0.060 Nm
  br3_knee_pitch: Position=0.234 rad, Velocity=-0.001 rad/s, Effort=-0.023 Nm
  br4_foot: Position=0.843 rad, Velocity=-0.003 rad/s, Effort=-0.007 Nm

[JOINT STATE] Joint State Data:
  fl1_hip_roll: Position=-1.079 rad, Velocity=-0.001 rad/s, Effort=0.032 Nm
  fl2_hip_pitch: Position=1.280 rad, Velocity=-0.001 rad/s, Effort=-0.169 Nm
  fl3_knee_pitch: Position=0.010 rad, Velocity=-0.001 rad/s, Effort=-0.014 Nm
  fl4_foot: Position=0.544 rad, Velocity=-0.003 rad/s, Effort=-0.002 Nm
  fr1_hip_roll: Position=1.195 rad, Velocity=-0.001 rad/s, Effort=0.005 Nm
  fr2_hip_pitch: Position=-1.431 rad, Velocity=-0.001 rad/s, Effort=0.005 Nm
  fr3_knee_pitch: Position=-0.227 rad, Velocity=-0.001 rad/s, Effort=-0.060 Nm
  fr4_foot: Position=0.487 rad, Velocity=-0.003 rad/s, Effort=-0.004 Nm
  bl1_hip_roll: Position=1.216 rad, Velocity=-0.001 rad/s, Effort=0.005 Nm
  bl2_hip_pitch: Position=-1.402 rad, Velocity=-0.001 rad/s, Effort=-0.050 Nm
  bl3_knee_pitch: Position=-0.179 rad, Velocity=-0.001 rad/s, Effort=-0.032 Nm
  bl4_foot: Position=0.232 rad, Velocity=-0.003 rad/s, Effort=0.004 Nm
  br1_hip_roll: Position=-1.217 rad, Velocity=-0.001 rad/s, Effort=-0.060 Nm
  br2_hip_pitch: Position=1.452 rad, Velocity=-0.001 rad/s, Effort=-0.050 Nm
  br3_knee_pitch: Position=0.234 rad, Velocity=-0.001 rad/s, Effort=-0.014 Nm
  br4_foot: Position=0.843 rad, Velocity=-0.003 rad/s, Effort=0.002 Nm

[JOINT STATE] Joint State Data:
  fl1_hip_roll: Position=-1.079 rad, Velocity=-0.001 rad/s, Effort=-0.069 Nm
  fl2_hip_pitch: Position=1.280 rad, Velocity=-0.001 rad/s, Effort=-0.169 Nm
  fl3_knee_pitch: Position=0.010 rad, Velocity=-0.001 rad/s, Effort=-0.005 Nm
  fl4_foot: Position=0.544 rad, Velocity=-0.003 rad/s, Effort=-0.021 Nm
  fr1_hip_roll: Position=1.195 rad, Velocity=-0.001 rad/s, Effort=-0.032 Nm
  fr2_hip_pitch: Position=-1.431 rad, Velocity=-0.001 rad/s, Effort=0.005 Nm
  fr3_knee_pitch: Position=-0.227 rad, Velocity=-0.001 rad/s, Effort=-0.041 Nm
  fr4_foot: Position=0.487 rad, Velocity=-0.003 rad/s, Effort=-0.001 Nm
  bl1_hip_roll: Position=1.216 rad, Velocity=-0.001 rad/s, Effort=-0.050 Nm
  bl2_hip_pitch: Position=-1.402 rad, Velocity=-0.001 rad/s, Effort=-0.032 Nm
  bl3_knee_pitch: Position=-0.179 rad, Velocity=-0.001 rad/s, Effort=-0.041 Nm
  bl4_foot: Position=0.232 rad, Velocity=-0.003 rad/s, Effort=0.001 Nm
  br1_hip_roll: Position=-1.217 rad, Velocity=-0.001 rad/s, Effort=-0.014 Nm
  br2_hip_pitch: Position=1.452 rad, Velocity=-0.001 rad/s, Effort=-0.014 Nm
  br3_knee_pitch: Position=0.234 rad, Velocity=-0.001 rad/s, Effort=-0.014 Nm
  br4_foot: Position=0.843 rad, Velocity=-0.003 rad/s, Effort=-0.010 Nm

[JOINT STATE] Joint State Data:
  fl1_hip_roll: Position=-1.079 rad, Velocity=-0.001 rad/s, Effort=-0.014 Nm
  fl2_hip_pitch: Position=1.280 rad, Velocity=-0.001 rad/s, Effort=-0.179 Nm
  fl3_knee_pitch: Position=0.010 rad, Velocity=-0.001 rad/s, Effort=0.023 Nm
  fl4_foot: Position=0.544 rad, Velocity=-0.003 rad/s, Effort=-0.013 Nm
  fr1_hip_roll: Position=1.195 rad, Velocity=-0.001 rad/s, Effort=-0.041 Nm
  fr2_hip_pitch: Position=-1.431 rad, Velocity=-0.001 rad/s, Effort=-0.032 Nm
  fr3_knee_pitch: Position=-0.227 rad, Velocity=-0.001 rad/s, Effort=-0.023 Nm
  fr4_foot: Position=0.487 rad, Velocity=-0.003 rad/s, Effort=0.001 Nm
  bl1_hip_roll: Position=1.216 rad, Velocity=-0.001 rad/s, Effort=0.014 Nm
  bl2_hip_pitch: Position=-1.402 rad, Velocity=-0.001 rad/s, Effort=-0.050 Nm
  bl3_knee_pitch: Position=-0.179 rad, Velocity=-0.001 rad/s, Effort=-0.023 Nm
  bl4_foot: Position=0.232 rad, Velocity=-0.003 rad/s, Effort=-0.008 Nm
  br1_hip_roll: Position=-1.217 rad, Velocity=-0.001 rad/s, Effort=-0.124 Nm
  br2_hip_pitch: Position=1.452 rad, Velocity=-0.001 rad/s, Effort=-0.032 Nm
  br3_knee_pitch: Position=0.234 rad, Velocity=-0.001 rad/s, Effort=-0.023 Nm
  br4_foot: Position=0.843 rad, Velocity=-0.003 rad/s, Effort=-0.004 Nm

[JOINT STATE] Joint State Data:
  fl1_hip_roll: Position=-1.079 rad, Velocity=-0.001 rad/s, Effort=-0.032 Nm
  fl2_hip_pitch: Position=1.280 rad, Velocity=-0.001 rad/s, Effort=-0.160 Nm
  fl3_knee_pitch: Position=0.010 rad, Velocity=-0.001 rad/s, Effort=-0.014 Nm
  fl4_foot: Position=0.544 rad, Velocity=-0.003 rad/s, Effort=-0.013 Nm
  fr1_hip_roll: Position=1.195 rad, Velocity=-0.001 rad/s, Effort=-0.005 Nm
  fr2_hip_pitch: Position=-1.431 rad, Velocity=-0.001 rad/s, Effort=0.014 Nm
  fr3_knee_pitch: Position=-0.227 rad, Velocity=-0.001 rad/s, Effort=-0.023 Nm
  fr4_foot: Position=0.487 rad, Velocity=-0.003 rad/s, Effort=-0.004 Nm
  bl1_hip_roll: Position=1.216 rad, Velocity=-0.001 rad/s, Effort=0.005 Nm
  bl2_hip_pitch: Position=-1.402 rad, Velocity=-0.001 rad/s, Effort=-0.069 Nm
  bl3_knee_pitch: Position=-0.179 rad, Velocity=-0.001 rad/s, Effort=-0.005 Nm
  bl4_foot: Position=0.232 rad, Velocity=-0.003 rad/s, Effort=0.001 Nm
  br1_hip_roll: Position=-1.217 rad, Velocity=-0.001 rad/s, Effort=-0.096 Nm
  br2_hip_pitch: Position=1.452 rad, Velocity=-0.001 rad/s, Effort=-0.050 Nm
  br3_knee_pitch: Position=0.234 rad, Velocity=-0.001 rad/s, Effort=0.032 Nm
  br4_foot: Position=0.843 rad, Velocity=-0.003 rad/s, Effort=-0.008 Nm

[JOINT STATE] Joint State Data:
  fl1_hip_roll: Position=-1.079 rad, Velocity=-0.001 rad/s, Effort=0.041 Nm
  fl2_hip_pitch: Position=1.280 rad, Velocity=-0.001 rad/s, Effort=-0.169 Nm
  fl3_knee_pitch: Position=0.010 rad, Velocity=-0.001 rad/s, Effort=-0.041 Nm
  fl4_foot: Position=0.544 rad, Velocity=-0.003 rad/s, Effort=-0.004 Nm
  fr1_hip_roll: Position=1.195 rad, Velocity=-0.001 rad/s, Effort=-0.050 Nm
  fr2_hip_pitch: Position=-1.431 rad, Velocity=-0.001 rad/s, Effort=0.005 Nm
  fr3_knee_pitch: Position=-0.227 rad, Velocity=-0.001 rad/s, Effort=-0.023 Nm
  fr4_foot: Position=0.487 rad, Velocity=-0.003 rad/s, Effort=-0.007 Nm
  bl1_hip_roll: Position=1.216 rad, Velocity=-0.001 rad/s, Effort=-0.005 Nm
  bl2_hip_pitch: Position=-1.402 rad, Velocity=-0.001 rad/s, Effort=-0.060 Nm
  bl3_knee_pitch: Position=-0.179 rad, Velocity=-0.001 rad/s, Effort=-0.023 Nm
  bl4_foot: Position=0.232 rad, Velocity=-0.003 rad/s, Effort=-0.008 Nm
  br1_hip_roll: Position=-1.217 rad, Velocity=-0.001 rad/s, Effort=-0.050 Nm
  br2_hip_pitch: Position=1.452 rad, Velocity=-0.001 rad/s, Effort=-0.032 Nm
  br3_knee_pitch: Position=0.234 rad, Velocity=-0.001 rad/s, Effort=0.005 Nm
  br4_foot: Position=0.843 rad, Velocity=-0.003 rad/s, Effort=-0.004 Nm

[JOINT STATE] Joint State Data:
  fl1_hip_roll: Position=-1.079 rad, Velocity=-0.001 rad/s, Effort=0.032 Nm
  fl2_hip_pitch: Position=1.280 rad, Velocity=-0.001 rad/s, Effort=-0.160 Nm
  fl3_knee_pitch: Position=0.010 rad, Velocity=-0.001 rad/s, Effort=-0.023 Nm
  fl4_foot: Position=0.544 rad, Velocity=-0.003 rad/s, Effort=0.004 Nm
  fr1_hip_roll: Position=1.195 rad, Velocity=-0.001 rad/s, Effort=-0.023 Nm
  fr2_hip_pitch: Position=-1.431 rad, Velocity=-0.001 rad/s, Effort=0.005 Nm
  fr3_knee_pitch: Position=-0.227 rad, Velocity=-0.001 rad/s, Effort=-0.032 Nm
  fr4_foot: Position=0.487 rad, Velocity=-0.003 rad/s, Effort=-0.005 Nm
  bl1_hip_roll: Position=1.216 rad, Velocity=-0.001 rad/s, Effort=-0.005 Nm
  bl2_hip_pitch: Position=-1.402 rad, Velocity=-0.001 rad/s, Effort=-0.060 Nm
  bl3_knee_pitch: Position=-0.179 rad, Velocity=-0.001 rad/s, Effort=-0.032 Nm
  bl4_foot: Position=0.232 rad, Velocity=-0.003 rad/s, Effort=-0.002 Nm
  br1_hip_roll: Position=-1.217 rad, Velocity=-0.001 rad/s, Effort=-0.060 Nm
  br2_hip_pitch: Position=1.452 rad, Velocity=-0.001 rad/s, Effort=-0.060 Nm
  br3_knee_pitch: Position=0.234 rad, Velocity=-0.001 rad/s, Effort=-0.023 Nm
  br4_foot: Position=0.843 rad, Velocity=-0.003 rad/s, Effort=0.001 Nm

[JOINT STATE] Joint State Data:
  fl1_hip_roll: Position=-1.079 rad, Velocity=-0.001 rad/s, Effort=-0.023 Nm
  fl2_hip_pitch: Position=1.280 rad, Velocity=-0.001 rad/s, Effort=-0.179 Nm
  fl3_knee_pitch: Position=0.010 rad, Velocity=-0.001 rad/s, Effort=-0.032 Nm
  fl4_foot: Position=0.544 rad, Velocity=-0.003 rad/s, Effort=-0.005 Nm
  fr1_hip_roll: Position=1.195 rad, Velocity=-0.001 rad/s, Effort=-0.087 Nm
  fr2_hip_pitch: Position=-1.431 rad, Velocity=-0.001 rad/s, Effort=0.023 Nm
  fr3_knee_pitch: Position=-0.227 rad, Velocity=-0.001 rad/s, Effort=-0.023 Nm
  fr4_foot: Position=0.487 rad, Velocity=-0.003 rad/s, Effort=-0.010 Nm
  bl1_hip_roll: Position=1.216 rad, Velocity=-0.001 rad/s, Effort=0.005 Nm
  bl2_hip_pitch: Position=-1.402 rad, Velocity=-0.001 rad/s, Effort=-0.078 Nm
  bl3_knee_pitch: Position=-0.179 rad, Velocity=-0.001 rad/s, Effort=-0.023 Nm
  bl4_foot: Position=0.232 rad, Velocity=-0.003 rad/s, Effort=0.001 Nm
  br1_hip_roll: Position=-1.217 rad, Velocity=-0.001 rad/s, Effort=-0.005 Nm
  br2_hip_pitch: Position=1.452 rad, Velocity=-0.001 rad/s, Effort=-0.096 Nm
  br3_knee_pitch: Position=0.234 rad, Velocity=-0.001 rad/s, Effort=0.032 Nm
  br4_foot: Position=0.843 rad, Velocity=-0.003 rad/s, Effort=-0.004 Nm

[JOINT STATE] Joint State Data:
  fl1_hip_roll: Position=-1.079 rad, Velocity=-0.001 rad/s, Effort=-0.023 Nm
  fl2_hip_pitch: Position=1.280 rad, Velocity=-0.001 rad/s, Effort=-0.169 Nm
  fl3_knee_pitch: Position=0.010 rad, Velocity=-0.001 rad/s, Effort=-0.023 Nm
  fl4_foot: Position=0.544 rad, Velocity=-0.003 rad/s, Effort=-0.005 Nm
  fr1_hip_roll: Position=1.195 rad, Velocity=-0.001 rad/s, Effort=-0.060 Nm
  fr2_hip_pitch: Position=-1.431 rad, Velocity=-0.001 rad/s, Effort=-0.041 Nm
  fr3_knee_pitch: Position=-0.227 rad, Velocity=-0.001 rad/s, Effort=-0.032 Nm
  fr4_foot: Position=0.487 rad, Velocity=-0.003 rad/s, Effort=-0.005 Nm
  bl1_hip_roll: Position=1.216 rad, Velocity=-0.001 rad/s, Effort=-0.050 Nm
  bl2_hip_pitch: Position=-1.402 rad, Velocity=-0.001 rad/s, Effort=-0.041 Nm
  bl3_knee_pitch: Position=-0.179 rad, Velocity=-0.001 rad/s, Effort=-0.014 Nm
  bl4_foot: Position=0.232 rad, Velocity=-0.003 rad/s, Effort=0.004 Nm
  br1_hip_roll: Position=-1.217 rad, Velocity=-0.001 rad/s, Effort=-0.114 Nm
  br2_hip_pitch: Position=1.452 rad, Velocity=-0.001 rad/s, Effort=-0.050 Nm
  br3_knee_pitch: Position=0.234 rad, Velocity=-0.001 rad/s, Effort=-0.023 Nm
  br4_foot: Position=0.843 rad, Velocity=-0.003 rad/s, Effort=-0.010 Nm

[JOINT STATE] Joint State Data:
  fl1_hip_roll: Position=-1.079 rad, Velocity=-0.001 rad/s, Effort=0.060 Nm
  fl2_hip_pitch: Position=1.280 rad, Velocity=-0.001 rad/s, Effort=-0.133 Nm
  fl3_knee_pitch: Position=0.010 rad, Velocity=-0.001 rad/s, Effort=-0.078 Nm
  fl4_foot: Position=0.544 rad, Velocity=-0.003 rad/s, Effort=-0.008 Nm
  fr1_hip_roll: Position=1.195 rad, Velocity=-0.001 rad/s, Effort=-0.060 Nm
  fr2_hip_pitch: Position=-1.431 rad, Velocity=-0.001 rad/s, Effort=0.005 Nm
  fr3_knee_pitch: Position=-0.227 rad, Velocity=-0.001 rad/s, Effort=-0.078 Nm
  fr4_foot: Position=0.487 rad, Velocity=-0.003 rad/s, Effort=-0.005 Nm
  bl1_hip_roll: Position=1.216 rad, Velocity=-0.001 rad/s, Effort=0.087 Nm
  bl2_hip_pitch: Position=-1.402 rad, Velocity=-0.001 rad/s, Effort=0.023 Nm
  bl3_knee_pitch: Position=-0.179 rad, Velocity=-0.001 rad/s, Effort=-0.014 Nm
  bl4_foot: Position=0.232 rad, Velocity=-0.003 rad/s, Effort=0.007 Nm
  br1_hip_roll: Position=-1.217 rad, Velocity=-0.001 rad/s, Effort=-0.014 Nm
  br2_hip_pitch: Position=1.452 rad, Velocity=-0.001 rad/s, Effort=-0.032 Nm
  br3_knee_pitch: Position=0.234 rad, Velocity=-0.001 rad/s, Effort=0.032 Nm
  br4_foot: Position=0.843 rad, Velocity=-0.003 rad/s, Effort=-0.007 Nm

[JOINT STATE] Joint State Data:
  fl1_hip_roll: Position=-1.079 rad, Velocity=-0.001 rad/s, Effort=0.014 Nm
  fl2_hip_pitch: Position=1.280 rad, Velocity=-0.001 rad/s, Effort=-0.160 Nm
  fl3_knee_pitch: Position=0.010 rad, Velocity=-0.001 rad/s, Effort=-0.005 Nm
  fl4_foot: Position=0.544 rad, Velocity=-0.003 rad/s, Effort=-0.008 Nm
  fr1_hip_roll: Position=1.195 rad, Velocity=-0.001 rad/s, Effort=-0.023 Nm
  fr2_hip_pitch: Position=-1.431 rad, Velocity=-0.001 rad/s, Effort=0.005 Nm
  fr3_knee_pitch: Position=-0.227 rad, Velocity=-0.001 rad/s, Effort=-0.032 Nm
  fr4_foot: Position=0.487 rad, Velocity=-0.003 rad/s, Effort=-0.004 Nm
  bl1_hip_roll: Position=1.216 rad, Velocity=-0.001 rad/s, Effort=-0.041 Nm
  bl2_hip_pitch: Position=-1.402 rad, Velocity=-0.001 rad/s, Effort=-0.041 Nm
  bl3_knee_pitch: Position=-0.179 rad, Velocity=-0.001 rad/s, Effort=-0.014 Nm
  bl4_foot: Position=0.232 rad, Velocity=-0.003 rad/s, Effort=-0.007 Nm
  br1_hip_roll: Position=-1.217 rad, Velocity=-0.001 rad/s, Effort=-0.032 Nm
  br2_hip_pitch: Position=1.452 rad, Velocity=-0.001 rad/s, Effort=-0.032 Nm
  br3_knee_pitch: Position=0.234 rad, Velocity=-0.001 rad/s, Effort=-0.014 Nm
  br4_foot: Position=0.843 rad, Velocity=-0.003 rad/s, Effort=-0.004 Nm

[JOINT STATE] Joint State Data:
  fl1_hip_roll: Position=-1.079 rad, Velocity=-0.001 rad/s, Effort=-0.032 Nm
  fl2_hip_pitch: Position=1.280 rad, Velocity=-0.001 rad/s, Effort=-0.160 Nm
  fl3_knee_pitch: Position=0.010 rad, Velocity=-0.001 rad/s, Effort=-0.032 Nm
  fl4_foot: Position=0.544 rad, Velocity=-0.003 rad/s, Effort=-0.004 Nm
  fr1_hip_roll: Position=1.195 rad, Velocity=-0.001 rad/s, Effort=-0.069 Nm
  fr2_hip_pitch: Position=-1.431 rad, Velocity=-0.001 rad/s, Effort=-0.050 Nm
  fr3_knee_pitch: Position=-0.227 rad, Velocity=-0.001 rad/s, Effort=-0.050 Nm
  fr4_foot: Position=0.487 rad, Velocity=-0.003 rad/s, Effort=-0.011 Nm
  bl1_hip_roll: Position=1.216 rad, Velocity=-0.001 rad/s, Effort=0.060 Nm
  bl2_hip_pitch: Position=-1.402 rad, Velocity=-0.001 rad/s, Effort=-0.023 Nm
  bl3_knee_pitch: Position=-0.179 rad, Velocity=-0.001 rad/s, Effort=-0.023 Nm
  bl4_foot: Position=0.232 rad, Velocity=-0.003 rad/s, Effort=-0.008 Nm
  br1_hip_roll: Position=-1.217 rad, Velocity=-0.001 rad/s, Effort=-0.014 Nm
  br2_hip_pitch: Position=1.452 rad, Velocity=-0.001 rad/s, Effort=-0.023 Nm
  br3_knee_pitch: Position=0.234 rad, Velocity=-0.001 rad/s, Effort=0.032 Nm
  br4_foot: Position=0.843 rad, Velocity=-0.003 rad/s, Effort=-0.004 Nm

[JOINT STATE] Joint State Data:
  fl1_hip_roll: Position=-1.079 rad, Velocity=-0.001 rad/s, Effort=0.005 Nm
  fl2_hip_pitch: Position=1.280 rad, Velocity=-0.001 rad/s, Effort=-0.160 Nm
  fl3_knee_pitch: Position=0.010 rad, Velocity=-0.001 rad/s, Effort=0.005 Nm
  fl4_foot: Position=0.544 rad, Velocity=-0.003 rad/s, Effort=0.005 Nm
  fr1_hip_roll: Position=1.195 rad, Velocity=-0.001 rad/s, Effort=-0.050 Nm
  fr2_hip_pitch: Position=-1.431 rad, Velocity=-0.001 rad/s, Effort=0.023 Nm
  fr3_knee_pitch: Position=-0.227 rad, Velocity=-0.001 rad/s, Effort=-0.032 Nm
  fr4_foot: Position=0.487 rad, Velocity=-0.003 rad/s, Effort=-0.004 Nm
  bl1_hip_roll: Position=1.216 rad, Velocity=-0.001 rad/s, Effort=0.023 Nm
  bl2_hip_pitch: Position=-1.402 rad, Velocity=-0.001 rad/s, Effort=-0.060 Nm
  bl3_knee_pitch: Position=-0.179 rad, Velocity=-0.001 rad/s, Effort=-0.005 Nm
  bl4_foot: Position=0.232 rad, Velocity=-0.003 rad/s, Effort=0.004 Nm
  br1_hip_roll: Position=-1.217 rad, Velocity=-0.001 rad/s, Effort=-0.087 Nm
  br2_hip_pitch: Position=1.452 rad, Velocity=-0.001 rad/s, Effort=-0.041 Nm
  br3_knee_pitch: Position=0.234 rad, Velocity=-0.001 rad/s, Effort=-0.005 Nm
  br4_foot: Position=0.843 rad, Velocity=-0.003 rad/s, Effort=-0.004 Nm

[JOINT STATE] Joint State Data:
  fl1_hip_roll: Position=-1.079 rad, Velocity=-0.001 rad/s, Effort=-0.096 Nm
  fl2_hip_pitch: Position=1.280 rad, Velocity=-0.001 rad/s, Effort=-0.160 Nm
  fl3_knee_pitch: Position=0.010 rad, Velocity=-0.001 rad/s, Effort=-0.023 Nm
  fl4_foot: Position=0.544 rad, Velocity=-0.003 rad/s, Effort=0.007 Nm
  fr1_hip_roll: Position=1.195 rad, Velocity=-0.001 rad/s, Effort=-0.023 Nm
  fr2_hip_pitch: Position=-1.431 rad, Velocity=-0.001 rad/s, Effort=-0.005 Nm
  fr3_knee_pitch: Position=-0.227 rad, Velocity=-0.001 rad/s, Effort=-0.060 Nm
  fr4_foot: Position=0.487 rad, Velocity=-0.003 rad/s, Effort=-0.008 Nm
  bl1_hip_roll: Position=1.216 rad, Velocity=-0.001 rad/s, Effort=0.014 Nm
  bl2_hip_pitch: Position=-1.402 rad, Velocity=-0.001 rad/s, Effort=-0.041 Nm
  bl3_knee_pitch: Position=-0.179 rad, Velocity=-0.001 rad/s, Effort=0.005 Nm
  bl4_foot: Position=0.232 rad, Velocity=-0.003 rad/s, Effort=0.001 Nm
  br1_hip_roll: Position=-1.217 rad, Velocity=-0.001 rad/s, Effort=-0.060 Nm
  br2_hip_pitch: Position=1.452 rad, Velocity=-0.001 rad/s, Effort=-0.005 Nm
  br3_knee_pitch: Position=0.234 rad, Velocity=-0.001 rad/s, Effort=0.005 Nm
  br4_foot: Position=0.843 rad, Velocity=-0.003 rad/s, Effort=-0.008 Nm

[JOINT STATE] Joint State Data:
  fl1_hip_roll: Position=-1.079 rad, Velocity=-0.001 rad/s, Effort=0.032 Nm
  fl2_hip_pitch: Position=1.280 rad, Velocity=-0.001 rad/s, Effort=-0.179 Nm
  fl3_knee_pitch: Position=0.010 rad, Velocity=-0.001 rad/s, Effort=-0.032 Nm
  fl4_foot: Position=0.544 rad, Velocity=-0.003 rad/s, Effort=-0.001 Nm
  fr1_hip_roll: Position=1.195 rad, Velocity=-0.001 rad/s, Effort=-0.005 Nm
  fr2_hip_pitch: Position=-1.431 rad, Velocity=-0.001 rad/s, Effort=-0.014 Nm
  fr3_knee_pitch: Position=-0.227 rad, Velocity=-0.001 rad/s, Effort=-0.014 Nm
  fr4_foot: Position=0.487 rad, Velocity=-0.003 rad/s, Effort=-0.016 Nm
  bl1_hip_roll: Position=1.216 rad, Velocity=-0.001 rad/s, Effort=-0.050 Nm
  bl2_hip_pitch: Position=-1.402 rad, Velocity=-0.001 rad/s, Effort=-0.087 Nm
  bl3_knee_pitch: Position=-0.179 rad, Velocity=-0.001 rad/s, Effort=-0.023 Nm
  bl4_foot: Position=0.232 rad, Velocity=-0.003 rad/s, Effort=0.008 Nm
  br1_hip_roll: Position=-1.217 rad, Velocity=-0.001 rad/s, Effort=-0.060 Nm
  br2_hip_pitch: Position=1.452 rad, Velocity=-0.001 rad/s, Effort=-0.050 Nm
  br3_knee_pitch: Position=0.234 rad, Velocity=-0.001 rad/s, Effort=-0.014 Nm
  br4_foot: Position=0.843 rad, Velocity=-0.003 rad/s, Effort=-0.005 Nm

[JOINT STATE] Joint State Data:
  fl1_hip_roll: Position=-1.079 rad, Velocity=-0.001 rad/s, Effort=-0.005 Nm
  fl2_hip_pitch: Position=1.280 rad, Velocity=-0.001 rad/s, Effort=-0.160 Nm
  fl3_knee_pitch: Position=0.010 rad, Velocity=-0.001 rad/s, Effort=-0.014 Nm
  fl4_foot: Position=0.544 rad, Velocity=-0.003 rad/s, Effort=-0.016 Nm
  fr1_hip_roll: Position=1.195 rad, Velocity=-0.001 rad/s, Effort=-0.078 Nm
  fr2_hip_pitch: Position=-1.431 rad, Velocity=-0.001 rad/s, Effort=-0.014 Nm
  fr3_knee_pitch: Position=-0.227 rad, Velocity=-0.001 rad/s, Effort=-0.060 Nm
  fr4_foot: Position=0.487 rad, Velocity=-0.003 rad/s, Effort=-0.002 Nm
  bl1_hip_roll: Position=1.216 rad, Velocity=-0.001 rad/s, Effort=0.014 Nm
  bl2_hip_pitch: Position=-1.402 rad, Velocity=-0.001 rad/s, Effort=-0.114 Nm
  bl3_knee_pitch: Position=-0.179 rad, Velocity=-0.001 rad/s, Effort=-0.005 Nm
  bl4_foot: Position=0.232 rad, Velocity=-0.003 rad/s, Effort=-0.001 Nm
  br1_hip_roll: Position=-1.217 rad, Velocity=-0.001 rad/s, Effort=-0.041 Nm
  br2_hip_pitch: Position=1.452 rad, Velocity=-0.001 rad/s, Effort=-0.041 Nm
  br3_knee_pitch: Position=0.234 rad, Velocity=-0.001 rad/s, Effort=-0.032 Nm
  br4_foot: Position=0.843 rad, Velocity=-0.003 rad/s, Effort=-0.002 Nm

[JOINT STATE] Joint State Data:
  fl1_hip_roll: Position=-1.079 rad, Velocity=-0.001 rad/s, Effort=-0.005 Nm
  fl2_hip_pitch: Position=1.280 rad, Velocity=-0.001 rad/s, Effort=-0.169 Nm
  fl3_knee_pitch: Position=0.010 rad, Velocity=-0.001 rad/s, Effort=-0.050 Nm
  fl4_foot: Position=0.544 rad, Velocity=-0.003 rad/s, Effort=-0.004 Nm
  fr1_hip_roll: Position=1.195 rad, Velocity=-0.001 rad/s, Effort=-0.050 Nm
  fr2_hip_pitch: Position=-1.431 rad, Velocity=-0.001 rad/s, Effort=-0.032 Nm
  fr3_knee_pitch: Position=-0.227 rad, Velocity=-0.001 rad/s, Effort=-0.023 Nm
  fr4_foot: Position=0.487 rad, Velocity=-0.003 rad/s, Effort=-0.010 Nm
  bl1_hip_roll: Position=1.216 rad, Velocity=-0.001 rad/s, Effort=0.014 Nm
  bl2_hip_pitch: Position=-1.402 rad, Velocity=-0.001 rad/s, Effort=-0.014 Nm
  bl3_knee_pitch: Position=-0.179 rad, Velocity=-0.001 rad/s, Effort=-0.023 Nm
  bl4_foot: Position=0.232 rad, Velocity=-0.003 rad/s, Effort=-0.014 Nm
  br1_hip_roll: Position=-1.217 rad, Velocity=-0.001 rad/s, Effort=-0.105 Nm
  br2_hip_pitch: Position=1.452 rad, Velocity=-0.001 rad/s, Effort=-0.041 Nm
  br3_knee_pitch: Position=0.234 rad, Velocity=-0.001 rad/s, Effort=-0.069 Nm
  br4_foot: Position=0.843 rad, Velocity=-0.003 rad/s, Effort=-0.005 Nm

[JOINT STATE] Joint State Data:
  fl1_hip_roll: Position=-1.079 rad, Velocity=-0.001 rad/s, Effort=-0.114 Nm
  fl2_hip_pitch: Position=1.280 rad, Velocity=-0.001 rad/s, Effort=-0.160 Nm
  fl3_knee_pitch: Position=0.010 rad, Velocity=-0.001 rad/s, Effort=-0.032 Nm
  fl4_foot: Position=0.544 rad, Velocity=-0.003 rad/s, Effort=-0.007 Nm
  fr1_hip_roll: Position=1.195 rad, Velocity=-0.001 rad/s, Effort=-0.005 Nm
  fr2_hip_pitch: Position=-1.431 rad, Velocity=-0.001 rad/s, Effort=0.014 Nm
  fr3_knee_pitch: Position=-0.227 rad, Velocity=-0.001 rad/s, Effort=-0.032 Nm
  fr4_foot: Position=0.487 rad, Velocity=-0.003 rad/s, Effort=-0.016 Nm
  bl1_hip_roll: Position=1.216 rad, Velocity=-0.001 rad/s, Effort=-0.005 Nm
  bl2_hip_pitch: Position=-1.402 rad, Velocity=-0.001 rad/s, Effort=-0.032 Nm
  bl3_knee_pitch: Position=-0.179 rad, Velocity=-0.001 rad/s, Effort=-0.023 Nm
  bl4_foot: Position=0.232 rad, Velocity=-0.003 rad/s, Effort=-0.001 Nm
  br1_hip_roll: Position=-1.217 rad, Velocity=-0.003 rad/s, Effort=-0.105 Nm
  br2_hip_pitch: Position=1.452 rad, Velocity=-0.001 rad/s, Effort=-0.087 Nm
  br3_knee_pitch: Position=0.234 rad, Velocity=-0.001 rad/s, Effort=-0.014 Nm
  br4_foot: Position=0.843 rad, Velocity=-0.003 rad/s, Effort=-0.007 Nm

[JOINT STATE] Joint State Data:
  fl1_hip_roll: Position=-1.079 rad, Velocity=-0.001 rad/s, Effort=-0.050 Nm
  fl2_hip_pitch: Position=1.280 rad, Velocity=-0.001 rad/s, Effort=-0.169 Nm
  fl3_knee_pitch: Position=0.010 rad, Velocity=-0.001 rad/s, Effort=-0.005 Nm
  fl4_foot: Position=0.544 rad, Velocity=-0.003 rad/s, Effort=-0.002 Nm
  fr1_hip_roll: Position=1.195 rad, Velocity=-0.001 rad/s, Effort=-0.014 Nm
  fr2_hip_pitch: Position=-1.431 rad, Velocity=-0.001 rad/s, Effort=-0.041 Nm
  fr3_knee_pitch: Position=-0.227 rad, Velocity=-0.001 rad/s, Effort=-0.041 Nm
  fr4_foot: Position=0.487 rad, Velocity=-0.003 rad/s, Effort=-0.005 Nm
  bl1_hip_roll: Position=1.216 rad, Velocity=-0.001 rad/s, Effort=-0.069 Nm
  bl2_hip_pitch: Position=-1.402 rad, Velocity=-0.001 rad/s, Effort=-0.041 Nm
  bl3_knee_pitch: Position=-0.179 rad, Velocity=-0.001 rad/s, Effort=-0.041 Nm
  bl4_foot: Position=0.232 rad, Velocity=-0.003 rad/s, Effort=-0.002 Nm
  br1_hip_roll: Position=-1.217 rad, Velocity=-0.001 rad/s, Effort=0.023 Nm
  br2_hip_pitch: Position=1.452 rad, Velocity=-0.001 rad/s, Effort=-0.014 Nm
  br3_knee_pitch: Position=0.234 rad, Velocity=-0.001 rad/s, Effort=-0.041 Nm
  br4_foot: Position=0.843 rad, Velocity=-0.003 rad/s, Effort=-0.002 Nm

[JOINT STATE] Joint State Data:
  fl1_hip_roll: Position=-1.079 rad, Velocity=-0.001 rad/s, Effort=-0.023 Nm
  fl2_hip_pitch: Position=1.280 rad, Velocity=-0.001 rad/s, Effort=-0.160 Nm
  fl3_knee_pitch: Position=0.010 rad, Velocity=-0.001 rad/s, Effort=0.005 Nm
  fl4_foot: Position=0.544 rad, Velocity=-0.003 rad/s, Effort=-0.013 Nm
  fr1_hip_roll: Position=1.195 rad, Velocity=-0.001 rad/s, Effort=-0.050 Nm
  fr2_hip_pitch: Position=-1.431 rad, Velocity=-0.001 rad/s, Effort=0.032 Nm
  fr3_knee_pitch: Position=-0.227 rad, Velocity=-0.001 rad/s, Effort=-0.032 Nm
  fr4_foot: Position=0.487 rad, Velocity=-0.003 rad/s, Effort=-0.005 Nm
  bl1_hip_roll: Position=1.216 rad, Velocity=-0.001 rad/s, Effort=-0.105 Nm
  bl2_hip_pitch: Position=-1.402 rad, Velocity=-0.001 rad/s, Effort=-0.041 Nm
  bl3_knee_pitch: Position=-0.179 rad, Velocity=-0.001 rad/s, Effort=-0.041 Nm
  bl4_foot: Position=0.232 rad, Velocity=-0.003 rad/s, Effort=0.001 Nm
  br1_hip_roll: Position=-1.217 rad, Velocity=-0.001 rad/s, Effort=-0.087 Nm
  br2_hip_pitch: Position=1.452 rad, Velocity=-0.001 rad/s, Effort=-0.069 Nm
  br3_knee_pitch: Position=0.234 rad, Velocity=-0.001 rad/s, Effort=-0.023 Nm
  br4_foot: Position=0.843 rad, Velocity=-0.003 rad/s, Effort=-0.004 Nm

[JOINT STATE] Joint State Data:
  fl1_hip_roll: Position=-1.079 rad, Velocity=-0.001 rad/s, Effort=-0.032 Nm
  fl2_hip_pitch: Position=1.280 rad, Velocity=-0.001 rad/s, Effort=-0.169 Nm
  fl3_knee_pitch: Position=0.010 rad, Velocity=-0.001 rad/s, Effort=-0.023 Nm
  fl4_foot: Position=0.544 rad, Velocity=-0.003 rad/s, Effort=-0.014 Nm
  fr1_hip_roll: Position=1.195 rad, Velocity=-0.001 rad/s, Effort=-0.023 Nm
  fr2_hip_pitch: Position=-1.431 rad, Velocity=-0.001 rad/s, Effort=-0.023 Nm
  fr3_knee_pitch: Position=-0.227 rad, Velocity=-0.001 rad/s, Effort=-0.069 Nm
  fr4_foot: Position=0.487 rad, Velocity=-0.003 rad/s, Effort=-0.004 Nm
  bl1_hip_roll: Position=1.216 rad, Velocity=-0.001 rad/s, Effort=-0.032 Nm
  bl2_hip_pitch: Position=-1.402 rad, Velocity=-0.001 rad/s, Effort=-0.032 Nm
  bl3_knee_pitch: Position=-0.179 rad, Velocity=-0.001 rad/s, Effort=-0.050 Nm
  bl4_foot: Position=0.232 rad, Velocity=-0.003 rad/s, Effort=0.007 Nm
  br1_hip_roll: Position=-1.217 rad, Velocity=-0.001 rad/s, Effort=-0.078 Nm
  br2_hip_pitch: Position=1.452 rad, Velocity=-0.001 rad/s, Effort=-0.078 Nm
  br3_knee_pitch: Position=0.234 rad, Velocity=-0.001 rad/s, Effort=0.041 Nm
  br4_foot: Position=0.843 rad, Velocity=-0.003 rad/s, Effort=-0.008 Nm

[JOINT STATE] Joint State Data:
  fl1_hip_roll: Position=-1.079 rad, Velocity=-0.001 rad/s, Effort=0.050 Nm
  fl2_hip_pitch: Position=1.280 rad, Velocity=-0.001 rad/s, Effort=-0.169 Nm
  fl3_knee_pitch: Position=0.010 rad, Velocity=-0.001 rad/s, Effort=-0.032 Nm
  fl4_foot: Position=0.544 rad, Velocity=-0.003 rad/s, Effort=-0.019 Nm
  fr1_hip_roll: Position=1.195 rad, Velocity=-0.001 rad/s, Effort=-0.050 Nm
  fr2_hip_pitch: Position=-1.431 rad, Velocity=-0.001 rad/s, Effort=-0.032 Nm
  fr3_knee_pitch: Position=-0.227 rad, Velocity=-0.001 rad/s, Effort=-0.032 Nm
  fr4_foot: Position=0.487 rad, Velocity=-0.003 rad/s, Effort=-0.010 Nm
  bl1_hip_roll: Position=1.216 rad, Velocity=-0.001 rad/s, Effort=0.014 Nm
  bl2_hip_pitch: Position=-1.402 rad, Velocity=-0.001 rad/s, Effort=-0.060 Nm
  bl3_knee_pitch: Position=-0.179 rad, Velocity=-0.001 rad/s, Effort=-0.023 Nm
  bl4_foot: Position=0.232 rad, Velocity=-0.003 rad/s, Effort=-0.005 Nm
  br1_hip_roll: Position=-1.217 rad, Velocity=-0.001 rad/s, Effort=-0.041 Nm
  br2_hip_pitch: Position=1.452 rad, Velocity=-0.001 rad/s, Effort=-0.041 Nm
  br3_knee_pitch: Position=0.234 rad, Velocity=-0.001 rad/s, Effort=0.023 Nm
  br4_foot: Position=0.843 rad, Velocity=-0.003 rad/s, Effort=-0.004 Nm

[JOINT STATE] Joint State Data:
  fl1_hip_roll: Position=-1.079 rad, Velocity=-0.001 rad/s, Effort=-0.096 Nm
  fl2_hip_pitch: Position=1.280 rad, Velocity=-0.001 rad/s, Effort=-0.160 Nm
  fl3_knee_pitch: Position=0.010 rad, Velocity=-0.001 rad/s, Effort=0.005 Nm
  fl4_foot: Position=0.544 rad, Velocity=-0.003 rad/s, Effort=0.005 Nm
  fr1_hip_roll: Position=1.195 rad, Velocity=-0.001 rad/s, Effort=-0.124 Nm
  fr2_hip_pitch: Position=-1.431 rad, Velocity=-0.001 rad/s, Effort=-0.060 Nm
  fr3_knee_pitch: Position=-0.227 rad, Velocity=-0.001 rad/s, Effort=-0.050 Nm
  fr4_foot: Position=0.487 rad, Velocity=-0.003 rad/s, Effort=-0.001 Nm
  bl1_hip_roll: Position=1.216 rad, Velocity=-0.001 rad/s, Effort=-0.023 Nm
  bl2_hip_pitch: Position=-1.402 rad, Velocity=-0.001 rad/s, Effort=-0.050 Nm
  bl3_knee_pitch: Position=-0.179 rad, Velocity=-0.001 rad/s, Effort=-0.014 Nm
  bl4_foot: Position=0.232 rad, Velocity=-0.003 rad/s, Effort=0.004 Nm
  br1_hip_roll: Position=-1.217 rad, Velocity=-0.001 rad/s, Effort=0.014 Nm
  br2_hip_pitch: Position=1.452 rad, Velocity=-0.001 rad/s, Effort=-0.050 Nm
  br3_knee_pitch: Position=0.234 rad, Velocity=-0.001 rad/s, Effort=0.005 Nm
  br4_foot: Position=0.843 rad, Velocity=-0.003 rad/s, Effort=-0.002 Nm

[JOINT STATE] Joint State Data:
  fl1_hip_roll: Position=-1.079 rad, Velocity=-0.001 rad/s, Effort=-0.114 Nm
  fl2_hip_pitch: Position=1.280 rad, Velocity=-0.001 rad/s, Effort=-0.169 Nm
  fl3_knee_pitch: Position=0.010 rad, Velocity=-0.001 rad/s, Effort=-0.050 Nm
  fl4_foot: Position=0.544 rad, Velocity=-0.003 rad/s, Effort=-0.010 Nm
  fr1_hip_roll: Position=1.195 rad, Velocity=-0.001 rad/s, Effort=-0.087 Nm
  fr2_hip_pitch: Position=-1.431 rad, Velocity=-0.001 rad/s, Effort=-0.050 Nm
  fr3_knee_pitch: Position=-0.227 rad, Velocity=-0.001 rad/s, Effort=-0.060 Nm
  fr4_foot: Position=0.487 rad, Velocity=-0.003 rad/s, Effort=-0.010 Nm
  bl1_hip_roll: Position=1.216 rad, Velocity=-0.001 rad/s, Effort=-0.041 Nm
  bl2_hip_pitch: Position=-1.402 rad, Velocity=-0.001 rad/s, Effort=-0.060 Nm
  bl3_knee_pitch: Position=-0.179 rad, Velocity=-0.001 rad/s, Effort=-0.023 Nm
  bl4_foot: Position=0.232 rad, Velocity=-0.003 rad/s, Effort=0.001 Nm
  br1_hip_roll: Position=-1.217 rad, Velocity=-0.001 rad/s, Effort=-0.105 Nm
  br2_hip_pitch: Position=1.452 rad, Velocity=-0.001 rad/s, Effort=-0.005 Nm
  br3_knee_pitch: Position=0.234 rad, Velocity=-0.001 rad/s, Effort=-0.041 Nm
  br4_foot: Position=0.843 rad, Velocity=-0.003 rad/s, Effort=-0.007 Nm

[JOINT STATE] Joint State Data:
  fl1_hip_roll: Position=-1.079 rad, Velocity=-0.001 rad/s, Effort=0.041 Nm
  fl2_hip_pitch: Position=1.280 rad, Velocity=-0.001 rad/s, Effort=-0.160 Nm
  fl3_knee_pitch: Position=0.010 rad, Velocity=-0.001 rad/s, Effort=-0.014 Nm
  fl4_foot: Position=0.544 rad, Velocity=-0.003 rad/s, Effort=-0.001 Nm
  fr1_hip_roll: Position=1.195 rad, Velocity=-0.001 rad/s, Effort=-0.060 Nm
  fr2_hip_pitch: Position=-1.431 rad, Velocity=-0.001 rad/s, Effort=-0.041 Nm
  fr3_knee_pitch: Position=-0.227 rad, Velocity=-0.001 rad/s, Effort=-0.032 Nm
  fr4_foot: Position=0.487 rad, Velocity=-0.003 rad/s, Effort=-0.002 Nm
  bl1_hip_roll: Position=1.216 rad, Velocity=-0.001 rad/s, Effort=-0.032 Nm
  bl2_hip_pitch: Position=-1.402 rad, Velocity=-0.001 rad/s, Effort=-0.023 Nm
  bl3_knee_pitch: Position=-0.179 rad, Velocity=-0.001 rad/s, Effort=-0.023 Nm
  bl4_foot: Position=0.232 rad, Velocity=-0.003 rad/s, Effort=-0.005 Nm
  br1_hip_roll: Position=-1.217 rad, Velocity=-0.001 rad/s, Effort=-0.014 Nm
  br2_hip_pitch: Position=1.452 rad, Velocity=-0.001 rad/s, Effort=-0.041 Nm
  br3_knee_pitch: Position=0.234 rad, Velocity=-0.001 rad/s, Effort=-0.023 Nm
  br4_foot: Position=0.843 rad, Velocity=-0.003 rad/s, Effort=-0.010 Nm

[JOINT STATE] Joint State Data:
  fl1_hip_roll: Position=-1.079 rad, Velocity=-0.001 rad/s, Effort=-0.041 Nm
  fl2_hip_pitch: Position=1.280 rad, Velocity=-0.001 rad/s, Effort=-0.160 Nm
  fl3_knee_pitch: Position=0.010 rad, Velocity=-0.001 rad/s, Effort=-0.005 Nm
  fl4_foot: Position=0.544 rad, Velocity=-0.003 rad/s, Effort=0.001 Nm
  fr1_hip_roll: Position=1.195 rad, Velocity=-0.001 rad/s, Effort=-0.078 Nm
  fr2_hip_pitch: Position=-1.431 rad, Velocity=-0.001 rad/s, Effort=-0.060 Nm
  fr3_knee_pitch: Position=-0.227 rad, Velocity=-0.001 rad/s, Effort=-0.023 Nm
  fr4_foot: Position=0.487 rad, Velocity=-0.003 rad/s, Effort=-0.007 Nm
  bl1_hip_roll: Position=1.216 rad, Velocity=-0.001 rad/s, Effort=-0.032 Nm
  bl2_hip_pitch: Position=-1.402 rad, Velocity=-0.001 rad/s, Effort=-0.023 Nm
  bl3_knee_pitch: Position=-0.179 rad, Velocity=-0.001 rad/s, Effort=-0.032 Nm
  bl4_foot: Position=0.232 rad, Velocity=-0.003 rad/s, Effort=0.002 Nm
  br1_hip_roll: Position=-1.217 rad, Velocity=-0.001 rad/s, Effort=-0.050 Nm
  br2_hip_pitch: Position=1.452 rad, Velocity=-0.001 rad/s, Effort=-0.060 Nm
  br3_knee_pitch: Position=0.234 rad, Velocity=-0.001 rad/s, Effort=-0.050 Nm
  br4_foot: Position=0.843 rad, Velocity=-0.003 rad/s, Effort=-0.002 Nm

[JOINT STATE] Joint State Data:
  fl1_hip_roll: Position=-1.079 rad, Velocity=-0.001 rad/s, Effort=-0.041 Nm
  fl2_hip_pitch: Position=1.280 rad, Velocity=-0.001 rad/s, Effort=-0.169 Nm
  fl3_knee_pitch: Position=0.010 rad, Velocity=-0.001 rad/s, Effort=-0.050 Nm
  fl4_foot: Position=0.544 rad, Velocity=-0.003 rad/s, Effort=-0.021 Nm
  fr1_hip_roll: Position=1.195 rad, Velocity=-0.001 rad/s, Effort=-0.041 Nm
  fr2_hip_pitch: Position=-1.431 rad, Velocity=-0.001 rad/s, Effort=-0.069 Nm
  fr3_knee_pitch: Position=-0.227 rad, Velocity=-0.001 rad/s, Effort=-0.050 Nm
  fr4_foot: Position=0.487 rad, Velocity=-0.003 rad/s, Effort=-0.010 Nm
  bl1_hip_roll: Position=1.216 rad, Velocity=-0.001 rad/s, Effort=0.014 Nm
  bl2_hip_pitch: Position=-1.402 rad, Velocity=-0.001 rad/s, Effort=-0.032 Nm
  bl3_knee_pitch: Position=-0.179 rad, Velocity=-0.001 rad/s, Effort=-0.050 Nm
  bl4_foot: Position=0.232 rad, Velocity=-0.003 rad/s, Effort=-0.005 Nm
  br1_hip_roll: Position=-1.217 rad, Velocity=-0.001 rad/s, Effort=0.014 Nm
  br2_hip_pitch: Position=1.452 rad, Velocity=-0.001 rad/s, Effort=-0.032 Nm
  br3_knee_pitch: Position=0.234 rad, Velocity=-0.001 rad/s, Effort=-0.005 Nm
  br4_foot: Position=0.843 rad, Velocity=-0.003 rad/s, Effort=-0.008 Nm

[JOINT STATE] Joint State Data:
  fl1_hip_roll: Position=-1.079 rad, Velocity=-0.001 rad/s, Effort=0.041 Nm
  fl2_hip_pitch: Position=1.280 rad, Velocity=-0.001 rad/s, Effort=-0.169 Nm
  fl3_knee_pitch: Position=0.010 rad, Velocity=-0.001 rad/s, Effort=-0.023 Nm
  fl4_foot: Position=0.544 rad, Velocity=-0.003 rad/s, Effort=-0.002 Nm
  fr1_hip_roll: Position=1.195 rad, Velocity=-0.001 rad/s, Effort=-0.060 Nm
  fr2_hip_pitch: Position=-1.431 rad, Velocity=-0.001 rad/s, Effort=-0.023 Nm
  fr3_knee_pitch: Position=-0.227 rad, Velocity=-0.001 rad/s, Effort=-0.032 Nm
  fr4_foot: Position=0.487 rad, Velocity=-0.003 rad/s, Effort=-0.007 Nm
  bl1_hip_roll: Position=1.216 rad, Velocity=-0.001 rad/s, Effort=0.005 Nm
  bl2_hip_pitch: Position=-1.402 rad, Velocity=-0.001 rad/s, Effort=0.060 Nm
  bl3_knee_pitch: Position=-0.179 rad, Velocity=-0.001 rad/s, Effort=-0.014 Nm
  bl4_foot: Position=0.232 rad, Velocity=-0.003 rad/s, Effort=-0.016 Nm
  br1_hip_roll: Position=-1.217 rad, Velocity=-0.001 rad/s, Effort=-0.050 Nm
  br2_hip_pitch: Position=1.452 rad, Velocity=-0.001 rad/s, Effort=-0.005 Nm
  br3_knee_pitch: Position=0.234 rad, Velocity=-0.001 rad/s, Effort=-0.032 Nm
  br4_foot: Position=0.843 rad, Velocity=-0.003 rad/s, Effort=-0.008 Nm

[JOINT STATE] Joint State Data:
  fl1_hip_roll: Position=-1.079 rad, Velocity=-0.001 rad/s, Effort=0.032 Nm
  fl2_hip_pitch: Position=1.280 rad, Velocity=-0.001 rad/s, Effort=-0.188 Nm
  fl3_knee_pitch: Position=0.010 rad, Velocity=-0.001 rad/s, Effort=0.005 Nm
  fl4_foot: Position=0.544 rad, Velocity=-0.003 rad/s, Effort=-0.011 Nm
  fr1_hip_roll: Position=1.195 rad, Velocity=-0.001 rad/s, Effort=-0.050 Nm
  fr2_hip_pitch: Position=-1.431 rad, Velocity=-0.001 rad/s, Effort=-0.032 Nm
  fr3_knee_pitch: Position=-0.227 rad, Velocity=-0.001 rad/s, Effort=-0.032 Nm
  fr4_foot: Position=0.487 rad, Velocity=-0.003 rad/s, Effort=-0.002 Nm
  bl1_hip_roll: Position=1.216 rad, Velocity=-0.001 rad/s, Effort=-0.041 Nm
  bl2_hip_pitch: Position=-1.402 rad, Velocity=-0.001 rad/s, Effort=-0.032 Nm
  bl3_knee_pitch: Position=-0.179 rad, Velocity=-0.001 rad/s, Effort=-0.041 Nm
  bl4_foot: Position=0.232 rad, Velocity=-0.003 rad/s, Effort=-0.013 Nm
  br1_hip_roll: Position=-1.217 rad, Velocity=-0.001 rad/s, Effort=-0.114 Nm
  br2_hip_pitch: Position=1.452 rad, Velocity=-0.001 rad/s, Effort=-0.078 Nm
  br3_knee_pitch: Position=0.234 rad, Velocity=-0.001 rad/s, Effort=-0.032 Nm
  br4_foot: Position=0.843 rad, Velocity=-0.003 rad/s, Effort=-0.007 Nm

[JOINT STATE] Joint State Data:
  fl1_hip_roll: Position=-1.079 rad, Velocity=-0.001 rad/s, Effort=-0.060 Nm
  fl2_hip_pitch: Position=1.280 rad, Velocity=-0.001 rad/s, Effort=-0.169 Nm
  fl3_knee_pitch: Position=0.010 rad, Velocity=-0.001 rad/s, Effort=-0.050 Nm
  fl4_foot: Position=0.544 rad, Velocity=-0.003 rad/s, Effort=-0.019 Nm
  fr1_hip_roll: Position=1.195 rad, Velocity=-0.001 rad/s, Effort=-0.032 Nm
  fr2_hip_pitch: Position=-1.431 rad, Velocity=-0.001 rad/s, Effort=0.005 Nm
  fr3_knee_pitch: Position=-0.227 rad, Velocity=-0.001 rad/s, Effort=-0.060 Nm
  fr4_foot: Position=0.487 rad, Velocity=-0.003 rad/s, Effort=-0.007 Nm
  bl1_hip_roll: Position=1.216 rad, Velocity=-0.001 rad/s, Effort=-0.023 Nm
  bl2_hip_pitch: Position=-1.402 rad, Velocity=-0.001 rad/s, Effort=-0.005 Nm
  bl3_knee_pitch: Position=-0.179 rad, Velocity=-0.001 rad/s, Effort=-0.014 Nm
  bl4_foot: Position=0.232 rad, Velocity=-0.003 rad/s, Effort=-0.005 Nm
  br1_hip_roll: Position=-1.217 rad, Velocity=-0.001 rad/s, Effort=0.032 Nm
  br2_hip_pitch: Position=1.452 rad, Velocity=-0.001 rad/s, Effort=-0.014 Nm
  br3_knee_pitch: Position=0.234 rad, Velocity=-0.001 rad/s, Effort=-0.023 Nm
  br4_foot: Position=0.843 rad, Velocity=-0.003 rad/s, Effort=-0.004 Nm

[JOINT STATE] Joint State Data:
  fl1_hip_roll: Position=-1.079 rad, Velocity=-0.001 rad/s, Effort=-0.060 Nm
  fl2_hip_pitch: Position=1.280 rad, Velocity=-0.001 rad/s, Effort=-0.188 Nm
  fl3_knee_pitch: Position=0.010 rad, Velocity=-0.001 rad/s, Effort=-0.069 Nm
  fl4_foot: Position=0.544 rad, Velocity=-0.003 rad/s, Effort=0.004 Nm
  fr1_hip_roll: Position=1.195 rad, Velocity=-0.001 rad/s, Effort=-0.060 Nm
  fr2_hip_pitch: Position=-1.431 rad, Velocity=-0.001 rad/s, Effort=-0.032 Nm
  fr3_knee_pitch: Position=-0.227 rad, Velocity=-0.001 rad/s, Effort=-0.050 Nm
  fr4_foot: Position=0.487 rad, Velocity=-0.003 rad/s, Effort=-0.007 Nm
  bl1_hip_roll: Position=1.216 rad, Velocity=-0.001 rad/s, Effort=-0.023 Nm
  bl2_hip_pitch: Position=-1.402 rad, Velocity=-0.001 rad/s, Effort=-0.023 Nm
  bl3_knee_pitch: Position=-0.179 rad, Velocity=-0.001 rad/s, Effort=-0.023 Nm
  bl4_foot: Position=0.232 rad, Velocity=-0.003 rad/s, Effort=-0.001 Nm
  br1_hip_roll: Position=-1.217 rad, Velocity=-0.001 rad/s, Effort=-0.151 Nm
  br2_hip_pitch: Position=1.452 rad, Velocity=-0.001 rad/s, Effort=-0.032 Nm
  br3_knee_pitch: Position=0.234 rad, Velocity=-0.001 rad/s, Effort=-0.005 Nm
  br4_foot: Position=0.843 rad, Velocity=-0.003 rad/s, Effort=-0.010 Nm

[JOINT STATE] Joint State Data:
  fl1_hip_roll: Position=-1.079 rad, Velocity=-0.001 rad/s, Effort=0.069 Nm
  fl2_hip_pitch: Position=1.280 rad, Velocity=-0.001 rad/s, Effort=-0.169 Nm
  fl3_knee_pitch: Position=0.010 rad, Velocity=-0.001 rad/s, Effort=-0.069 Nm
  fl4_foot: Position=0.544 rad, Velocity=-0.003 rad/s, Effort=-0.010 Nm
  fr1_hip_roll: Position=1.195 rad, Velocity=-0.001 rad/s, Effort=-0.060 Nm
  fr2_hip_pitch: Position=-1.431 rad, Velocity=-0.001 rad/s, Effort=0.014 Nm
  fr3_knee_pitch: Position=-0.227 rad, Velocity=-0.001 rad/s, Effort=-0.060 Nm
  fr4_foot: Position=0.487 rad, Velocity=-0.003 rad/s, Effort=-0.008 Nm
  bl1_hip_roll: Position=1.216 rad, Velocity=-0.001 rad/s, Effort=-0.041 Nm
  bl2_hip_pitch: Position=-1.402 rad, Velocity=-0.001 rad/s, Effort=-0.096 Nm
  bl3_knee_pitch: Position=-0.179 rad, Velocity=-0.001 rad/s, Effort=-0.014 Nm
  bl4_foot: Position=0.232 rad, Velocity=-0.003 rad/s, Effort=-0.008 Nm
  br1_hip_roll: Position=-1.217 rad, Velocity=-0.001 rad/s, Effort=-0.050 Nm
  br2_hip_pitch: Position=1.452 rad, Velocity=-0.001 rad/s, Effort=-0.023 Nm
  br3_knee_pitch: Position=0.234 rad, Velocity=-0.001 rad/s, Effort=-0.050 Nm
  br4_foot: Position=0.843 rad, Velocity=-0.003 rad/s, Effort=-0.002 Nm

[JOINT STATE] Joint State Data:
  fl1_hip_roll: Position=-1.079 rad, Velocity=-0.001 rad/s, Effort=-0.050 Nm
  fl2_hip_pitch: Position=1.280 rad, Velocity=-0.001 rad/s, Effort=-0.169 Nm
  fl3_knee_pitch: Position=0.010 rad, Velocity=-0.001 rad/s, Effort=-0.050 Nm
  fl4_foot: Position=0.544 rad, Velocity=-0.003 rad/s, Effort=-0.007 Nm
  fr1_hip_roll: Position=1.195 rad, Velocity=-0.001 rad/s, Effort=-0.050 Nm
  fr2_hip_pitch: Position=-1.431 rad, Velocity=-0.001 rad/s, Effort=-0.041 Nm
  fr3_knee_pitch: Position=-0.227 rad, Velocity=-0.001 rad/s, Effort=-0.060 Nm
  fr4_foot: Position=0.487 rad, Velocity=-0.003 rad/s, Effort=-0.011 Nm
  bl1_hip_roll: Position=1.216 rad, Velocity=-0.001 rad/s, Effort=0.060 Nm
  bl2_hip_pitch: Position=-1.402 rad, Velocity=-0.001 rad/s, Effort=-0.050 Nm
  bl3_knee_pitch: Position=-0.179 rad, Velocity=-0.001 rad/s, Effort=-0.032 Nm
  bl4_foot: Position=0.232 rad, Velocity=-0.003 rad/s, Effort=0.002 Nm
  br1_hip_roll: Position=-1.217 rad, Velocity=-0.001 rad/s, Effort=-0.060 Nm
  br2_hip_pitch: Position=1.452 rad, Velocity=-0.001 rad/s, Effort=-0.032 Nm
  br3_knee_pitch: Position=0.234 rad, Velocity=-0.001 rad/s, Effort=-0.014 Nm
  br4_foot: Position=0.843 rad, Velocity=-0.003 rad/s, Effort=-0.005 Nm

[JOINT STATE] Joint State Data:
  fl1_hip_roll: Position=-1.079 rad, Velocity=-0.001 rad/s, Effort=0.014 Nm
  fl2_hip_pitch: Position=1.280 rad, Velocity=-0.001 rad/s, Effort=-0.160 Nm
  fl3_knee_pitch: Position=0.010 rad, Velocity=-0.001 rad/s, Effort=-0.069 Nm
  fl4_foot: Position=0.544 rad, Velocity=-0.003 rad/s, Effort=0.005 Nm
  fr1_hip_roll: Position=1.195 rad, Velocity=-0.001 rad/s, Effort=-0.060 Nm
  fr2_hip_pitch: Position=-1.431 rad, Velocity=-0.001 rad/s, Effort=-0.060 Nm
  fr3_knee_pitch: Position=-0.227 rad, Velocity=-0.001 rad/s, Effort=-0.041 Nm
  fr4_foot: Position=0.487 rad, Velocity=-0.003 rad/s, Effort=-0.007 Nm
  bl1_hip_roll: Position=1.216 rad, Velocity=-0.001 rad/s, Effort=0.014 Nm
  bl2_hip_pitch: Position=-1.402 rad, Velocity=-0.001 rad/s, Effort=0.023 Nm
  bl3_knee_pitch: Position=-0.179 rad, Velocity=-0.001 rad/s, Effort=-0.023 Nm
  bl4_foot: Position=0.232 rad, Velocity=-0.003 rad/s, Effort=-0.005 Nm
  br1_hip_roll: Position=-1.217 rad, Velocity=-0.001 rad/s, Effort=-0.078 Nm
  br2_hip_pitch: Position=1.452 rad, Velocity=-0.001 rad/s, Effort=-0.041 Nm
  br3_knee_pitch: Position=0.234 rad, Velocity=-0.001 rad/s, Effort=-0.041 Nm
  br4_foot: Position=0.843 rad, Velocity=-0.003 rad/s, Effort=-0.007 Nm

[JOINT STATE] Joint State Data:
  fl1_hip_roll: Position=-1.079 rad, Velocity=-0.001 rad/s, Effort=0.014 Nm
  fl2_hip_pitch: Position=1.280 rad, Velocity=-0.001 rad/s, Effort=-0.160 Nm
  fl3_knee_pitch: Position=0.010 rad, Velocity=-0.001 rad/s, Effort=-0.032 Nm
  fl4_foot: Position=0.544 rad, Velocity=-0.003 rad/s, Effort=-0.014 Nm
  fr1_hip_roll: Position=1.195 rad, Velocity=-0.001 rad/s, Effort=-0.023 Nm
  fr2_hip_pitch: Position=-1.431 rad, Velocity=-0.001 rad/s, Effort=-0.005 Nm
  fr3_knee_pitch: Position=-0.227 rad, Velocity=-0.001 rad/s, Effort=-0.032 Nm
  fr4_foot: Position=0.487 rad, Velocity=-0.003 rad/s, Effort=-0.005 Nm
  bl1_hip_roll: Position=1.216 rad, Velocity=-0.001 rad/s, Effort=-0.087 Nm
  bl2_hip_pitch: Position=-1.402 rad, Velocity=-0.001 rad/s, Effort=-0.041 Nm
  bl3_knee_pitch: Position=-0.179 rad, Velocity=-0.001 rad/s, Effort=-0.014 Nm
  bl4_foot: Position=0.232 rad, Velocity=-0.003 rad/s, Effort=-0.008 Nm
  br1_hip_roll: Position=-1.217 rad, Velocity=-0.001 rad/s, Effort=-0.032 Nm
  br2_hip_pitch: Position=1.452 rad, Velocity=-0.001 rad/s, Effort=-0.060 Nm
  br3_knee_pitch: Position=0.234 rad, Velocity=-0.001 rad/s, Effort=-0.005 Nm
  br4_foot: Position=0.843 rad, Velocity=-0.003 rad/s, Effort=-0.004 Nm

[JOINT STATE] Joint State Data:
  fl1_hip_roll: Position=-1.079 rad, Velocity=-0.001 rad/s, Effort=0.014 Nm
  fl2_hip_pitch: Position=1.280 rad, Velocity=-0.001 rad/s, Effort=-0.160 Nm
  fl3_knee_pitch: Position=0.010 rad, Velocity=-0.001 rad/s, Effort=-0.041 Nm
  fl4_foot: Position=0.544 rad, Velocity=-0.003 rad/s, Effort=-0.005 Nm
  fr1_hip_roll: Position=1.195 rad, Velocity=-0.001 rad/s, Effort=-0.078 Nm
  fr2_hip_pitch: Position=-1.431 rad, Velocity=-0.001 rad/s, Effort=-0.032 Nm
  fr3_knee_pitch: Position=-0.227 rad, Velocity=-0.001 rad/s, Effort=-0.032 Nm
  fr4_foot: Position=0.487 rad, Velocity=-0.003 rad/s, Effort=0.001 Nm
  bl1_hip_roll: Position=1.216 rad, Velocity=-0.001 rad/s, Effort=-0.078 Nm
  bl2_hip_pitch: Position=-1.402 rad, Velocity=-0.001 rad/s, Effort=-0.005 Nm
  bl3_knee_pitch: Position=-0.179 rad, Velocity=-0.001 rad/s, Effort=-0.032 Nm
  bl4_foot: Position=0.232 rad, Velocity=-0.003 rad/s, Effort=0.004 Nm
  br1_hip_roll: Position=-1.217 rad, Velocity=-0.001 rad/s, Effort=-0.023 Nm
  br2_hip_pitch: Position=1.452 rad, Velocity=-0.001 rad/s, Effort=-0.050 Nm
  br3_knee_pitch: Position=0.234 rad, Velocity=-0.001 rad/s, Effort=-0.032 Nm
  br4_foot: Position=0.843 rad, Velocity=-0.003 rad/s, Effort=-0.005 Nm

[JOINT STATE] Joint State Data:
  fl1_hip_roll: Position=-1.079 rad, Velocity=-0.001 rad/s, Effort=-0.041 Nm
  fl2_hip_pitch: Position=1.280 rad, Velocity=-0.001 rad/s, Effort=-0.160 Nm
  fl3_knee_pitch: Position=0.010 rad, Velocity=-0.001 rad/s, Effort=-0.005 Nm
  fl4_foot: Position=0.544 rad, Velocity=-0.003 rad/s, Effort=-0.013 Nm
  fr1_hip_roll: Position=1.195 rad, Velocity=-0.001 rad/s, Effort=-0.014 Nm
  fr2_hip_pitch: Position=-1.431 rad, Velocity=-0.001 rad/s, Effort=-0.005 Nm
  fr3_knee_pitch: Position=-0.227 rad, Velocity=-0.001 rad/s, Effort=-0.087 Nm
  fr4_foot: Position=0.487 rad, Velocity=-0.003 rad/s, Effort=-0.005 Nm
  bl1_hip_roll: Position=1.216 rad, Velocity=-0.001 rad/s, Effort=-0.014 Nm
  bl2_hip_pitch: Position=-1.402 rad, Velocity=-0.001 rad/s, Effort=-0.078 Nm
  bl3_knee_pitch: Position=-0.179 rad, Velocity=-0.001 rad/s, Effort=-0.041 Nm
  bl4_foot: Position=0.232 rad, Velocity=-0.003 rad/s, Effort=-0.001 Nm
  br1_hip_roll: Position=-1.217 rad, Velocity=0.003 rad/s, Effort=-0.124 Nm
  br2_hip_pitch: Position=1.452 rad, Velocity=-0.001 rad/s, Effort=-0.041 Nm
  br3_knee_pitch: Position=0.234 rad, Velocity=-0.001 rad/s, Effort=-0.005 Nm
  br4_foot: Position=0.843 rad, Velocity=-0.003 rad/s, Effort=-0.008 Nm

[JOINT STATE] Joint State Data:
  fl1_hip_roll: Position=-1.079 rad, Velocity=-0.001 rad/s, Effort=0.023 Nm
  fl2_hip_pitch: Position=1.280 rad, Velocity=-0.001 rad/s, Effort=-0.160 Nm
  fl3_knee_pitch: Position=0.010 rad, Velocity=-0.001 rad/s, Effort=-0.041 Nm
  fl4_foot: Position=0.544 rad, Velocity=-0.003 rad/s, Effort=-0.004 Nm
  fr1_hip_roll: Position=1.195 rad, Velocity=-0.001 rad/s, Effort=-0.014 Nm
  fr2_hip_pitch: Position=-1.431 rad, Velocity=-0.001 rad/s, Effort=-0.023 Nm
  fr3_knee_pitch: Position=-0.227 rad, Velocity=-0.001 rad/s, Effort=-0.060 Nm
  fr4_foot: Position=0.487 rad, Velocity=-0.003 rad/s, Effort=0.001 Nm
  bl1_hip_roll: Position=1.216 rad, Velocity=-0.001 rad/s, Effort=-0.023 Nm
  bl2_hip_pitch: Position=-1.402 rad, Velocity=-0.001 rad/s, Effort=-0.041 Nm
  bl3_knee_pitch: Position=-0.179 rad, Velocity=-0.001 rad/s, Effort=-0.050 Nm
  bl4_foot: Position=0.232 rad, Velocity=-0.003 rad/s, Effort=0.005 Nm
  br1_hip_roll: Position=-1.217 rad, Velocity=-0.001 rad/s, Effort=-0.014 Nm
  br2_hip_pitch: Position=1.452 rad, Velocity=-0.001 rad/s, Effort=-0.060 Nm
  br3_knee_pitch: Position=0.234 rad, Velocity=-0.001 rad/s, Effort=-0.014 Nm
  br4_foot: Position=0.843 rad, Velocity=-0.003 rad/s, Effort=-0.002 Nm

[JOINT STATE] Joint State Data:
  fl1_hip_roll: Position=-1.079 rad, Velocity=-0.001 rad/s, Effort=-0.069 Nm
  fl2_hip_pitch: Position=1.280 rad, Velocity=-0.001 rad/s, Effort=-0.169 Nm
  fl3_knee_pitch: Position=0.010 rad, Velocity=-0.001 rad/s, Effort=-0.050 Nm
  fl4_foot: Position=0.544 rad, Velocity=-0.003 rad/s, Effort=-0.005 Nm
  fr1_hip_roll: Position=1.195 rad, Velocity=-0.001 rad/s, Effort=-0.078 Nm
  fr2_hip_pitch: Position=-1.431 rad, Velocity=-0.001 rad/s, Effort=-0.032 Nm
  fr3_knee_pitch: Position=-0.227 rad, Velocity=-0.001 rad/s, Effort=-0.041 Nm
  fr4_foot: Position=0.487 rad, Velocity=-0.003 rad/s, Effort=-0.005 Nm
  bl1_hip_roll: Position=1.216 rad, Velocity=-0.001 rad/s, Effort=0.014 Nm
  bl2_hip_pitch: Position=-1.402 rad, Velocity=-0.001 rad/s, Effort=-0.050 Nm
  bl3_knee_pitch: Position=-0.179 rad, Velocity=-0.001 rad/s, Effort=-0.041 Nm
  bl4_foot: Position=0.232 rad, Velocity=-0.003 rad/s, Effort=-0.002 Nm
  br1_hip_roll: Position=-1.217 rad, Velocity=-0.001 rad/s, Effort=-0.050 Nm
  br2_hip_pitch: Position=1.452 rad, Velocity=-0.001 rad/s, Effort=-0.041 Nm
  br3_knee_pitch: Position=0.234 rad, Velocity=-0.001 rad/s, Effort=0.032 Nm
  br4_foot: Position=0.843 rad, Velocity=-0.003 rad/s, Effort=-0.007 Nm

[JOINT STATE] Joint State Data:
  fl1_hip_roll: Position=-1.079 rad, Velocity=-0.001 rad/s, Effort=-0.050 Nm
  fl2_hip_pitch: Position=1.280 rad, Velocity=-0.001 rad/s, Effort=-0.169 Nm
  fl3_knee_pitch: Position=0.010 rad, Velocity=-0.001 rad/s, Effort=-0.014 Nm
  fl4_foot: Position=0.544 rad, Velocity=-0.003 rad/s, Effort=-0.018 Nm
  fr1_hip_roll: Position=1.195 rad, Velocity=-0.001 rad/s, Effort=-0.050 Nm
  fr2_hip_pitch: Position=-1.431 rad, Velocity=-0.001 rad/s, Effort=-0.032 Nm
  fr3_knee_pitch: Position=-0.227 rad, Velocity=-0.001 rad/s, Effort=-0.023 Nm
  fr4_foot: Position=0.487 rad, Velocity=-0.003 rad/s, Effort=0.001 Nm
  bl1_hip_roll: Position=1.216 rad, Velocity=-0.001 rad/s, Effort=0.023 Nm
  bl2_hip_pitch: Position=-1.402 rad, Velocity=-0.001 rad/s, Effort=-0.005 Nm
  bl3_knee_pitch: Position=-0.179 rad, Velocity=-0.001 rad/s, Effort=-0.050 Nm
  bl4_foot: Position=0.232 rad, Velocity=-0.003 rad/s, Effort=-0.013 Nm
  br1_hip_roll: Position=-1.217 rad, Velocity=-0.001 rad/s, Effort=-0.014 Nm
  br2_hip_pitch: Position=1.452 rad, Velocity=-0.001 rad/s, Effort=-0.032 Nm
  br3_knee_pitch: Position=0.234 rad, Velocity=-0.001 rad/s, Effort=0.050 Nm
  br4_foot: Position=0.843 rad, Velocity=-0.003 rad/s, Effort=0.004 Nm

[JOINT STATE] Joint State Data:
  fl1_hip_roll: Position=-1.079 rad, Velocity=-0.001 rad/s, Effort=0.005 Nm
  fl2_hip_pitch: Position=1.280 rad, Velocity=-0.001 rad/s, Effort=-0.169 Nm
  fl3_knee_pitch: Position=0.010 rad, Velocity=-0.001 rad/s, Effort=-0.005 Nm
  fl4_foot: Position=0.544 rad, Velocity=-0.003 rad/s, Effort=-0.002 Nm
  fr1_hip_roll: Position=1.195 rad, Velocity=-0.001 rad/s, Effort=-0.014 Nm
  fr2_hip_pitch: Position=-1.431 rad, Velocity=-0.001 rad/s, Effort=-0.032 Nm
  fr3_knee_pitch: Position=-0.227 rad, Velocity=-0.001 rad/s, Effort=-0.032 Nm
  fr4_foot: Position=0.487 rad, Velocity=-0.003 rad/s, Effort=0.002 Nm
  bl1_hip_roll: Position=1.216 rad, Velocity=-0.001 rad/s, Effort=-0.023 Nm
  bl2_hip_pitch: Position=-1.402 rad, Velocity=-0.001 rad/s, Effort=-0.014 Nm
  bl3_knee_pitch: Position=-0.179 rad, Velocity=-0.001 rad/s, Effort=-0.032 Nm
  bl4_foot: Position=0.232 rad, Velocity=-0.003 rad/s, Effort=-0.011 Nm
  br1_hip_roll: Position=-1.217 rad, Velocity=-0.001 rad/s, Effort=-0.041 Nm
  br2_hip_pitch: Position=1.452 rad, Velocity=-0.001 rad/s, Effort=-0.014 Nm
  br3_knee_pitch: Position=0.234 rad, Velocity=-0.001 rad/s, Effort=-0.014 Nm
  br4_foot: Position=0.843 rad, Velocity=-0.003 rad/s, Effort=-0.004 Nm

[JOINT STATE] Joint State Data:
  fl1_hip_roll: Position=-1.079 rad, Velocity=-0.001 rad/s, Effort=-0.005 Nm
  fl2_hip_pitch: Position=1.280 rad, Velocity=-0.001 rad/s, Effort=-0.169 Nm
  fl3_knee_pitch: Position=0.010 rad, Velocity=-0.001 rad/s, Effort=-0.041 Nm
  fl4_foot: Position=0.544 rad, Velocity=-0.003 rad/s, Effort=-0.024 Nm
  fr1_hip_roll: Position=1.195 rad, Velocity=-0.001 rad/s, Effort=-0.032 Nm
  fr2_hip_pitch: Position=-1.431 rad, Velocity=-0.001 rad/s, Effort=-0.041 Nm
  fr3_knee_pitch: Position=-0.227 rad, Velocity=-0.001 rad/s, Effort=-0.060 Nm
  fr4_foot: Position=0.487 rad, Velocity=-0.003 rad/s, Effort=-0.005 Nm
  bl1_hip_roll: Position=1.216 rad, Velocity=-0.001 rad/s, Effort=-0.005 Nm
  bl2_hip_pitch: Position=-1.402 rad, Velocity=-0.001 rad/s, Effort=-0.032 Nm
  bl3_knee_pitch: Position=-0.179 rad, Velocity=-0.001 rad/s, Effort=-0.014 Nm
  bl4_foot: Position=0.232 rad, Velocity=-0.003 rad/s, Effort=0.005 Nm
  br1_hip_roll: Position=-1.217 rad, Velocity=-0.001 rad/s, Effort=-0.096 Nm
  br2_hip_pitch: Position=1.452 rad, Velocity=-0.001 rad/s, Effort=-0.069 Nm
  br3_knee_pitch: Position=0.234 rad, Velocity=-0.001 rad/s, Effort=-0.050 Nm
  br4_foot: Position=0.843 rad, Velocity=-0.003 rad/s, Effort=-0.010 Nm

[JOINT STATE] Joint State Data:
  fl1_hip_roll: Position=-1.079 rad, Velocity=-0.001 rad/s, Effort=0.078 Nm
  fl2_hip_pitch: Position=1.280 rad, Velocity=-0.001 rad/s, Effort=-0.160 Nm
  fl3_knee_pitch: Position=0.010 rad, Velocity=-0.001 rad/s, Effort=-0.050 Nm
  fl4_foot: Position=0.544 rad, Velocity=-0.003 rad/s, Effort=-0.018 Nm
  fr1_hip_roll: Position=1.195 rad, Velocity=-0.001 rad/s, Effort=-0.032 Nm
  fr2_hip_pitch: Position=-1.431 rad, Velocity=-0.001 rad/s, Effort=-0.041 Nm
  fr3_knee_pitch: Position=-0.227 rad, Velocity=-0.001 rad/s, Effort=-0.078 Nm
  fr4_foot: Position=0.487 rad, Velocity=-0.003 rad/s, Effort=-0.005 Nm
  bl1_hip_roll: Position=1.216 rad, Velocity=-0.001 rad/s, Effort=-0.069 Nm
  bl2_hip_pitch: Position=-1.402 rad, Velocity=-0.001 rad/s, Effort=0.032 Nm
  bl3_knee_pitch: Position=-0.179 rad, Velocity=-0.001 rad/s, Effort=-0.041 Nm
  bl4_foot: Position=0.232 rad, Velocity=-0.003 rad/s, Effort=-0.005 Nm
  br1_hip_roll: Position=-1.217 rad, Velocity=-0.001 rad/s, Effort=-0.032 Nm
  br2_hip_pitch: Position=1.452 rad, Velocity=-0.001 rad/s, Effort=-0.023 Nm
  br3_knee_pitch: Position=0.234 rad, Velocity=-0.001 rad/s, Effort=-0.041 Nm
  br4_foot: Position=0.843 rad, Velocity=-0.003 rad/s, Effort=0.001 Nm

[JOINT STATE] Joint State Data:
  fl1_hip_roll: Position=-1.079 rad, Velocity=-0.001 rad/s, Effort=-0.124 Nm
  fl2_hip_pitch: Position=1.280 rad, Velocity=-0.001 rad/s, Effort=-0.160 Nm
  fl3_knee_pitch: Position=0.010 rad, Velocity=-0.001 rad/s, Effort=-0.023 Nm
  fl4_foot: Position=0.544 rad, Velocity=-0.003 rad/s, Effort=-0.004 Nm
  fr1_hip_roll: Position=1.195 rad, Velocity=-0.001 rad/s, Effort=-0.032 Nm
  fr2_hip_pitch: Position=-1.431 rad, Velocity=-0.001 rad/s, Effort=-0.032 Nm
  fr3_knee_pitch: Position=-0.227 rad, Velocity=-0.001 rad/s, Effort=-0.069 Nm
  fr4_foot: Position=0.487 rad, Velocity=-0.003 rad/s, Effort=-0.005 Nm
  bl1_hip_roll: Position=1.216 rad, Velocity=-0.001 rad/s, Effort=-0.078 Nm
  bl2_hip_pitch: Position=-1.402 rad, Velocity=-0.001 rad/s, Effort=0.005 Nm
  bl3_knee_pitch: Position=-0.179 rad, Velocity=-0.001 rad/s, Effort=-0.032 Nm
  bl4_foot: Position=0.232 rad, Velocity=-0.003 rad/s, Effort=-0.005 Nm
  br1_hip_roll: Position=-1.217 rad, Velocity=-0.001 rad/s, Effort=0.014 Nm
  br2_hip_pitch: Position=1.452 rad, Velocity=-0.001 rad/s, Effort=-0.041 Nm
  br3_knee_pitch: Position=0.234 rad, Velocity=-0.001 rad/s, Effort=-0.041 Nm
  br4_foot: Position=0.843 rad, Velocity=-0.003 rad/s, Effort=-0.010 Nm

[JOINT STATE] Joint State Data:
  fl1_hip_roll: Position=-1.079 rad, Velocity=-0.001 rad/s, Effort=0.023 Nm
  fl2_hip_pitch: Position=1.280 rad, Velocity=-0.001 rad/s, Effort=-0.160 Nm
  fl3_knee_pitch: Position=0.010 rad, Velocity=-0.001 rad/s, Effort=-0.023 Nm
  fl4_foot: Position=0.544 rad, Velocity=-0.003 rad/s, Effort=-0.008 Nm
  fr1_hip_roll: Position=1.195 rad, Velocity=-0.001 rad/s, Effort=0.005 Nm
  fr2_hip_pitch: Position=-1.431 rad, Velocity=-0.001 rad/s, Effort=-0.041 Nm
  fr3_knee_pitch: Position=-0.227 rad, Velocity=-0.001 rad/s, Effort=-0.078 Nm
  fr4_foot: Position=0.487 rad, Velocity=-0.003 rad/s, Effort=-0.001 Nm
  bl1_hip_roll: Position=1.216 rad, Velocity=-0.001 rad/s, Effort=-0.041 Nm
  bl2_hip_pitch: Position=-1.402 rad, Velocity=-0.001 rad/s, Effort=-0.069 Nm
  bl3_knee_pitch: Position=-0.179 rad, Velocity=-0.001 rad/s, Effort=-0.050 Nm
  bl4_foot: Position=0.232 rad, Velocity=-0.003 rad/s, Effort=-0.005 Nm
  br1_hip_roll: Position=-1.217 rad, Velocity=-0.001 rad/s, Effort=-0.105 Nm
  br2_hip_pitch: Position=1.452 rad, Velocity=-0.001 rad/s, Effort=-0.023 Nm
  br3_knee_pitch: Position=0.234 rad, Velocity=-0.001 rad/s, Effort=-0.014 Nm
  br4_foot: Position=0.843 rad, Velocity=-0.003 rad/s, Effort=-0.010 Nm

[JOINT STATE] Joint State Data:
  fl1_hip_roll: Position=-1.079 rad, Velocity=-0.001 rad/s, Effort=0.023 Nm
  fl2_hip_pitch: Position=1.280 rad, Velocity=-0.001 rad/s, Effort=-0.160 Nm
  fl3_knee_pitch: Position=0.010 rad, Velocity=-0.001 rad/s, Effort=-0.014 Nm
  fl4_foot: Position=0.544 rad, Velocity=-0.003 rad/s, Effort=-0.008 Nm
  fr1_hip_roll: Position=1.195 rad, Velocity=-0.001 rad/s, Effort=-0.041 Nm
  fr2_hip_pitch: Position=-1.431 rad, Velocity=-0.001 rad/s, Effort=-0.041 Nm
  fr3_knee_pitch: Position=-0.227 rad, Velocity=-0.001 rad/s, Effort=-0.069 Nm
  fr4_foot: Position=0.487 rad, Velocity=-0.003 rad/s, Effort=-0.013 Nm
  bl1_hip_roll: Position=1.216 rad, Velocity=-0.001 rad/s, Effort=0.023 Nm
  bl2_hip_pitch: Position=-1.402 rad, Velocity=-0.001 rad/s, Effort=-0.069 Nm
  bl3_knee_pitch: Position=-0.179 rad, Velocity=-0.001 rad/s, Effort=-0.023 Nm
  bl4_foot: Position=0.232 rad, Velocity=-0.003 rad/s, Effort=-0.001 Nm
  br1_hip_roll: Position=-1.217 rad, Velocity=-0.001 rad/s, Effort=-0.078 Nm
  br2_hip_pitch: Position=1.452 rad, Velocity=-0.001 rad/s, Effort=-0.050 Nm
  br3_knee_pitch: Position=0.234 rad, Velocity=-0.001 rad/s, Effort=0.005 Nm
  br4_foot: Position=0.843 rad, Velocity=-0.003 rad/s, Effort=0.001 Nm

[JOINT STATE] Joint State Data:
  fl1_hip_roll: Position=-1.079 rad, Velocity=-0.001 rad/s, Effort=-0.032 Nm
  fl2_hip_pitch: Position=1.280 rad, Velocity=-0.001 rad/s, Effort=-0.160 Nm
  fl3_knee_pitch: Position=0.010 rad, Velocity=-0.001 rad/s, Effort=-0.005 Nm
  fl4_foot: Position=0.544 rad, Velocity=-0.003 rad/s, Effort=-0.008 Nm
  fr1_hip_roll: Position=1.195 rad, Velocity=-0.001 rad/s, Effort=-0.105 Nm
  fr2_hip_pitch: Position=-1.431 rad, Velocity=-0.001 rad/s, Effort=0.014 Nm
  fr3_knee_pitch: Position=-0.227 rad, Velocity=-0.001 rad/s, Effort=-0.050 Nm
  fr4_foot: Position=0.487 rad, Velocity=-0.003 rad/s, Effort=-0.004 Nm
  bl1_hip_roll: Position=1.216 rad, Velocity=-0.001 rad/s, Effort=-0.005 Nm
  bl2_hip_pitch: Position=-1.402 rad, Velocity=-0.001 rad/s, Effort=-0.041 Nm
  bl3_knee_pitch: Position=-0.179 rad, Velocity=-0.001 rad/s, Effort=-0.005 Nm
  bl4_foot: Position=0.232 rad, Velocity=-0.003 rad/s, Effort=0.001 Nm
  br1_hip_roll: Position=-1.217 rad, Velocity=-0.001 rad/s, Effort=-0.060 Nm
  br2_hip_pitch: Position=1.452 rad, Velocity=-0.001 rad/s, Effort=-0.087 Nm
  br3_knee_pitch: Position=0.234 rad, Velocity=-0.001 rad/s, Effort=0.005 Nm
  br4_foot: Position=0.843 rad, Velocity=-0.003 rad/s, Effort=0.001 Nm

[JOINT STATE] Joint State Data:
  fl1_hip_roll: Position=-1.079 rad, Velocity=-0.001 rad/s, Effort=-0.041 Nm
  fl2_hip_pitch: Position=1.280 rad, Velocity=-0.001 rad/s, Effort=-0.160 Nm
  fl3_knee_pitch: Position=0.010 rad, Velocity=-0.001 rad/s, Effort=-0.041 Nm
  fl4_foot: Position=0.544 rad, Velocity=-0.003 rad/s, Effort=-0.018 Nm
  fr1_hip_roll: Position=1.195 rad, Velocity=-0.001 rad/s, Effort=-0.014 Nm
  fr2_hip_pitch: Position=-1.431 rad, Velocity=-0.001 rad/s, Effort=-0.005 Nm
  fr3_knee_pitch: Position=-0.227 rad, Velocity=-0.001 rad/s, Effort=-0.050 Nm
  fr4_foot: Position=0.487 rad, Velocity=-0.003 rad/s, Effort=-0.008 Nm
  bl1_hip_roll: Position=1.216 rad, Velocity=-0.001 rad/s, Effort=0.014 Nm
  bl2_hip_pitch: Position=-1.402 rad, Velocity=-0.001 rad/s, Effort=-0.041 Nm
  bl3_knee_pitch: Position=-0.179 rad, Velocity=-0.001 rad/s, Effort=0.014 Nm
  bl4_foot: Position=0.232 rad, Velocity=-0.003 rad/s, Effort=-0.008 Nm
  br1_hip_roll: Position=-1.217 rad, Velocity=-0.001 rad/s, Effort=-0.032 Nm
  br2_hip_pitch: Position=1.452 rad, Velocity=-0.001 rad/s, Effort=-0.023 Nm
  br3_knee_pitch: Position=0.234 rad, Velocity=-0.001 rad/s, Effort=0.005 Nm
  br4_foot: Position=0.843 rad, Velocity=-0.003 rad/s, Effort=-0.004 Nm

[JOINT STATE] Joint State Data:
  fl1_hip_roll: Position=-1.079 rad, Velocity=-0.001 rad/s, Effort=0.069 Nm
  fl2_hip_pitch: Position=1.280 rad, Velocity=-0.001 rad/s, Effort=-0.151 Nm
  fl3_knee_pitch: Position=0.010 rad, Velocity=-0.001 rad/s, Effort=-0.041 Nm
  fl4_foot: Position=0.544 rad, Velocity=-0.003 rad/s, Effort=-0.008 Nm
  fr1_hip_roll: Position=1.195 rad, Velocity=-0.001 rad/s, Effort=-0.041 Nm
  fr2_hip_pitch: Position=-1.431 rad, Velocity=-0.001 rad/s, Effort=0.014 Nm
  fr3_knee_pitch: Position=-0.227 rad, Velocity=-0.001 rad/s, Effort=-0.078 Nm
  fr4_foot: Position=0.487 rad, Velocity=-0.003 rad/s, Effort=-0.002 Nm
  bl1_hip_roll: Position=1.216 rad, Velocity=-0.001 rad/s, Effort=-0.005 Nm
  bl2_hip_pitch: Position=-1.402 rad, Velocity=-0.001 rad/s, Effort=-0.005 Nm
  bl3_knee_pitch: Position=-0.179 rad, Velocity=-0.001 rad/s, Effort=-0.005 Nm
  bl4_foot: Position=0.232 rad, Velocity=-0.003 rad/s, Effort=-0.010 Nm
  br1_hip_roll: Position=-1.217 rad, Velocity=-0.001 rad/s, Effort=-0.014 Nm
  br2_hip_pitch: Position=1.452 rad, Velocity=-0.001 rad/s, Effort=-0.023 Nm
  br3_knee_pitch: Position=0.234 rad, Velocity=-0.001 rad/s, Effort=-0.060 Nm
  br4_foot: Position=0.843 rad, Velocity=-0.003 rad/s, Effort=-0.010 Nm

[JOINT STATE] Joint State Data:
  fl1_hip_roll: Position=-1.079 rad, Velocity=-0.001 rad/s, Effort=-0.005 Nm
  fl2_hip_pitch: Position=1.280 rad, Velocity=-0.001 rad/s, Effort=-0.160 Nm
  fl3_knee_pitch: Position=0.010 rad, Velocity=-0.001 rad/s, Effort=-0.050 Nm
  fl4_foot: Position=0.544 rad, Velocity=-0.003 rad/s, Effort=-0.004 Nm
  fr1_hip_roll: Position=1.195 rad, Velocity=-0.001 rad/s, Effort=-0.078 Nm
  fr2_hip_pitch: Position=-1.431 rad, Velocity=-0.001 rad/s, Effort=-0.023 Nm
  fr3_knee_pitch: Position=-0.227 rad, Velocity=-0.001 rad/s, Effort=-0.050 Nm
  fr4_foot: Position=0.487 rad, Velocity=-0.003 rad/s, Effort=-0.008 Nm
  bl1_hip_roll: Position=1.216 rad, Velocity=-0.001 rad/s, Effort=-0.069 Nm
  bl2_hip_pitch: Position=-1.402 rad, Velocity=-0.001 rad/s, Effort=-0.023 Nm
  bl3_knee_pitch: Position=-0.179 rad, Velocity=-0.001 rad/s, Effort=-0.005 Nm
  bl4_foot: Position=0.232 rad, Velocity=-0.003 rad/s, Effort=0.001 Nm
  br1_hip_roll: Position=-1.217 rad, Velocity=-0.001 rad/s, Effort=-0.124 Nm
  br2_hip_pitch: Position=1.452 rad, Velocity=-0.001 rad/s, Effort=-0.069 Nm
  br3_knee_pitch: Position=0.234 rad, Velocity=-0.001 rad/s, Effort=-0.032 Nm
  br4_foot: Position=0.843 rad, Velocity=-0.003 rad/s, Effort=-0.002 Nm

[JOINT STATE] Joint State Data:
  fl1_hip_roll: Position=-1.079 rad, Velocity=-0.001 rad/s, Effort=0.041 Nm
  fl2_hip_pitch: Position=1.280 rad, Velocity=-0.001 rad/s, Effort=-0.160 Nm
  fl3_knee_pitch: Position=0.010 rad, Velocity=-0.001 rad/s, Effort=-0.041 Nm
  fl4_foot: Position=0.544 rad, Velocity=-0.003 rad/s, Effort=-0.007 Nm
  fr1_hip_roll: Position=1.195 rad, Velocity=-0.001 rad/s, Effort=-0.005 Nm
  fr2_hip_pitch: Position=-1.431 rad, Velocity=-0.001 rad/s, Effort=0.014 Nm
  fr3_knee_pitch: Position=-0.227 rad, Velocity=-0.001 rad/s, Effort=-0.069 Nm
  fr4_foot: Position=0.487 rad, Velocity=-0.003 rad/s, Effort=-0.010 Nm
  bl1_hip_roll: Position=1.216 rad, Velocity=-0.001 rad/s, Effort=-0.005 Nm
  bl2_hip_pitch: Position=-1.402 rad, Velocity=-0.001 rad/s, Effort=-0.023 Nm
  bl3_knee_pitch: Position=-0.179 rad, Velocity=-0.001 rad/s, Effort=-0.023 Nm
  bl4_foot: Position=0.232 rad, Velocity=-0.003 rad/s, Effort=0.001 Nm
  br1_hip_roll: Position=-1.217 rad, Velocity=-0.001 rad/s, Effort=-0.078 Nm
  br2_hip_pitch: Position=1.452 rad, Velocity=-0.001 rad/s, Effort=-0.050 Nm
  br3_knee_pitch: Position=0.234 rad, Velocity=-0.001 rad/s, Effort=-0.005 Nm
  br4_foot: Position=0.843 rad, Velocity=-0.003 rad/s, Effort=-0.004 Nm

[JOINT STATE] Joint State Data:
  fl1_hip_roll: Position=-1.079 rad, Velocity=-0.001 rad/s, Effort=-0.023 Nm
  fl2_hip_pitch: Position=1.280 rad, Velocity=-0.001 rad/s, Effort=-0.133 Nm
  fl3_knee_pitch: Position=0.010 rad, Velocity=-0.001 rad/s, Effort=-0.014 Nm
  fl4_foot: Position=0.544 rad, Velocity=-0.003 rad/s, Effort=-0.016 Nm
  fr1_hip_roll: Position=1.195 rad, Velocity=-0.001 rad/s, Effort=-0.050 Nm
  fr2_hip_pitch: Position=-1.431 rad, Velocity=-0.001 rad/s, Effort=-0.014 Nm
  fr3_knee_pitch: Position=-0.227 rad, Velocity=-0.001 rad/s, Effort=-0.069 Nm
  fr4_foot: Position=0.487 rad, Velocity=-0.003 rad/s, Effort=-0.008 Nm
  bl1_hip_roll: Position=1.216 rad, Velocity=-0.001 rad/s, Effort=0.023 Nm
  bl2_hip_pitch: Position=-1.402 rad, Velocity=-0.001 rad/s, Effort=-0.032 Nm
  bl3_knee_pitch: Position=-0.179 rad, Velocity=-0.001 rad/s, Effort=-0.005 Nm
  bl4_foot: Position=0.232 rad, Velocity=-0.003 rad/s, Effort=-0.011 Nm
  br1_hip_roll: Position=-1.217 rad, Velocity=-0.001 rad/s, Effort=0.005 Nm
  br2_hip_pitch: Position=1.452 rad, Velocity=-0.001 rad/s, Effort=-0.041 Nm
  br3_knee_pitch: Position=0.234 rad, Velocity=-0.001 rad/s, Effort=-0.023 Nm
  br4_foot: Position=0.843 rad, Velocity=-0.003 rad/s, Effort=-0.001 Nm

[JOINT STATE] Joint State Data:
  fl1_hip_roll: Position=-1.079 rad, Velocity=-0.001 rad/s, Effort=-0.014 Nm
  fl2_hip_pitch: Position=1.280 rad, Velocity=-0.001 rad/s, Effort=-0.160 Nm
  fl3_knee_pitch: Position=0.010 rad, Velocity=-0.001 rad/s, Effort=0.005 Nm
  fl4_foot: Position=0.544 rad, Velocity=-0.003 rad/s, Effort=-0.010 Nm
  fr1_hip_roll: Position=1.195 rad, Velocity=-0.001 rad/s, Effort=-0.041 Nm
  fr2_hip_pitch: Position=-1.431 rad, Velocity=-0.001 rad/s, Effort=-0.005 Nm
  fr3_knee_pitch: Position=-0.227 rad, Velocity=-0.001 rad/s, Effort=-0.050 Nm
  fr4_foot: Position=0.487 rad, Velocity=-0.003 rad/s, Effort=-0.005 Nm
  bl1_hip_roll: Position=1.216 rad, Velocity=-0.001 rad/s, Effort=-0.014 Nm
  bl2_hip_pitch: Position=-1.402 rad, Velocity=-0.001 rad/s, Effort=-0.032 Nm
  bl3_knee_pitch: Position=-0.179 rad, Velocity=-0.001 rad/s, Effort=-0.014 Nm
  bl4_foot: Position=0.232 rad, Velocity=-0.003 rad/s, Effort=0.010 Nm
  br1_hip_roll: Position=-1.217 rad, Velocity=-0.001 rad/s, Effort=-0.041 Nm
  br2_hip_pitch: Position=1.452 rad, Velocity=-0.001 rad/s, Effort=-0.041 Nm
  br3_knee_pitch: Position=0.234 rad, Velocity=-0.001 rad/s, Effort=0.005 Nm
  br4_foot: Position=0.843 rad, Velocity=-0.003 rad/s, Effort=-0.001 Nm

[JOINT STATE] Joint State Data:
  fl1_hip_roll: Position=-1.079 rad, Velocity=-0.001 rad/s, Effort=-0.014 Nm
  fl2_hip_pitch: Position=1.280 rad, Velocity=-0.001 rad/s, Effort=-0.160 Nm
  fl3_knee_pitch: Position=0.010 rad, Velocity=-0.001 rad/s, Effort=-0.005 Nm
  fl4_foot: Position=0.544 rad, Velocity=-0.003 rad/s, Effort=-0.010 Nm
  fr1_hip_roll: Position=1.195 rad, Velocity=-0.001 rad/s, Effort=-0.069 Nm
  fr2_hip_pitch: Position=-1.431 rad, Velocity=-0.001 rad/s, Effort=0.005 Nm
  fr3_knee_pitch: Position=-0.227 rad, Velocity=-0.001 rad/s, Effort=-0.069 Nm
  fr4_foot: Position=0.487 rad, Velocity=-0.003 rad/s, Effort=-0.007 Nm
  bl1_hip_roll: Position=1.216 rad, Velocity=-0.001 rad/s, Effort=-0.005 Nm
  bl2_hip_pitch: Position=-1.402 rad, Velocity=-0.001 rad/s, Effort=-0.032 Nm
  bl3_knee_pitch: Position=-0.179 rad, Velocity=-0.001 rad/s, Effort=-0.032 Nm
  bl4_foot: Position=0.232 rad, Velocity=-0.003 rad/s, Effort=-0.002 Nm
  br1_hip_roll: Position=-1.217 rad, Velocity=-0.001 rad/s, Effort=0.014 Nm
  br2_hip_pitch: Position=1.452 rad, Velocity=-0.001 rad/s, Effort=-0.087 Nm
  br3_knee_pitch: Position=0.234 rad, Velocity=-0.001 rad/s, Effort=0.023 Nm
  br4_foot: Position=0.843 rad, Velocity=-0.003 rad/s, Effort=-0.008 Nm

[JOINT STATE] Joint State Data:
  fl1_hip_roll: Position=-1.079 rad, Velocity=-0.001 rad/s, Effort=-0.041 Nm
  fl2_hip_pitch: Position=1.280 rad, Velocity=-0.001 rad/s, Effort=-0.160 Nm
  fl3_knee_pitch: Position=0.010 rad, Velocity=-0.001 rad/s, Effort=0.014 Nm
  fl4_foot: Position=0.544 rad, Velocity=-0.003 rad/s, Effort=-0.011 Nm
  fr1_hip_roll: Position=1.195 rad, Velocity=-0.001 rad/s, Effort=-0.032 Nm
  fr2_hip_pitch: Position=-1.431 rad, Velocity=-0.001 rad/s, Effort=-0.005 Nm
  fr3_knee_pitch: Position=-0.227 rad, Velocity=-0.001 rad/s, Effort=-0.060 Nm
  fr4_foot: Position=0.487 rad, Velocity=-0.003 rad/s, Effort=-0.011 Nm
  bl1_hip_roll: Position=1.216 rad, Velocity=-0.001 rad/s, Effort=0.023 Nm
  bl2_hip_pitch: Position=-1.402 rad, Velocity=-0.001 rad/s, Effort=-0.050 Nm
  bl3_knee_pitch: Position=-0.179 rad, Velocity=-0.001 rad/s, Effort=-0.032 Nm
  bl4_foot: Position=0.232 rad, Velocity=-0.003 rad/s, Effort=0.008 Nm
  br1_hip_roll: Position=-1.217 rad, Velocity=-0.001 rad/s, Effort=-0.078 Nm
  br2_hip_pitch: Position=1.452 rad, Velocity=-0.001 rad/s, Effort=-0.060 Nm
  br3_knee_pitch: Position=0.234 rad, Velocity=-0.001 rad/s, Effort=0.023 Nm
  br4_foot: Position=0.843 rad, Velocity=-0.003 rad/s, Effort=-0.010 Nm

[JOINT STATE] Joint State Data:
  fl1_hip_roll: Position=-1.079 rad, Velocity=-0.001 rad/s, Effort=-0.050 Nm
  fl2_hip_pitch: Position=1.280 rad, Velocity=-0.001 rad/s, Effort=-0.169 Nm
  fl3_knee_pitch: Position=0.010 rad, Velocity=-0.001 rad/s, Effort=0.032 Nm
  fl4_foot: Position=0.544 rad, Velocity=-0.003 rad/s, Effort=-0.011 Nm
  fr1_hip_roll: Position=1.195 rad, Velocity=-0.001 rad/s, Effort=-0.050 Nm
  fr2_hip_pitch: Position=-1.431 rad, Velocity=-0.001 rad/s, Effort=0.005 Nm
  fr3_knee_pitch: Position=-0.227 rad, Velocity=-0.001 rad/s, Effort=-0.041 Nm
  fr4_foot: Position=0.487 rad, Velocity=-0.003 rad/s, Effort=-0.005 Nm
  bl1_hip_roll: Position=1.216 rad, Velocity=-0.001 rad/s, Effort=-0.041 Nm
  bl2_hip_pitch: Position=-1.402 rad, Velocity=-0.001 rad/s, Effort=-0.060 Nm
  bl3_knee_pitch: Position=-0.179 rad, Velocity=-0.001 rad/s, Effort=-0.050 Nm
  bl4_foot: Position=0.232 rad, Velocity=-0.003 rad/s, Effort=0.004 Nm
  br1_hip_roll: Position=-1.217 rad, Velocity=-0.001 rad/s, Effort=-0.032 Nm
  br2_hip_pitch: Position=1.452 rad, Velocity=-0.001 rad/s, Effort=-0.014 Nm
  br3_knee_pitch: Position=0.234 rad, Velocity=-0.001 rad/s, Effort=-0.087 Nm
  br4_foot: Position=0.843 rad, Velocity=-0.003 rad/s, Effort=-0.004 Nm

[JOINT STATE] Joint State Data:
  fl1_hip_roll: Position=-1.079 rad, Velocity=-0.001 rad/s, Effort=-0.014 Nm
  fl2_hip_pitch: Position=1.280 rad, Velocity=-0.001 rad/s, Effort=-0.160 Nm
  fl3_knee_pitch: Position=0.010 rad, Velocity=-0.001 rad/s, Effort=-0.005 Nm
  fl4_foot: Position=0.544 rad, Velocity=-0.003 rad/s, Effort=-0.011 Nm
  fr1_hip_roll: Position=1.195 rad, Velocity=-0.001 rad/s, Effort=-0.014 Nm
  fr2_hip_pitch: Position=-1.431 rad, Velocity=-0.001 rad/s, Effort=-0.032 Nm
  fr3_knee_pitch: Position=-0.227 rad, Velocity=-0.001 rad/s, Effort=-0.050 Nm
  fr4_foot: Position=0.487 rad, Velocity=-0.003 rad/s, Effort=0.001 Nm
  bl1_hip_roll: Position=1.216 rad, Velocity=-0.001 rad/s, Effort=0.014 Nm
  bl2_hip_pitch: Position=-1.402 rad, Velocity=-0.001 rad/s, Effort=-0.014 Nm
  bl3_knee_pitch: Position=-0.179 rad, Velocity=-0.001 rad/s, Effort=-0.032 Nm
  bl4_foot: Position=0.232 rad, Velocity=-0.003 rad/s, Effort=-0.008 Nm
  br1_hip_roll: Position=-1.217 rad, Velocity=-0.001 rad/s, Effort=-0.069 Nm
  br2_hip_pitch: Position=1.452 rad, Velocity=-0.001 rad/s, Effort=-0.005 Nm
  br3_knee_pitch: Position=0.234 rad, Velocity=-0.001 rad/s, Effort=-0.005 Nm
  br4_foot: Position=0.843 rad, Velocity=-0.003 rad/s, Effort=-0.004 Nm

[JOINT STATE] Joint State Data:
  fl1_hip_roll: Position=-1.079 rad, Velocity=-0.001 rad/s, Effort=-0.023 Nm
  fl2_hip_pitch: Position=1.280 rad, Velocity=-0.001 rad/s, Effort=-0.114 Nm
  fl3_knee_pitch: Position=0.010 rad, Velocity=-0.001 rad/s, Effort=-0.005 Nm
  fl4_foot: Position=0.544 rad, Velocity=-0.003 rad/s, Effort=-0.018 Nm
  fr1_hip_roll: Position=1.195 rad, Velocity=-0.001 rad/s, Effort=-0.069 Nm
  fr2_hip_pitch: Position=-1.431 rad, Velocity=-0.001 rad/s, Effort=0.014 Nm
  fr3_knee_pitch: Position=-0.227 rad, Velocity=-0.001 rad/s, Effort=-0.050 Nm
  fr4_foot: Position=0.487 rad, Velocity=-0.003 rad/s, Effort=0.002 Nm
  bl1_hip_roll: Position=1.216 rad, Velocity=-0.001 rad/s, Effort=0.032 Nm
  bl2_hip_pitch: Position=-1.402 rad, Velocity=-0.001 rad/s, Effort=-0.096 Nm
  bl3_knee_pitch: Position=-0.179 rad, Velocity=-0.001 rad/s, Effort=-0.023 Nm
  bl4_foot: Position=0.232 rad, Velocity=-0.003 rad/s, Effort=0.002 Nm
  br1_hip_roll: Position=-1.217 rad, Velocity=-0.001 rad/s, Effort=-0.032 Nm
  br2_hip_pitch: Position=1.452 rad, Velocity=-0.001 rad/s, Effort=-0.060 Nm
  br3_knee_pitch: Position=0.234 rad, Velocity=-0.001 rad/s, Effort=-0.014 Nm
  br4_foot: Position=0.843 rad, Velocity=-0.003 rad/s, Effort=-0.008 Nm

[JOINT STATE] Joint State Data:
  fl1_hip_roll: Position=-1.079 rad, Velocity=-0.001 rad/s, Effort=-0.069 Nm
  fl2_hip_pitch: Position=1.280 rad, Velocity=-0.001 rad/s, Effort=-0.160 Nm
  fl3_knee_pitch: Position=0.010 rad, Velocity=-0.001 rad/s, Effort=0.005 Nm
  fl4_foot: Position=0.544 rad, Velocity=-0.003 rad/s, Effort=0.001 Nm
  fr1_hip_roll: Position=1.195 rad, Velocity=-0.001 rad/s, Effort=-0.060 Nm
  fr2_hip_pitch: Position=-1.431 rad, Velocity=-0.001 rad/s, Effort=-0.050 Nm
  fr3_knee_pitch: Position=-0.227 rad, Velocity=-0.001 rad/s, Effort=-0.014 Nm
  fr4_foot: Position=0.487 rad, Velocity=-0.003 rad/s, Effort=-0.007 Nm
  bl1_hip_roll: Position=1.216 rad, Velocity=-0.001 rad/s, Effort=0.014 Nm
  bl2_hip_pitch: Position=-1.402 rad, Velocity=-0.001 rad/s, Effort=0.005 Nm
  bl3_knee_pitch: Position=-0.179 rad, Velocity=-0.001 rad/s, Effort=-0.041 Nm
  bl4_foot: Position=0.232 rad, Velocity=-0.003 rad/s, Effort=-0.001 Nm
  br1_hip_roll: Position=-1.217 rad, Velocity=-0.001 rad/s, Effort=-0.060 Nm
  br2_hip_pitch: Position=1.452 rad, Velocity=-0.001 rad/s, Effort=-0.032 Nm
  br3_knee_pitch: Position=0.234 rad, Velocity=-0.001 rad/s, Effort=-0.005 Nm
  br4_foot: Position=0.843 rad, Velocity=-0.003 rad/s, Effort=-0.002 Nm

[JOINT STATE] Joint State Data:
  fl1_hip_roll: Position=-1.079 rad, Velocity=-0.001 rad/s, Effort=-0.050 Nm
  fl2_hip_pitch: Position=1.280 rad, Velocity=-0.001 rad/s, Effort=-0.160 Nm
  fl3_knee_pitch: Position=0.010 rad, Velocity=-0.001 rad/s, Effort=-0.023 Nm
  fl4_foot: Position=0.544 rad, Velocity=-0.003 rad/s, Effort=-0.007 Nm
  fr1_hip_roll: Position=1.195 rad, Velocity=-0.001 rad/s, Effort=-0.014 Nm
  fr2_hip_pitch: Position=-1.431 rad, Velocity=-0.001 rad/s, Effort=-0.041 Nm
  fr3_knee_pitch: Position=-0.227 rad, Velocity=-0.001 rad/s, Effort=-0.069 Nm
  fr4_foot: Position=0.487 rad, Velocity=-0.003 rad/s, Effort=0.001 Nm
  bl1_hip_roll: Position=1.216 rad, Velocity=-0.001 rad/s, Effort=-0.005 Nm
  bl2_hip_pitch: Position=-1.402 rad, Velocity=-0.001 rad/s, Effort=-0.069 Nm
  bl3_knee_pitch: Position=-0.179 rad, Velocity=-0.001 rad/s, Effort=-0.032 Nm
  bl4_foot: Position=0.232 rad, Velocity=-0.003 rad/s, Effort=0.002 Nm
  br1_hip_roll: Position=-1.217 rad, Velocity=-0.001 rad/s, Effort=-0.032 Nm
  br2_hip_pitch: Position=1.452 rad, Velocity=-0.001 rad/s, Effort=-0.032 Nm
  br3_knee_pitch: Position=0.234 rad, Velocity=-0.001 rad/s, Effort=0.014 Nm
  br4_foot: Position=0.843 rad, Velocity=-0.003 rad/s, Effort=0.001 Nm

[JOINT STATE] Joint State Data:
  fl1_hip_roll: Position=-1.079 rad, Velocity=-0.001 rad/s, Effort=-0.041 Nm
  fl2_hip_pitch: Position=1.280 rad, Velocity=-0.001 rad/s, Effort=-0.133 Nm
  fl3_knee_pitch: Position=0.010 rad, Velocity=-0.001 rad/s, Effort=-0.005 Nm
  fl4_foot: Position=0.544 rad, Velocity=-0.003 rad/s, Effort=-0.008 Nm
  fr1_hip_roll: Position=1.195 rad, Velocity=-0.001 rad/s, Effort=-0.078 Nm
  fr2_hip_pitch: Position=-1.431 rad, Velocity=-0.001 rad/s, Effort=-0.014 Nm
  fr3_knee_pitch: Position=-0.227 rad, Velocity=-0.001 rad/s, Effort=-0.041 Nm
  fr4_foot: Position=0.487 rad, Velocity=-0.003 rad/s, Effort=-0.007 Nm
  bl1_hip_roll: Position=1.216 rad, Velocity=-0.001 rad/s, Effort=-0.050 Nm
  bl2_hip_pitch: Position=-1.402 rad, Velocity=-0.001 rad/s, Effort=-0.041 Nm
  bl3_knee_pitch: Position=-0.179 rad, Velocity=-0.001 rad/s, Effort=-0.032 Nm
  bl4_foot: Position=0.232 rad, Velocity=-0.003 rad/s, Effort=-0.008 Nm
  br1_hip_roll: Position=-1.217 rad, Velocity=-0.003 rad/s, Effort=-0.050 Nm
  br2_hip_pitch: Position=1.452 rad, Velocity=-0.001 rad/s, Effort=-0.041 Nm
  br3_knee_pitch: Position=0.234 rad, Velocity=-0.001 rad/s, Effort=-0.005 Nm
  br4_foot: Position=0.843 rad, Velocity=-0.003 rad/s, Effort=-0.004 Nm

[JOINT STATE] Joint State Data:
  fl1_hip_roll: Position=-1.079 rad, Velocity=-0.001 rad/s, Effort=-0.078 Nm
  fl2_hip_pitch: Position=1.280 rad, Velocity=-0.001 rad/s, Effort=-0.169 Nm
  fl3_knee_pitch: Position=0.010 rad, Velocity=-0.001 rad/s, Effort=-0.023 Nm
  fl4_foot: Position=0.544 rad, Velocity=-0.003 rad/s, Effort=0.005 Nm
  fr1_hip_roll: Position=1.195 rad, Velocity=-0.001 rad/s, Effort=-0.023 Nm
  fr2_hip_pitch: Position=-1.431 rad, Velocity=-0.001 rad/s, Effort=-0.032 Nm
  fr3_knee_pitch: Position=-0.227 rad, Velocity=-0.001 rad/s, Effort=-0.050 Nm
  fr4_foot: Position=0.487 rad, Velocity=-0.003 rad/s, Effort=-0.004 Nm
  bl1_hip_roll: Position=1.216 rad, Velocity=-0.001 rad/s, Effort=-0.005 Nm
  bl2_hip_pitch: Position=-1.402 rad, Velocity=-0.001 rad/s, Effort=-0.014 Nm
  bl3_knee_pitch: Position=-0.179 rad, Velocity=-0.001 rad/s, Effort=-0.023 Nm
  bl4_foot: Position=0.232 rad, Velocity=-0.003 rad/s, Effort=-0.013 Nm
  br1_hip_roll: Position=-1.217 rad, Velocity=-0.001 rad/s, Effort=0.069 Nm
  br2_hip_pitch: Position=1.452 rad, Velocity=-0.001 rad/s, Effort=-0.032 Nm
  br3_knee_pitch: Position=0.234 rad, Velocity=-0.001 rad/s, Effort=-0.005 Nm
  br4_foot: Position=0.843 rad, Velocity=-0.003 rad/s, Effort=-0.002 Nm

[JOINT STATE] Joint State Data:
  fl1_hip_roll: Position=-1.079 rad, Velocity=-0.001 rad/s, Effort=-0.014 Nm
  fl2_hip_pitch: Position=1.280 rad, Velocity=-0.001 rad/s, Effort=-0.160 Nm
  fl3_knee_pitch: Position=0.010 rad, Velocity=-0.001 rad/s, Effort=-0.060 Nm
  fl4_foot: Position=0.544 rad, Velocity=-0.003 rad/s, Effort=-0.016 Nm
  fr1_hip_roll: Position=1.195 rad, Velocity=-0.001 rad/s, Effort=-0.041 Nm
  fr2_hip_pitch: Position=-1.431 rad, Velocity=-0.001 rad/s, Effort=-0.014 Nm
  fr3_knee_pitch: Position=-0.227 rad, Velocity=-0.001 rad/s, Effort=-0.050 Nm
  fr4_foot: Position=0.487 rad, Velocity=-0.003 rad/s, Effort=0.001 Nm
  bl1_hip_roll: Position=1.216 rad, Velocity=-0.001 rad/s, Effort=-0.060 Nm
  bl2_hip_pitch: Position=-1.402 rad, Velocity=-0.001 rad/s, Effort=-0.014 Nm
  bl3_knee_pitch: Position=-0.179 rad, Velocity=-0.001 rad/s, Effort=-0.041 Nm
  bl4_foot: Position=0.232 rad, Velocity=-0.003 rad/s, Effort=-0.018 Nm
  br1_hip_roll: Position=-1.217 rad, Velocity=-0.005 rad/s, Effort=-0.050 Nm
  br2_hip_pitch: Position=1.452 rad, Velocity=-0.001 rad/s, Effort=-0.069 Nm
  br3_knee_pitch: Position=0.234 rad, Velocity=-0.001 rad/s, Effort=-0.014 Nm
  br4_foot: Position=0.843 rad, Velocity=-0.003 rad/s, Effort=-0.008 Nm

[JOINT STATE] Joint State Data:
  fl1_hip_roll: Position=-1.079 rad, Velocity=-0.001 rad/s, Effort=0.060 Nm
  fl2_hip_pitch: Position=1.280 rad, Velocity=-0.001 rad/s, Effort=-0.160 Nm
  fl3_knee_pitch: Position=0.010 rad, Velocity=-0.001 rad/s, Effort=-0.032 Nm
  fl4_foot: Position=0.544 rad, Velocity=-0.003 rad/s, Effort=0.007 Nm
  fr1_hip_roll: Position=1.195 rad, Velocity=-0.001 rad/s, Effort=-0.041 Nm
  fr2_hip_pitch: Position=-1.431 rad, Velocity=-0.001 rad/s, Effort=-0.023 Nm
  fr3_knee_pitch: Position=-0.227 rad, Velocity=-0.001 rad/s, Effort=-0.060 Nm
  fr4_foot: Position=0.487 rad, Velocity=-0.003 rad/s, Effort=-0.010 Nm
  bl1_hip_roll: Position=1.216 rad, Velocity=-0.001 rad/s, Effort=0.041 Nm
  bl2_hip_pitch: Position=-1.402 rad, Velocity=-0.001 rad/s, Effort=-0.041 Nm
  bl3_knee_pitch: Position=-0.179 rad, Velocity=-0.001 rad/s, Effort=-0.032 Nm
  bl4_foot: Position=0.232 rad, Velocity=-0.003 rad/s, Effort=0.002 Nm
  br1_hip_roll: Position=-1.217 rad, Velocity=-0.001 rad/s, Effort=-0.114 Nm
  br2_hip_pitch: Position=1.452 rad, Velocity=-0.001 rad/s, Effort=-0.041 Nm
  br3_knee_pitch: Position=0.234 rad, Velocity=-0.001 rad/s, Effort=0.014 Nm
  br4_foot: Position=0.843 rad, Velocity=-0.003 rad/s, Effort=-0.005 Nm

[JOINT STATE] Joint State Data:
  fl1_hip_roll: Position=-1.079 rad, Velocity=-0.001 rad/s, Effort=-0.014 Nm
  fl2_hip_pitch: Position=1.280 rad, Velocity=-0.001 rad/s, Effort=-0.160 Nm
  fl3_knee_pitch: Position=0.010 rad, Velocity=-0.001 rad/s, Effort=-0.060 Nm
  fl4_foot: Position=0.544 rad, Velocity=-0.003 rad/s, Effort=-0.016 Nm
  fr1_hip_roll: Position=1.195 rad, Velocity=-0.001 rad/s, Effort=-0.050 Nm
  fr2_hip_pitch: Position=-1.431 rad, Velocity=-0.001 rad/s, Effort=-0.014 Nm
  fr3_knee_pitch: Position=-0.227 rad, Velocity=-0.001 rad/s, Effort=-0.078 Nm
  fr4_foot: Position=0.487 rad, Velocity=-0.003 rad/s, Effort=-0.011 Nm
  bl1_hip_roll: Position=1.216 rad, Velocity=-0.001 rad/s, Effort=-0.014 Nm
  bl2_hip_pitch: Position=-1.402 rad, Velocity=-0.001 rad/s, Effort=-0.014 Nm
  bl3_knee_pitch: Position=-0.179 rad, Velocity=-0.001 rad/s, Effort=-0.023 Nm
  bl4_foot: Position=0.232 rad, Velocity=-0.003 rad/s, Effort=-0.010 Nm
  br1_hip_roll: Position=-1.217 rad, Velocity=-0.001 rad/s, Effort=-0.133 Nm
  br2_hip_pitch: Position=1.452 rad, Velocity=-0.001 rad/s, Effort=-0.050 Nm
  br3_knee_pitch: Position=0.234 rad, Velocity=-0.001 rad/s, Effort=-0.023 Nm
  br4_foot: Position=0.843 rad, Velocity=-0.003 rad/s, Effort=-0.011 Nm

[JOINT STATE] Joint State Data:
  fl1_hip_roll: Position=-1.079 rad, Velocity=-0.001 rad/s, Effort=0.014 Nm
  fl2_hip_pitch: Position=1.280 rad, Velocity=-0.001 rad/s, Effort=-0.160 Nm
  fl3_knee_pitch: Position=0.010 rad, Velocity=-0.001 rad/s, Effort=-0.014 Nm
  fl4_foot: Position=0.544 rad, Velocity=-0.003 rad/s, Effort=-0.001 Nm
  fr1_hip_roll: Position=1.195 rad, Velocity=-0.001 rad/s, Effort=-0.032 Nm
  fr2_hip_pitch: Position=-1.431 rad, Velocity=-0.001 rad/s, Effort=0.032 Nm
  fr3_knee_pitch: Position=-0.227 rad, Velocity=-0.001 rad/s, Effort=-0.041 Nm
  fr4_foot: Position=0.487 rad, Velocity=-0.003 rad/s, Effort=-0.008 Nm
  bl1_hip_roll: Position=1.216 rad, Velocity=-0.001 rad/s, Effort=-0.023 Nm
  bl2_hip_pitch: Position=-1.402 rad, Velocity=-0.001 rad/s, Effort=0.014 Nm
  bl3_knee_pitch: Position=-0.179 rad, Velocity=-0.001 rad/s, Effort=-0.005 Nm
  bl4_foot: Position=0.232 rad, Velocity=-0.003 rad/s, Effort=-0.004 Nm
  br1_hip_roll: Position=-1.217 rad, Velocity=-0.001 rad/s, Effort=-0.060 Nm
  br2_hip_pitch: Position=1.452 rad, Velocity=-0.001 rad/s, Effort=-0.023 Nm
  br3_knee_pitch: Position=0.234 rad, Velocity=-0.001 rad/s, Effort=-0.023 Nm
  br4_foot: Position=0.843 rad, Velocity=-0.003 rad/s, Effort=-0.008 Nm

[JOINT STATE] Joint State Data:
  fl1_hip_roll: Position=-1.079 rad, Velocity=-0.001 rad/s, Effort=-0.078 Nm
  fl2_hip_pitch: Position=1.280 rad, Velocity=-0.001 rad/s, Effort=-0.160 Nm
  fl3_knee_pitch: Position=0.010 rad, Velocity=-0.001 rad/s, Effort=-0.005 Nm
  fl4_foot: Position=0.544 rad, Velocity=-0.003 rad/s, Effort=-0.008 Nm
  fr1_hip_roll: Position=1.195 rad, Velocity=-0.001 rad/s, Effort=-0.096 Nm
  fr2_hip_pitch: Position=-1.431 rad, Velocity=-0.001 rad/s, Effort=0.014 Nm
  fr3_knee_pitch: Position=-0.227 rad, Velocity=-0.001 rad/s, Effort=-0.050 Nm
  fr4_foot: Position=0.487 rad, Velocity=-0.003 rad/s, Effort=-0.004 Nm
  bl1_hip_roll: Position=1.216 rad, Velocity=-0.001 rad/s, Effort=0.041 Nm
  bl2_hip_pitch: Position=-1.402 rad, Velocity=-0.001 rad/s, Effort=-0.005 Nm
  bl3_knee_pitch: Position=-0.179 rad, Velocity=-0.001 rad/s, Effort=-0.023 Nm
  bl4_foot: Position=0.232 rad, Velocity=-0.003 rad/s, Effort=-0.005 Nm
  br1_hip_roll: Position=-1.217 rad, Velocity=-0.001 rad/s, Effort=-0.005 Nm
  br2_hip_pitch: Position=1.452 rad, Velocity=-0.001 rad/s, Effort=-0.005 Nm
  br3_knee_pitch: Position=0.234 rad, Velocity=-0.001 rad/s, Effort=-0.050 Nm
  br4_foot: Position=0.843 rad, Velocity=-0.003 rad/s, Effort=-0.005 Nm

[JOINT STATE] Joint State Data:
  fl1_hip_roll: Position=-1.079 rad, Velocity=-0.001 rad/s, Effort=-0.069 Nm
  fl2_hip_pitch: Position=1.280 rad, Velocity=-0.001 rad/s, Effort=-0.169 Nm
  fl3_knee_pitch: Position=0.010 rad, Velocity=-0.001 rad/s, Effort=0.005 Nm
  fl4_foot: Position=0.544 rad, Velocity=-0.003 rad/s, Effort=-0.001 Nm
  fr1_hip_roll: Position=1.195 rad, Velocity=-0.001 rad/s, Effort=-0.060 Nm
  fr2_hip_pitch: Position=-1.431 rad, Velocity=-0.001 rad/s, Effort=-0.014 Nm
  fr3_knee_pitch: Position=-0.227 rad, Velocity=-0.001 rad/s, Effort=-0.050 Nm
  fr4_foot: Position=0.487 rad, Velocity=-0.003 rad/s, Effort=-0.014 Nm
  bl1_hip_roll: Position=1.216 rad, Velocity=-0.001 rad/s, Effort=-0.078 Nm
  bl2_hip_pitch: Position=-1.402 rad, Velocity=-0.001 rad/s, Effort=-0.041 Nm
  bl3_knee_pitch: Position=-0.179 rad, Velocity=-0.001 rad/s, Effort=-0.014 Nm
  bl4_foot: Position=0.232 rad, Velocity=-0.003 rad/s, Effort=-0.002 Nm
  br1_hip_roll: Position=-1.217 rad, Velocity=-0.001 rad/s, Effort=-0.124 Nm
  br2_hip_pitch: Position=1.452 rad, Velocity=-0.001 rad/s, Effort=-0.060 Nm
  br3_knee_pitch: Position=0.234 rad, Velocity=-0.001 rad/s, Effort=-0.050 Nm
  br4_foot: Position=0.843 rad, Velocity=-0.003 rad/s, Effort=-0.008 Nm

[JOINT STATE] Joint State Data:
  fl1_hip_roll: Position=-1.079 rad, Velocity=-0.001 rad/s, Effort=0.041 Nm
  fl2_hip_pitch: Position=1.280 rad, Velocity=-0.001 rad/s, Effort=-0.169 Nm
  fl3_knee_pitch: Position=0.010 rad, Velocity=-0.001 rad/s, Effort=-0.060 Nm
  fl4_foot: Position=0.544 rad, Velocity=-0.003 rad/s, Effort=-0.001 Nm
  fr1_hip_roll: Position=1.195 rad, Velocity=-0.001 rad/s, Effort=-0.050 Nm
  fr2_hip_pitch: Position=-1.431 rad, Velocity=-0.001 rad/s, Effort=-0.014 Nm
  fr3_knee_pitch: Position=-0.227 rad, Velocity=-0.001 rad/s, Effort=-0.032 Nm
  fr4_foot: Position=0.487 rad, Velocity=-0.003 rad/s, Effort=-0.010 Nm
  bl1_hip_roll: Position=1.216 rad, Velocity=-0.001 rad/s, Effort=0.014 Nm
  bl2_hip_pitch: Position=-1.402 rad, Velocity=-0.001 rad/s, Effort=0.005 Nm
  bl3_knee_pitch: Position=-0.179 rad, Velocity=-0.001 rad/s, Effort=-0.050 Nm
  bl4_foot: Position=0.232 rad, Velocity=-0.003 rad/s, Effort=-0.005 Nm
  br1_hip_roll: Position=-1.217 rad, Velocity=-0.001 rad/s, Effort=-0.124 Nm
  br2_hip_pitch: Position=1.452 rad, Velocity=-0.001 rad/s, Effort=-0.087 Nm
  br3_knee_pitch: Position=0.234 rad, Velocity=-0.001 rad/s, Effort=-0.014 Nm
  br4_foot: Position=0.843 rad, Velocity=-0.003 rad/s, Effort=-0.005 Nm

[JOINT STATE] Joint State Data:
  fl1_hip_roll: Position=-1.079 rad, Velocity=-0.001 rad/s, Effort=-0.114 Nm
  fl2_hip_pitch: Position=1.280 rad, Velocity=-0.001 rad/s, Effort=-0.160 Nm
  fl3_knee_pitch: Position=0.010 rad, Velocity=-0.001 rad/s, Effort=-0.041 Nm
  fl4_foot: Position=0.544 rad, Velocity=-0.003 rad/s, Effort=-0.001 Nm
  fr1_hip_roll: Position=1.195 rad, Velocity=-0.001 rad/s, Effort=0.014 Nm
  fr2_hip_pitch: Position=-1.431 rad, Velocity=-0.001 rad/s, Effort=0.005 Nm
  fr3_knee_pitch: Position=-0.227 rad, Velocity=-0.001 rad/s, Effort=-0.050 Nm
  fr4_foot: Position=0.487 rad, Velocity=-0.003 rad/s, Effort=-0.007 Nm
  bl1_hip_roll: Position=1.216 rad, Velocity=-0.001 rad/s, Effort=-0.060 Nm
  bl2_hip_pitch: Position=-1.402 rad, Velocity=-0.001 rad/s, Effort=-0.133 Nm
  bl3_knee_pitch: Position=-0.179 rad, Velocity=-0.001 rad/s, Effort=-0.023 Nm
  bl4_foot: Position=0.232 rad, Velocity=-0.003 rad/s, Effort=-0.004 Nm
  br1_hip_roll: Position=-1.217 rad, Velocity=-0.001 rad/s, Effort=0.023 Nm
  br2_hip_pitch: Position=1.452 rad, Velocity=-0.001 rad/s, Effort=-0.023 Nm
  br3_knee_pitch: Position=0.234 rad, Velocity=-0.001 rad/s, Effort=0.005 Nm
  br4_foot: Position=0.843 rad, Velocity=-0.003 rad/s, Effort=0.001 Nm

[JOINT STATE] Joint State Data:
  fl1_hip_roll: Position=-1.079 rad, Velocity=-0.001 rad/s, Effort=-0.041 Nm
  fl2_hip_pitch: Position=1.280 rad, Velocity=-0.001 rad/s, Effort=-0.179 Nm
  fl3_knee_pitch: Position=0.010 rad, Velocity=-0.001 rad/s, Effort=0.005 Nm
  fl4_foot: Position=0.544 rad, Velocity=-0.003 rad/s, Effort=-0.001 Nm
  fr1_hip_roll: Position=1.195 rad, Velocity=-0.001 rad/s, Effort=-0.023 Nm
  fr2_hip_pitch: Position=-1.431 rad, Velocity=-0.001 rad/s, Effort=-0.005 Nm
  fr3_knee_pitch: Position=-0.227 rad, Velocity=-0.001 rad/s, Effort=-0.032 Nm
  fr4_foot: Position=0.487 rad, Velocity=-0.003 rad/s, Effort=-0.004 Nm
  bl1_hip_roll: Position=1.216 rad, Velocity=-0.001 rad/s, Effort=-0.023 Nm
  bl2_hip_pitch: Position=-1.402 rad, Velocity=-0.001 rad/s, Effort=-0.032 Nm
  bl3_knee_pitch: Position=-0.179 rad, Velocity=-0.001 rad/s, Effort=-0.023 Nm
  bl4_foot: Position=0.232 rad, Velocity=-0.003 rad/s, Effort=0.010 Nm
  br1_hip_roll: Position=-1.217 rad, Velocity=-0.001 rad/s, Effort=-0.087 Nm
  br2_hip_pitch: Position=1.452 rad, Velocity=-0.001 rad/s, Effort=-0.060 Nm
  br3_knee_pitch: Position=0.234 rad, Velocity=-0.001 rad/s, Effort=-0.023 Nm
  br4_foot: Position=0.843 rad, Velocity=-0.003 rad/s, Effort=-0.004 Nm

[JOINT STATE] Joint State Data:
  fl1_hip_roll: Position=-1.079 rad, Velocity=-0.001 rad/s, Effort=-0.041 Nm
  fl2_hip_pitch: Position=1.280 rad, Velocity=-0.001 rad/s, Effort=-0.160 Nm
  fl3_knee_pitch: Position=0.010 rad, Velocity=-0.001 rad/s, Effort=0.005 Nm
  fl4_foot: Position=0.544 rad, Velocity=-0.003 rad/s, Effort=-0.001 Nm
  fr1_hip_roll: Position=1.195 rad, Velocity=-0.001 rad/s, Effort=-0.041 Nm
  fr2_hip_pitch: Position=-1.431 rad, Velocity=-0.001 rad/s, Effort=-0.005 Nm
  fr3_knee_pitch: Position=-0.227 rad, Velocity=-0.001 rad/s, Effort=-0.069 Nm
  fr4_foot: Position=0.487 rad, Velocity=-0.003 rad/s, Effort=-0.011 Nm
  bl1_hip_roll: Position=1.216 rad, Velocity=-0.001 rad/s, Effort=-0.032 Nm
  bl2_hip_pitch: Position=-1.402 rad, Velocity=-0.001 rad/s, Effort=0.032 Nm
  bl3_knee_pitch: Position=-0.179 rad, Velocity=-0.001 rad/s, Effort=-0.023 Nm
  bl4_foot: Position=0.232 rad, Velocity=-0.003 rad/s, Effort=-0.005 Nm
  br1_hip_roll: Position=-1.217 rad, Velocity=-0.001 rad/s, Effort=-0.014 Nm
  br2_hip_pitch: Position=1.452 rad, Velocity=-0.001 rad/s, Effort=-0.023 Nm
  br3_knee_pitch: Position=0.234 rad, Velocity=-0.001 rad/s, Effort=0.005 Nm
  br4_foot: Position=0.843 rad, Velocity=-0.003 rad/s, Effort=-0.004 Nm

[JOINT STATE] Joint State Data:
  fl1_hip_roll: Position=-1.079 rad, Velocity=-0.001 rad/s, Effort=-0.050 Nm
  fl2_hip_pitch: Position=1.280 rad, Velocity=-0.001 rad/s, Effort=-0.160 Nm
  fl3_knee_pitch: Position=0.010 rad, Velocity=-0.001 rad/s, Effort=-0.014 Nm
  fl4_foot: Position=0.544 rad, Velocity=-0.003 rad/s, Effort=-0.018 Nm
  fr1_hip_roll: Position=1.195 rad, Velocity=-0.001 rad/s, Effort=-0.060 Nm
  fr2_hip_pitch: Position=-1.431 rad, Velocity=-0.001 rad/s, Effort=-0.005 Nm
  fr3_knee_pitch: Position=-0.227 rad, Velocity=-0.001 rad/s, Effort=-0.050 Nm
  fr4_foot: Position=0.487 rad, Velocity=-0.003 rad/s, Effort=-0.007 Nm
  bl1_hip_roll: Position=1.216 rad, Velocity=-0.001 rad/s, Effort=0.005 Nm
  bl2_hip_pitch: Position=-1.402 rad, Velocity=-0.001 rad/s, Effort=-0.060 Nm
  bl3_knee_pitch: Position=-0.179 rad, Velocity=-0.001 rad/s, Effort=-0.014 Nm
  bl4_foot: Position=0.232 rad, Velocity=-0.003 rad/s, Effort=0.005 Nm
  br1_hip_roll: Position=-1.217 rad, Velocity=-0.001 rad/s, Effort=-0.105 Nm
  br2_hip_pitch: Position=1.452 rad, Velocity=-0.001 rad/s, Effort=-0.060 Nm
  br3_knee_pitch: Position=0.234 rad, Velocity=-0.001 rad/s, Effort=-0.023 Nm
  br4_foot: Position=0.843 rad, Velocity=-0.003 rad/s, Effort=-0.001 Nm

[JOINT STATE] Joint State Data:
  fl1_hip_roll: Position=-1.079 rad, Velocity=-0.001 rad/s, Effort=0.050 Nm
  fl2_hip_pitch: Position=1.280 rad, Velocity=-0.001 rad/s, Effort=-0.160 Nm
  fl3_knee_pitch: Position=0.010 rad, Velocity=-0.001 rad/s, Effort=-0.041 Nm
  fl4_foot: Position=0.544 rad, Velocity=-0.003 rad/s, Effort=-0.007 Nm
  fr1_hip_roll: Position=1.195 rad, Velocity=-0.001 rad/s, Effort=-0.078 Nm
  fr2_hip_pitch: Position=-1.431 rad, Velocity=-0.001 rad/s, Effort=-0.032 Nm
  fr3_knee_pitch: Position=-0.227 rad, Velocity=-0.001 rad/s, Effort=-0.060 Nm
  fr4_foot: Position=0.487 rad, Velocity=-0.003 rad/s, Effort=0.002 Nm
  bl1_hip_roll: Position=1.216 rad, Velocity=-0.001 rad/s, Effort=-0.032 Nm
  bl2_hip_pitch: Position=-1.402 rad, Velocity=-0.001 rad/s, Effort=0.005 Nm
  bl3_knee_pitch: Position=-0.179 rad, Velocity=-0.001 rad/s, Effort=-0.041 Nm
  bl4_foot: Position=0.232 rad, Velocity=-0.003 rad/s, Effort=0.007 Nm
  br1_hip_roll: Position=-1.217 rad, Velocity=0.005 rad/s, Effort=-0.087 Nm
  br2_hip_pitch: Position=1.452 rad, Velocity=-0.001 rad/s, Effort=-0.023 Nm
  br3_knee_pitch: Position=0.234 rad, Velocity=-0.001 rad/s, Effort=0.014 Nm
  br4_foot: Position=0.843 rad, Velocity=-0.003 rad/s, Effort=-0.004 Nm

[JOINT STATE] Joint State Data:
  fl1_hip_roll: Position=-1.079 rad, Velocity=-0.001 rad/s, Effort=-0.050 Nm
  fl2_hip_pitch: Position=1.280 rad, Velocity=-0.001 rad/s, Effort=-0.160 Nm
  fl3_knee_pitch: Position=0.010 rad, Velocity=-0.001 rad/s, Effort=-0.014 Nm
  fl4_foot: Position=0.544 rad, Velocity=-0.003 rad/s, Effort=-0.002 Nm
  fr1_hip_roll: Position=1.195 rad, Velocity=-0.001 rad/s, Effort=-0.032 Nm
  fr2_hip_pitch: Position=-1.431 rad, Velocity=-0.001 rad/s, Effort=-0.023 Nm
  fr3_knee_pitch: Position=-0.227 rad, Velocity=-0.001 rad/s, Effort=-0.050 Nm
  fr4_foot: Position=0.487 rad, Velocity=-0.003 rad/s, Effort=0.001 Nm
  bl1_hip_roll: Position=1.216 rad, Velocity=-0.001 rad/s, Effort=0.023 Nm
  bl2_hip_pitch: Position=-1.402 rad, Velocity=-0.001 rad/s, Effort=-0.005 Nm
  bl3_knee_pitch: Position=-0.179 rad, Velocity=-0.001 rad/s, Effort=-0.014 Nm
  bl4_foot: Position=0.232 rad, Velocity=-0.003 rad/s, Effort=-0.007 Nm
  br1_hip_roll: Position=-1.217 rad, Velocity=-0.007 rad/s, Effort=-0.032 Nm
  br2_hip_pitch: Position=1.452 rad, Velocity=-0.001 rad/s, Effort=-0.041 Nm
  br3_knee_pitch: Position=0.234 rad, Velocity=-0.001 rad/s, Effort=-0.014 Nm
  br4_foot: Position=0.843 rad, Velocity=-0.003 rad/s, Effort=-0.004 Nm

[JOINT STATE] Joint State Data:
  fl1_hip_roll: Position=-1.079 rad, Velocity=-0.001 rad/s, Effort=-0.005 Nm
  fl2_hip_pitch: Position=1.280 rad, Velocity=-0.001 rad/s, Effort=-0.160 Nm
  fl3_knee_pitch: Position=0.010 rad, Velocity=-0.001 rad/s, Effort=-0.014 Nm
  fl4_foot: Position=0.544 rad, Velocity=-0.003 rad/s, Effort=0.005 Nm
  fr1_hip_roll: Position=1.195 rad, Velocity=-0.001 rad/s, Effort=0.005 Nm
  fr2_hip_pitch: Position=-1.431 rad, Velocity=-0.001 rad/s, Effort=-0.032 Nm
  fr3_knee_pitch: Position=-0.227 rad, Velocity=-0.001 rad/s, Effort=-0.041 Nm
  fr4_foot: Position=0.487 rad, Velocity=-0.003 rad/s, Effort=-0.005 Nm
  bl1_hip_roll: Position=1.216 rad, Velocity=-0.001 rad/s, Effort=-0.023 Nm
  bl2_hip_pitch: Position=-1.402 rad, Velocity=-0.001 rad/s, Effort=-0.114 Nm
  bl3_knee_pitch: Position=-0.179 rad, Velocity=-0.001 rad/s, Effort=-0.032 Nm
  bl4_foot: Position=0.232 rad, Velocity=-0.003 rad/s, Effort=-0.007 Nm
  br1_hip_roll: Position=-1.217 rad, Velocity=0.005 rad/s, Effort=-0.142 Nm
  br2_hip_pitch: Position=1.452 rad, Velocity=-0.001 rad/s, Effort=0.005 Nm
  br3_knee_pitch: Position=0.234 rad, Velocity=-0.001 rad/s, Effort=0.014 Nm
  br4_foot: Position=0.843 rad, Velocity=-0.003 rad/s, Effort=-0.004 Nm

[JOINT STATE] Joint State Data:
  fl1_hip_roll: Position=-1.079 rad, Velocity=-0.001 rad/s, Effort=0.041 Nm
  fl2_hip_pitch: Position=1.280 rad, Velocity=-0.001 rad/s, Effort=-0.160 Nm
  fl3_knee_pitch: Position=0.010 rad, Velocity=-0.001 rad/s, Effort=-0.014 Nm
  fl4_foot: Position=0.544 rad, Velocity=-0.003 rad/s, Effort=-0.013 Nm
  fr1_hip_roll: Position=1.195 rad, Velocity=-0.001 rad/s, Effort=-0.060 Nm
  fr2_hip_pitch: Position=-1.431 rad, Velocity=-0.001 rad/s, Effort=-0.023 Nm
  fr3_knee_pitch: Position=-0.227 rad, Velocity=-0.001 rad/s, Effort=-0.032 Nm
  fr4_foot: Position=0.487 rad, Velocity=-0.003 rad/s, Effort=-0.007 Nm
  bl1_hip_roll: Position=1.216 rad, Velocity=-0.001 rad/s, Effort=-0.032 Nm
  bl2_hip_pitch: Position=-1.402 rad, Velocity=-0.001 rad/s, Effort=-0.005 Nm
  bl3_knee_pitch: Position=-0.179 rad, Velocity=-0.001 rad/s, Effort=-0.032 Nm
  bl4_foot: Position=0.232 rad, Velocity=-0.003 rad/s, Effort=-0.005 Nm
  br1_hip_roll: Position=-1.217 rad, Velocity=-0.001 rad/s, Effort=-0.014 Nm
  br2_hip_pitch: Position=1.452 rad, Velocity=-0.001 rad/s, Effort=-0.069 Nm
  br3_knee_pitch: Position=0.234 rad, Velocity=-0.001 rad/s, Effort=-0.032 Nm
  br4_foot: Position=0.843 rad, Velocity=-0.003 rad/s, Effort=-0.010 Nm

[JOINT STATE] Joint State Data:
  fl1_hip_roll: Position=-1.079 rad, Velocity=-0.001 rad/s, Effort=-0.096 Nm
  fl2_hip_pitch: Position=1.280 rad, Velocity=-0.001 rad/s, Effort=-0.169 Nm
  fl3_knee_pitch: Position=0.010 rad, Velocity=-0.001 rad/s, Effort=-0.069 Nm
  fl4_foot: Position=0.544 rad, Velocity=-0.003 rad/s, Effort=-0.002 Nm
  fr1_hip_roll: Position=1.195 rad, Velocity=-0.001 rad/s, Effort=-0.041 Nm
  fr2_hip_pitch: Position=-1.431 rad, Velocity=-0.001 rad/s, Effort=0.023 Nm
  fr3_knee_pitch: Position=-0.227 rad, Velocity=-0.001 rad/s, Effort=-0.014 Nm
  fr4_foot: Position=0.487 rad, Velocity=-0.003 rad/s, Effort=-0.010 Nm
  bl1_hip_roll: Position=1.216 rad, Velocity=-0.001 rad/s, Effort=-0.014 Nm
  bl2_hip_pitch: Position=-1.402 rad, Velocity=-0.001 rad/s, Effort=0.005 Nm
  bl3_knee_pitch: Position=-0.179 rad, Velocity=-0.001 rad/s, Effort=-0.023 Nm
  bl4_foot: Position=0.232 rad, Velocity=-0.003 rad/s, Effort=-0.004 Nm
  br1_hip_roll: Position=-1.217 rad, Velocity=-0.001 rad/s, Effort=-0.078 Nm
  br2_hip_pitch: Position=1.452 rad, Velocity=-0.001 rad/s, Effort=-0.005 Nm
  br3_knee_pitch: Position=0.234 rad, Velocity=-0.001 rad/s, Effort=-0.005 Nm
  br4_foot: Position=0.843 rad, Velocity=-0.003 rad/s, Effort=-0.007 Nm

[JOINT STATE] Joint State Data:
  fl1_hip_roll: Position=-1.079 rad, Velocity=-0.001 rad/s, Effort=-0.041 Nm
  fl2_hip_pitch: Position=1.280 rad, Velocity=-0.001 rad/s, Effort=-0.160 Nm
  fl3_knee_pitch: Position=0.010 rad, Velocity=-0.001 rad/s, Effort=-0.014 Nm
  fl4_foot: Position=0.544 rad, Velocity=-0.003 rad/s, Effort=-0.007 Nm
  fr1_hip_roll: Position=1.195 rad, Velocity=-0.001 rad/s, Effort=-0.050 Nm
  fr2_hip_pitch: Position=-1.431 rad, Velocity=-0.001 rad/s, Effort=-0.005 Nm
  fr3_knee_pitch: Position=-0.227 rad, Velocity=-0.001 rad/s, Effort=-0.032 Nm
  fr4_foot: Position=0.487 rad, Velocity=-0.003 rad/s, Effort=-0.005 Nm
  bl1_hip_roll: Position=1.216 rad, Velocity=-0.001 rad/s, Effort=0.023 Nm
  bl2_hip_pitch: Position=-1.402 rad, Velocity=-0.001 rad/s, Effort=-0.023 Nm
  bl3_knee_pitch: Position=-0.179 rad, Velocity=-0.001 rad/s, Effort=-0.005 Nm
  bl4_foot: Position=0.232 rad, Velocity=-0.003 rad/s, Effort=-0.010 Nm
  br1_hip_roll: Position=-1.217 rad, Velocity=-0.001 rad/s, Effort=-0.014 Nm
  br2_hip_pitch: Position=1.452 rad, Velocity=-0.001 rad/s, Effort=-0.041 Nm
  br3_knee_pitch: Position=0.234 rad, Velocity=-0.001 rad/s, Effort=-0.050 Nm
  br4_foot: Position=0.843 rad, Velocity=-0.003 rad/s, Effort=-0.004 Nm

[JOINT STATE] Joint State Data:
  fl1_hip_roll: Position=-1.079 rad, Velocity=-0.001 rad/s, Effort=0.005 Nm
  fl2_hip_pitch: Position=1.280 rad, Velocity=-0.001 rad/s, Effort=-0.160 Nm
  fl3_knee_pitch: Position=0.010 rad, Velocity=-0.001 rad/s, Effort=-0.060 Nm
  fl4_foot: Position=0.544 rad, Velocity=-0.003 rad/s, Effort=-0.007 Nm
  fr1_hip_roll: Position=1.195 rad, Velocity=-0.001 rad/s, Effort=-0.032 Nm
  fr2_hip_pitch: Position=-1.431 rad, Velocity=-0.001 rad/s, Effort=-0.014 Nm
  fr3_knee_pitch: Position=-0.227 rad, Velocity=-0.001 rad/s, Effort=-0.050 Nm
  fr4_foot: Position=0.487 rad, Velocity=-0.003 rad/s, Effort=0.001 Nm
  bl1_hip_roll: Position=1.216 rad, Velocity=-0.001 rad/s, Effort=-0.050 Nm
  bl2_hip_pitch: Position=-1.402 rad, Velocity=-0.001 rad/s, Effort=0.023 Nm
  bl3_knee_pitch: Position=-0.179 rad, Velocity=-0.001 rad/s, Effort=-0.005 Nm
  bl4_foot: Position=0.232 rad, Velocity=-0.003 rad/s, Effort=0.002 Nm
  br1_hip_roll: Position=-1.217 rad, Velocity=-0.001 rad/s, Effort=-0.050 Nm
  br2_hip_pitch: Position=1.452 rad, Velocity=-0.001 rad/s, Effort=-0.041 Nm
  br3_knee_pitch: Position=0.234 rad, Velocity=-0.001 rad/s, Effort=-0.014 Nm
  br4_foot: Position=0.843 rad, Velocity=-0.003 rad/s, Effort=-0.013 Nm

[JOINT STATE] Joint State Data:
  fl1_hip_roll: Position=-1.079 rad, Velocity=-0.001 rad/s, Effort=-0.105 Nm
  fl2_hip_pitch: Position=1.280 rad, Velocity=-0.001 rad/s, Effort=-0.160 Nm
  fl3_knee_pitch: Position=0.010 rad, Velocity=-0.001 rad/s, Effort=0.014 Nm
  fl4_foot: Position=0.544 rad, Velocity=-0.003 rad/s, Effort=-0.005 Nm
  fr1_hip_roll: Position=1.195 rad, Velocity=-0.001 rad/s, Effort=-0.060 Nm
  fr2_hip_pitch: Position=-1.431 rad, Velocity=-0.001 rad/s, Effort=0.005 Nm
  fr3_knee_pitch: Position=-0.227 rad, Velocity=-0.001 rad/s, Effort=-0.041 Nm
  fr4_foot: Position=0.487 rad, Velocity=-0.003 rad/s, Effort=0.001 Nm
  bl1_hip_roll: Position=1.216 rad, Velocity=-0.001 rad/s, Effort=0.078 Nm
  bl2_hip_pitch: Position=-1.402 rad, Velocity=-0.001 rad/s, Effort=-0.078 Nm
  bl3_knee_pitch: Position=-0.179 rad, Velocity=-0.001 rad/s, Effort=-0.041 Nm
  bl4_foot: Position=0.232 rad, Velocity=-0.003 rad/s, Effort=-0.016 Nm
  br1_hip_roll: Position=-1.217 rad, Velocity=-0.001 rad/s, Effort=-0.050 Nm
  br2_hip_pitch: Position=1.452 rad, Velocity=-0.001 rad/s, Effort=-0.041 Nm
  br3_knee_pitch: Position=0.234 rad, Velocity=-0.001 rad/s, Effort=-0.041 Nm
  br4_foot: Position=0.843 rad, Velocity=-0.003 rad/s, Effort=0.004 Nm

[JOINT STATE] Joint State Data:
  fl1_hip_roll: Position=-1.079 rad, Velocity=-0.001 rad/s, Effort=0.032 Nm
  fl2_hip_pitch: Position=1.280 rad, Velocity=-0.001 rad/s, Effort=-0.160 Nm
  fl3_knee_pitch: Position=0.010 rad, Velocity=-0.001 rad/s, Effort=-0.023 Nm
  fl4_foot: Position=0.544 rad, Velocity=-0.003 rad/s, Effort=-0.013 Nm
  fr1_hip_roll: Position=1.195 rad, Velocity=-0.001 rad/s, Effort=-0.069 Nm
  fr2_hip_pitch: Position=-1.431 rad, Velocity=-0.001 rad/s, Effort=-0.032 Nm
  fr3_knee_pitch: Position=-0.227 rad, Velocity=-0.001 rad/s, Effort=-0.041 Nm
  fr4_foot: Position=0.487 rad, Velocity=-0.003 rad/s, Effort=-0.005 Nm
  bl1_hip_roll: Position=1.216 rad, Velocity=-0.001 rad/s, Effort=0.041 Nm
  bl2_hip_pitch: Position=-1.402 rad, Velocity=-0.001 rad/s, Effort=-0.014 Nm
  bl3_knee_pitch: Position=-0.179 rad, Velocity=-0.001 rad/s, Effort=-0.023 Nm
  bl4_foot: Position=0.232 rad, Velocity=-0.003 rad/s, Effort=-0.004 Nm
  br1_hip_roll: Position=-1.217 rad, Velocity=-0.001 rad/s, Effort=-0.014 Nm
  br2_hip_pitch: Position=1.452 rad, Velocity=-0.001 rad/s, Effort=-0.060 Nm
  br3_knee_pitch: Position=0.234 rad, Velocity=-0.001 rad/s, Effort=-0.005 Nm
  br4_foot: Position=0.843 rad, Velocity=-0.003 rad/s, Effort=-0.001 Nm

[JOINT STATE] Joint State Data:
  fl1_hip_roll: Position=-1.079 rad, Velocity=-0.001 rad/s, Effort=-0.032 Nm
  fl2_hip_pitch: Position=1.280 rad, Velocity=-0.001 rad/s, Effort=-0.160 Nm
  fl3_knee_pitch: Position=0.010 rad, Velocity=-0.001 rad/s, Effort=-0.041 Nm
  fl4_foot: Position=0.544 rad, Velocity=-0.003 rad/s, Effort=-0.007 Nm
  fr1_hip_roll: Position=1.195 rad, Velocity=-0.001 rad/s, Effort=-0.014 Nm
  fr2_hip_pitch: Position=-1.431 rad, Velocity=-0.001 rad/s, Effort=-0.032 Nm
  fr3_knee_pitch: Position=-0.227 rad, Velocity=-0.001 rad/s, Effort=-0.041 Nm
  fr4_foot: Position=0.487 rad, Velocity=-0.003 rad/s, Effort=0.002 Nm
  bl1_hip_roll: Position=1.216 rad, Velocity=-0.001 rad/s, Effort=-0.005 Nm
  bl2_hip_pitch: Position=-1.402 rad, Velocity=-0.001 rad/s, Effort=0.014 Nm
  bl3_knee_pitch: Position=-0.179 rad, Velocity=-0.001 rad/s, Effort=-0.023 Nm
  bl4_foot: Position=0.232 rad, Velocity=-0.003 rad/s, Effort=-0.005 Nm
  br1_hip_roll: Position=-1.217 rad, Velocity=-0.001 rad/s, Effort=-0.032 Nm
  br2_hip_pitch: Position=1.452 rad, Velocity=-0.001 rad/s, Effort=-0.014 Nm
  br3_knee_pitch: Position=0.234 rad, Velocity=-0.001 rad/s, Effort=-0.005 Nm
  br4_foot: Position=0.843 rad, Velocity=-0.003 rad/s, Effort=-0.008 Nm

[JOINT STATE] Joint State Data:
  fl1_hip_roll: Position=-1.079 rad, Velocity=-0.001 rad/s, Effort=0.078 Nm
  fl2_hip_pitch: Position=1.280 rad, Velocity=-0.001 rad/s, Effort=-0.160 Nm
  fl3_knee_pitch: Position=0.010 rad, Velocity=-0.001 rad/s, Effort=-0.014 Nm
  fl4_foot: Position=0.544 rad, Velocity=-0.003 rad/s, Effort=0.004 Nm
  fr1_hip_roll: Position=1.195 rad, Velocity=-0.001 rad/s, Effort=-0.041 Nm
  fr2_hip_pitch: Position=-1.431 rad, Velocity=-0.001 rad/s, Effort=-0.005 Nm
  fr3_knee_pitch: Position=-0.227 rad, Velocity=-0.001 rad/s, Effort=-0.050 Nm
  fr4_foot: Position=0.487 rad, Velocity=-0.003 rad/s, Effort=-0.002 Nm
  bl1_hip_roll: Position=1.216 rad, Velocity=-0.001 rad/s, Effort=0.060 Nm
  bl2_hip_pitch: Position=-1.402 rad, Velocity=-0.001 rad/s, Effort=-0.060 Nm
  bl3_knee_pitch: Position=-0.179 rad, Velocity=-0.001 rad/s, Effort=-0.023 Nm
  bl4_foot: Position=0.232 rad, Velocity=-0.003 rad/s, Effort=-0.002 Nm
  br1_hip_roll: Position=-1.217 rad, Velocity=-0.001 rad/s, Effort=-0.096 Nm
  br2_hip_pitch: Position=1.452 rad, Velocity=-0.001 rad/s, Effort=-0.023 Nm
  br3_knee_pitch: Position=0.234 rad, Velocity=-0.001 rad/s, Effort=0.014 Nm
  br4_foot: Position=0.843 rad, Velocity=-0.003 rad/s, Effort=-0.008 Nm

[JOINT STATE] Joint State Data:
  fl1_hip_roll: Position=-1.079 rad, Velocity=-0.001 rad/s, Effort=0.069 Nm
  fl2_hip_pitch: Position=1.280 rad, Velocity=-0.001 rad/s, Effort=-0.160 Nm
  fl3_knee_pitch: Position=0.010 rad, Velocity=-0.001 rad/s, Effort=-0.032 Nm
  fl4_foot: Position=0.544 rad, Velocity=-0.003 rad/s, Effort=-0.008 Nm
  fr1_hip_roll: Position=1.195 rad, Velocity=-0.001 rad/s, Effort=-0.041 Nm
  fr2_hip_pitch: Position=-1.431 rad, Velocity=-0.001 rad/s, Effort=-0.014 Nm
  fr3_knee_pitch: Position=-0.227 rad, Velocity=-0.001 rad/s, Effort=-0.050 Nm
  fr4_foot: Position=0.487 rad, Velocity=-0.003 rad/s, Effort=0.001 Nm
  bl1_hip_roll: Position=1.216 rad, Velocity=-0.001 rad/s, Effort=-0.005 Nm
  bl2_hip_pitch: Position=-1.402 rad, Velocity=-0.001 rad/s, Effort=0.005 Nm
  bl3_knee_pitch: Position=-0.179 rad, Velocity=-0.001 rad/s, Effort=-0.005 Nm
  bl4_foot: Position=0.232 rad, Velocity=-0.003 rad/s, Effort=-0.010 Nm
  br1_hip_roll: Position=-1.217 rad, Velocity=-0.001 rad/s, Effort=-0.060 Nm
  br2_hip_pitch: Position=1.452 rad, Velocity=-0.001 rad/s, Effort=0.023 Nm
  br3_knee_pitch: Position=0.234 rad, Velocity=-0.001 rad/s, Effort=-0.014 Nm
  br4_foot: Position=0.843 rad, Velocity=-0.003 rad/s, Effort=0.001 Nm

[JOINT STATE] Joint State Data:
  fl1_hip_roll: Position=-1.079 rad, Velocity=-0.001 rad/s, Effort=0.005 Nm
  fl2_hip_pitch: Position=1.280 rad, Velocity=-0.001 rad/s, Effort=-0.160 Nm
  fl3_knee_pitch: Position=0.010 rad, Velocity=-0.001 rad/s, Effort=-0.032 Nm
  fl4_foot: Position=0.544 rad, Velocity=-0.003 rad/s, Effort=-0.016 Nm
  fr1_hip_roll: Position=1.195 rad, Velocity=-0.001 rad/s, Effort=-0.087 Nm
  fr2_hip_pitch: Position=-1.431 rad, Velocity=-0.001 rad/s, Effort=-0.005 Nm
  fr3_knee_pitch: Position=-0.227 rad, Velocity=-0.001 rad/s, Effort=-0.050 Nm
  fr4_foot: Position=0.487 rad, Velocity=-0.003 rad/s, Effort=-0.005 Nm
  bl1_hip_roll: Position=1.216 rad, Velocity=-0.001 rad/s, Effort=0.005 Nm
  bl2_hip_pitch: Position=-1.402 rad, Velocity=-0.001 rad/s, Effort=-0.078 Nm
  bl3_knee_pitch: Position=-0.179 rad, Velocity=-0.001 rad/s, Effort=-0.014 Nm
  bl4_foot: Position=0.232 rad, Velocity=-0.003 rad/s, Effort=-0.010 Nm
  br1_hip_roll: Position=-1.217 rad, Velocity=-0.001 rad/s, Effort=-0.114 Nm
  br2_hip_pitch: Position=1.452 rad, Velocity=-0.001 rad/s, Effort=-0.041 Nm
  br3_knee_pitch: Position=0.234 rad, Velocity=-0.001 rad/s, Effort=-0.023 Nm
  br4_foot: Position=0.843 rad, Velocity=-0.003 rad/s, Effort=-0.010 Nm

[JOINT STATE] Joint State Data:
  fl1_hip_roll: Position=-1.079 rad, Velocity=-0.001 rad/s, Effort=-0.050 Nm
  fl2_hip_pitch: Position=1.280 rad, Velocity=-0.001 rad/s, Effort=-0.133 Nm
  fl3_knee_pitch: Position=0.010 rad, Velocity=-0.001 rad/s, Effort=-0.023 Nm
  fl4_foot: Position=0.544 rad, Velocity=-0.003 rad/s, Effort=0.004 Nm
  fr1_hip_roll: Position=1.195 rad, Velocity=-0.001 rad/s, Effort=-0.069 Nm
  fr2_hip_pitch: Position=-1.431 rad, Velocity=-0.001 rad/s, Effort=0.005 Nm
  fr3_knee_pitch: Position=-0.227 rad, Velocity=-0.001 rad/s, Effort=-0.014 Nm
  fr4_foot: Position=0.487 rad, Velocity=-0.003 rad/s, Effort=-0.004 Nm
  bl1_hip_roll: Position=1.216 rad, Velocity=-0.001 rad/s, Effort=-0.023 Nm
  bl2_hip_pitch: Position=-1.402 rad, Velocity=-0.001 rad/s, Effort=-0.041 Nm
  bl3_knee_pitch: Position=-0.179 rad, Velocity=-0.001 rad/s, Effort=-0.032 Nm
  bl4_foot: Position=0.232 rad, Velocity=-0.003 rad/s, Effort=-0.001 Nm
  br1_hip_roll: Position=-1.217 rad, Velocity=-0.001 rad/s, Effort=-0.014 Nm
  br2_hip_pitch: Position=1.452 rad, Velocity=-0.001 rad/s, Effort=-0.032 Nm
  br3_knee_pitch: Position=0.234 rad, Velocity=-0.001 rad/s, Effort=-0.032 Nm
  br4_foot: Position=0.843 rad, Velocity=-0.003 rad/s, Effort=-0.005 Nm

[JOINT STATE] Joint State Data:
  fl1_hip_roll: Position=-1.079 rad, Velocity=-0.001 rad/s, Effort=0.105 Nm
  fl2_hip_pitch: Position=1.280 rad, Velocity=-0.001 rad/s, Effort=-0.160 Nm
  fl3_knee_pitch: Position=0.010 rad, Velocity=-0.001 rad/s, Effort=-0.069 Nm
  fl4_foot: Position=0.544 rad, Velocity=-0.003 rad/s, Effort=-0.014 Nm
  fr1_hip_roll: Position=1.195 rad, Velocity=-0.001 rad/s, Effort=-0.041 Nm
  fr2_hip_pitch: Position=-1.431 rad, Velocity=-0.001 rad/s, Effort=0.023 Nm
  fr3_knee_pitch: Position=-0.227 rad, Velocity=-0.001 rad/s, Effort=-0.041 Nm
  fr4_foot: Position=0.487 rad, Velocity=-0.003 rad/s, Effort=0.002 Nm
  bl1_hip_roll: Position=1.216 rad, Velocity=-0.001 rad/s, Effort=0.005 Nm
  bl2_hip_pitch: Position=-1.402 rad, Velocity=-0.001 rad/s, Effort=-0.032 Nm
  bl3_knee_pitch: Position=-0.179 rad, Velocity=-0.001 rad/s, Effort=-0.005 Nm
  bl4_foot: Position=0.232 rad, Velocity=-0.003 rad/s, Effort=-0.004 Nm
  br1_hip_roll: Position=-1.217 rad, Velocity=-0.001 rad/s, Effort=-0.032 Nm
  br2_hip_pitch: Position=1.452 rad, Velocity=-0.001 rad/s, Effort=-0.032 Nm
  br3_knee_pitch: Position=0.234 rad, Velocity=-0.001 rad/s, Effort=-0.032 Nm
  br4_foot: Position=0.843 rad, Velocity=-0.003 rad/s, Effort=0.001 Nm

[JOINT STATE] Joint State Data:
  fl1_hip_roll: Position=-1.079 rad, Velocity=-0.001 rad/s, Effort=-0.014 Nm
  fl2_hip_pitch: Position=1.280 rad, Velocity=-0.001 rad/s, Effort=-0.169 Nm
  fl3_knee_pitch: Position=0.010 rad, Velocity=-0.001 rad/s, Effort=-0.032 Nm
  fl4_foot: Position=0.544 rad, Velocity=-0.003 rad/s, Effort=-0.019 Nm
  fr1_hip_roll: Position=1.195 rad, Velocity=-0.001 rad/s, Effort=-0.014 Nm
  fr2_hip_pitch: Position=-1.431 rad, Velocity=-0.001 rad/s, Effort=-0.032 Nm
  fr3_knee_pitch: Position=-0.227 rad, Velocity=-0.001 rad/s, Effort=-0.060 Nm
  fr4_foot: Position=0.487 rad, Velocity=-0.003 rad/s, Effort=-0.005 Nm
  bl1_hip_roll: Position=1.216 rad, Velocity=-0.001 rad/s, Effort=0.005 Nm
  bl2_hip_pitch: Position=-1.402 rad, Velocity=-0.001 rad/s, Effort=-0.060 Nm
  bl3_knee_pitch: Position=-0.179 rad, Velocity=-0.001 rad/s, Effort=0.005 Nm
  bl4_foot: Position=0.232 rad, Velocity=-0.003 rad/s, Effort=-0.010 Nm
  br1_hip_roll: Position=-1.217 rad, Velocity=-0.001 rad/s, Effort=0.060 Nm
  br2_hip_pitch: Position=1.452 rad, Velocity=-0.001 rad/s, Effort=-0.078 Nm
  br3_knee_pitch: Position=0.234 rad, Velocity=-0.001 rad/s, Effort=-0.005 Nm
  br4_foot: Position=0.843 rad, Velocity=-0.003 rad/s, Effort=-0.011 Nm

[JOINT STATE] Joint State Data:
  fl1_hip_roll: Position=-1.079 rad, Velocity=-0.001 rad/s, Effort=-0.041 Nm
  fl2_hip_pitch: Position=1.280 rad, Velocity=-0.001 rad/s, Effort=-0.169 Nm
  fl3_knee_pitch: Position=0.010 rad, Velocity=-0.001 rad/s, Effort=-0.069 Nm
  fl4_foot: Position=0.544 rad, Velocity=-0.003 rad/s, Effort=0.005 Nm
  fr1_hip_roll: Position=1.195 rad, Velocity=-0.001 rad/s, Effort=-0.096 Nm
  fr2_hip_pitch: Position=-1.431 rad, Velocity=-0.001 rad/s, Effort=0.005 Nm
  fr3_knee_pitch: Position=-0.227 rad, Velocity=-0.001 rad/s, Effort=-0.032 Nm
  fr4_foot: Position=0.487 rad, Velocity=-0.003 rad/s, Effort=-0.007 Nm
  bl1_hip_roll: Position=1.216 rad, Velocity=-0.001 rad/s, Effort=-0.023 Nm
  bl2_hip_pitch: Position=-1.402 rad, Velocity=-0.001 rad/s, Effort=-0.078 Nm
  bl3_knee_pitch: Position=-0.179 rad, Velocity=-0.001 rad/s, Effort=-0.023 Nm
  bl4_foot: Position=0.232 rad, Velocity=-0.003 rad/s, Effort=-0.002 Nm
  br1_hip_roll: Position=-1.217 rad, Velocity=-0.001 rad/s, Effort=0.005 Nm
  br2_hip_pitch: Position=1.452 rad, Velocity=-0.001 rad/s, Effort=-0.087 Nm
  br3_knee_pitch: Position=0.234 rad, Velocity=-0.001 rad/s, Effort=-0.032 Nm
  br4_foot: Position=0.843 rad, Velocity=-0.003 rad/s, Effort=-0.002 Nm

[JOINT STATE] Joint State Data:
  fl1_hip_roll: Position=-1.079 rad, Velocity=-0.001 rad/s, Effort=0.005 Nm
  fl2_hip_pitch: Position=1.280 rad, Velocity=-0.001 rad/s, Effort=-0.160 Nm
  fl3_knee_pitch: Position=0.010 rad, Velocity=-0.001 rad/s, Effort=-0.060 Nm
  fl4_foot: Position=0.544 rad, Velocity=-0.003 rad/s, Effort=-0.001 Nm
  fr1_hip_roll: Position=1.195 rad, Velocity=-0.001 rad/s, Effort=-0.023 Nm
  fr2_hip_pitch: Position=-1.431 rad, Velocity=-0.001 rad/s, Effort=0.041 Nm
  fr3_knee_pitch: Position=-0.227 rad, Velocity=-0.001 rad/s, Effort=-0.014 Nm
  fr4_foot: Position=0.487 rad, Velocity=-0.003 rad/s, Effort=-0.004 Nm
  bl1_hip_roll: Position=1.216 rad, Velocity=-0.001 rad/s, Effort=-0.014 Nm
  bl2_hip_pitch: Position=-1.402 rad, Velocity=-0.001 rad/s, Effort=-0.050 Nm
  bl3_knee_pitch: Position=-0.179 rad, Velocity=-0.001 rad/s, Effort=-0.023 Nm
  bl4_foot: Position=0.232 rad, Velocity=-0.003 rad/s, Effort=0.005 Nm
  br1_hip_roll: Position=-1.217 rad, Velocity=-0.001 rad/s, Effort=-0.050 Nm
  br2_hip_pitch: Position=1.452 rad, Velocity=-0.001 rad/s, Effort=-0.041 Nm
  br3_knee_pitch: Position=0.234 rad, Velocity=-0.001 rad/s, Effort=0.014 Nm
  br4_foot: Position=0.843 rad, Velocity=-0.003 rad/s, Effort=-0.001 Nm

[JOINT STATE] Joint State Data:
  fl1_hip_roll: Position=-1.079 rad, Velocity=-0.001 rad/s, Effort=-0.032 Nm
  fl2_hip_pitch: Position=1.280 rad, Velocity=-0.001 rad/s, Effort=-0.160 Nm
  fl3_knee_pitch: Position=0.010 rad, Velocity=-0.001 rad/s, Effort=-0.060 Nm
  fl4_foot: Position=0.544 rad, Velocity=-0.003 rad/s, Effort=0.001 Nm
  fr1_hip_roll: Position=1.195 rad, Velocity=-0.001 rad/s, Effort=-0.032 Nm
  fr2_hip_pitch: Position=-1.431 rad, Velocity=-0.001 rad/s, Effort=-0.032 Nm
  fr3_knee_pitch: Position=-0.227 rad, Velocity=-0.001 rad/s, Effort=-0.041 Nm
  fr4_foot: Position=0.487 rad, Velocity=-0.003 rad/s, Effort=-0.011 Nm
  bl1_hip_roll: Position=1.216 rad, Velocity=-0.001 rad/s, Effort=0.023 Nm
  bl2_hip_pitch: Position=-1.402 rad, Velocity=-0.001 rad/s, Effort=-0.041 Nm
  bl3_knee_pitch: Position=-0.179 rad, Velocity=-0.001 rad/s, Effort=-0.023 Nm
  bl4_foot: Position=0.232 rad, Velocity=-0.003 rad/s, Effort=0.005 Nm
  br1_hip_roll: Position=-1.217 rad, Velocity=-0.001 rad/s, Effort=0.078 Nm
  br2_hip_pitch: Position=1.452 rad, Velocity=-0.001 rad/s, Effort=-0.060 Nm
  br3_knee_pitch: Position=0.234 rad, Velocity=-0.001 rad/s, Effort=0.032 Nm
  br4_foot: Position=0.843 rad, Velocity=-0.003 rad/s, Effort=-0.004 Nm

[JOINT STATE] Joint State Data:
  fl1_hip_roll: Position=-1.079 rad, Velocity=-0.001 rad/s, Effort=-0.050 Nm
  fl2_hip_pitch: Position=1.280 rad, Velocity=-0.001 rad/s, Effort=-0.169 Nm
  fl3_knee_pitch: Position=0.010 rad, Velocity=-0.001 rad/s, Effort=-0.050 Nm
  fl4_foot: Position=0.544 rad, Velocity=-0.003 rad/s, Effort=0.004 Nm
  fr1_hip_roll: Position=1.195 rad, Velocity=-0.001 rad/s, Effort=-0.041 Nm
  fr2_hip_pitch: Position=-1.431 rad, Velocity=-0.001 rad/s, Effort=-0.032 Nm
  fr3_knee_pitch: Position=-0.227 rad, Velocity=-0.001 rad/s, Effort=-0.041 Nm
  fr4_foot: Position=0.487 rad, Velocity=-0.003 rad/s, Effort=-0.004 Nm
  bl1_hip_roll: Position=1.216 rad, Velocity=-0.001 rad/s, Effort=-0.023 Nm
  bl2_hip_pitch: Position=-1.402 rad, Velocity=-0.001 rad/s, Effort=-0.096 Nm
  bl3_knee_pitch: Position=-0.179 rad, Velocity=-0.001 rad/s, Effort=-0.014 Nm
  bl4_foot: Position=0.232 rad, Velocity=-0.003 rad/s, Effort=0.002 Nm
  br1_hip_roll: Position=-1.217 rad, Velocity=-0.001 rad/s, Effort=-0.142 Nm
  br2_hip_pitch: Position=1.452 rad, Velocity=-0.001 rad/s, Effort=-0.014 Nm
  br3_knee_pitch: Position=0.234 rad, Velocity=-0.001 rad/s, Effort=0.060 Nm
  br4_foot: Position=0.843 rad, Velocity=-0.003 rad/s, Effort=-0.008 Nm

[JOINT STATE] Joint State Data:
  fl1_hip_roll: Position=-1.079 rad, Velocity=-0.001 rad/s, Effort=-0.087 Nm
  fl2_hip_pitch: Position=1.280 rad, Velocity=-0.001 rad/s, Effort=-0.169 Nm
  fl3_knee_pitch: Position=0.010 rad, Velocity=-0.001 rad/s, Effort=-0.041 Nm
  fl4_foot: Position=0.544 rad, Velocity=-0.003 rad/s, Effort=-0.008 Nm
  fr1_hip_roll: Position=1.195 rad, Velocity=-0.001 rad/s, Effort=-0.096 Nm
  fr2_hip_pitch: Position=-1.431 rad, Velocity=-0.001 rad/s, Effort=-0.014 Nm
  fr3_knee_pitch: Position=-0.227 rad, Velocity=-0.001 rad/s, Effort=-0.014 Nm
  fr4_foot: Position=0.487 rad, Velocity=-0.003 rad/s, Effort=-0.008 Nm
  bl1_hip_roll: Position=1.216 rad, Velocity=-0.001 rad/s, Effort=-0.005 Nm
  bl2_hip_pitch: Position=-1.402 rad, Velocity=-0.001 rad/s, Effort=-0.023 Nm
  bl3_knee_pitch: Position=-0.179 rad, Velocity=-0.001 rad/s, Effort=-0.032 Nm
  bl4_foot: Position=0.232 rad, Velocity=-0.003 rad/s, Effort=0.008 Nm
  br1_hip_roll: Position=-1.217 rad, Velocity=-0.001 rad/s, Effort=-0.105 Nm
  br2_hip_pitch: Position=1.452 rad, Velocity=-0.001 rad/s, Effort=-0.050 Nm
  br3_knee_pitch: Position=0.234 rad, Velocity=-0.001 rad/s, Effort=-0.023 Nm
  br4_foot: Position=0.843 rad, Velocity=-0.003 rad/s, Effort=0.001 Nm

[JOINT STATE] Joint State Data:
  fl1_hip_roll: Position=-1.079 rad, Velocity=-0.001 rad/s, Effort=0.050 Nm
  fl2_hip_pitch: Position=1.280 rad, Velocity=-0.001 rad/s, Effort=-0.169 Nm
  fl3_knee_pitch: Position=0.010 rad, Velocity=-0.001 rad/s, Effort=-0.032 Nm
  fl4_foot: Position=0.544 rad, Velocity=-0.003 rad/s, Effort=-0.013 Nm
  fr1_hip_roll: Position=1.195 rad, Velocity=-0.001 rad/s, Effort=-0.023 Nm
  fr2_hip_pitch: Position=-1.431 rad, Velocity=-0.001 rad/s, Effort=-0.069 Nm
  fr3_knee_pitch: Position=-0.227 rad, Velocity=-0.001 rad/s, Effort=-0.050 Nm
  fr4_foot: Position=0.487 rad, Velocity=-0.003 rad/s, Effort=0.001 Nm
  bl1_hip_roll: Position=1.216 rad, Velocity=-0.001 rad/s, Effort=-0.032 Nm
  bl2_hip_pitch: Position=-1.402 rad, Velocity=-0.001 rad/s, Effort=-0.032 Nm
  bl3_knee_pitch: Position=-0.179 rad, Velocity=-0.001 rad/s, Effort=-0.041 Nm
  bl4_foot: Position=0.232 rad, Velocity=-0.003 rad/s, Effort=-0.002 Nm
  br1_hip_roll: Position=-1.217 rad, Velocity=-0.001 rad/s, Effort=-0.114 Nm
  br2_hip_pitch: Position=1.452 rad, Velocity=-0.001 rad/s, Effort=-0.060 Nm
  br3_knee_pitch: Position=0.234 rad, Velocity=-0.001 rad/s, Effort=-0.014 Nm
  br4_foot: Position=0.843 rad, Velocity=-0.003 rad/s, Effort=-0.002 Nm

[JOINT STATE] Joint State Data:
  fl1_hip_roll: Position=-1.079 rad, Velocity=-0.001 rad/s, Effort=-0.041 Nm
  fl2_hip_pitch: Position=1.280 rad, Velocity=-0.001 rad/s, Effort=-0.160 Nm
  fl3_knee_pitch: Position=0.010 rad, Velocity=-0.001 rad/s, Effort=-0.023 Nm
  fl4_foot: Position=0.544 rad, Velocity=-0.003 rad/s, Effort=-0.002 Nm
  fr1_hip_roll: Position=1.195 rad, Velocity=-0.001 rad/s, Effort=-0.069 Nm
  fr2_hip_pitch: Position=-1.431 rad, Velocity=-0.001 rad/s, Effort=0.005 Nm
  fr3_knee_pitch: Position=-0.227 rad, Velocity=-0.001 rad/s, Effort=-0.041 Nm
  fr4_foot: Position=0.487 rad, Velocity=-0.003 rad/s, Effort=-0.002 Nm
  bl1_hip_roll: Position=1.216 rad, Velocity=-0.001 rad/s, Effort=-0.014 Nm
  bl2_hip_pitch: Position=-1.402 rad, Velocity=-0.001 rad/s, Effort=-0.041 Nm
  bl3_knee_pitch: Position=-0.179 rad, Velocity=-0.001 rad/s, Effort=-0.041 Nm
  bl4_foot: Position=0.232 rad, Velocity=-0.003 rad/s, Effort=-0.014 Nm
  br1_hip_roll: Position=-1.217 rad, Velocity=-0.001 rad/s, Effort=-0.032 Nm
  br2_hip_pitch: Position=1.452 rad, Velocity=-0.001 rad/s, Effort=-0.060 Nm
  br3_knee_pitch: Position=0.234 rad, Velocity=-0.001 rad/s, Effort=-0.005 Nm
  br4_foot: Position=0.843 rad, Velocity=-0.003 rad/s, Effort=-0.008 Nm

[JOINT STATE] Joint State Data:
  fl1_hip_roll: Position=-1.079 rad, Velocity=-0.001 rad/s, Effort=-0.032 Nm
  fl2_hip_pitch: Position=1.280 rad, Velocity=-0.001 rad/s, Effort=-0.160 Nm
  fl3_knee_pitch: Position=0.010 rad, Velocity=-0.001 rad/s, Effort=-0.060 Nm
  fl4_foot: Position=0.544 rad, Velocity=-0.003 rad/s, Effort=-0.004 Nm
  fr1_hip_roll: Position=1.195 rad, Velocity=-0.001 rad/s, Effort=-0.105 Nm
  fr2_hip_pitch: Position=-1.431 rad, Velocity=-0.001 rad/s, Effort=-0.023 Nm
  fr3_knee_pitch: Position=-0.227 rad, Velocity=-0.001 rad/s, Effort=-0.023 Nm
  fr4_foot: Position=0.487 rad, Velocity=-0.003 rad/s, Effort=-0.011 Nm
  bl1_hip_roll: Position=1.216 rad, Velocity=-0.001 rad/s, Effort=0.005 Nm
  bl2_hip_pitch: Position=-1.402 rad, Velocity=-0.001 rad/s, Effort=-0.105 Nm
  bl3_knee_pitch: Position=-0.179 rad, Velocity=-0.001 rad/s, Effort=-0.014 Nm
  bl4_foot: Position=0.232 rad, Velocity=-0.003 rad/s, Effort=-0.005 Nm
  br1_hip_roll: Position=-1.217 rad, Velocity=-0.001 rad/s, Effort=-0.096 Nm
  br2_hip_pitch: Position=1.452 rad, Velocity=-0.001 rad/s, Effort=-0.060 Nm
  br3_knee_pitch: Position=0.234 rad, Velocity=-0.001 rad/s, Effort=-0.014 Nm
  br4_foot: Position=0.843 rad, Velocity=-0.003 rad/s, Effort=0.001 Nm

[JOINT STATE] Joint State Data:
  fl1_hip_roll: Position=-1.079 rad, Velocity=-0.001 rad/s, Effort=-0.023 Nm
  fl2_hip_pitch: Position=1.280 rad, Velocity=-0.001 rad/s, Effort=-0.160 Nm
  fl3_knee_pitch: Position=0.010 rad, Velocity=-0.001 rad/s, Effort=-0.069 Nm
  fl4_foot: Position=0.544 rad, Velocity=-0.003 rad/s, Effort=-0.008 Nm
  fr1_hip_roll: Position=1.195 rad, Velocity=-0.001 rad/s, Effort=-0.014 Nm
  fr2_hip_pitch: Position=-1.431 rad, Velocity=-0.001 rad/s, Effort=-0.005 Nm
  fr3_knee_pitch: Position=-0.227 rad, Velocity=-0.001 rad/s, Effort=-0.023 Nm
  fr4_foot: Position=0.487 rad, Velocity=-0.003 rad/s, Effort=0.002 Nm
  bl1_hip_roll: Position=1.216 rad, Velocity=-0.001 rad/s, Effort=-0.078 Nm
  bl2_hip_pitch: Position=-1.402 rad, Velocity=-0.001 rad/s, Effort=-0.078 Nm
  bl3_knee_pitch: Position=-0.179 rad, Velocity=-0.001 rad/s, Effort=-0.014 Nm
  bl4_foot: Position=0.232 rad, Velocity=-0.003 rad/s, Effort=-0.005 Nm
  br1_hip_roll: Position=-1.217 rad, Velocity=-0.001 rad/s, Effort=-0.078 Nm
  br2_hip_pitch: Position=1.452 rad, Velocity=-0.001 rad/s, Effort=-0.023 Nm
  br3_knee_pitch: Position=0.234 rad, Velocity=-0.001 rad/s, Effort=-0.014 Nm
  br4_foot: Position=0.843 rad, Velocity=-0.003 rad/s, Effort=-0.005 Nm

[JOINT STATE] Joint State Data:
  fl1_hip_roll: Position=-1.079 rad, Velocity=-0.001 rad/s, Effort=-0.041 Nm
  fl2_hip_pitch: Position=1.280 rad, Velocity=-0.001 rad/s, Effort=-0.169 Nm
  fl3_knee_pitch: Position=0.010 rad, Velocity=-0.001 rad/s, Effort=-0.005 Nm
  fl4_foot: Position=0.544 rad, Velocity=-0.003 rad/s, Effort=0.007 Nm
  fr1_hip_roll: Position=1.195 rad, Velocity=-0.001 rad/s, Effort=-0.032 Nm
  fr2_hip_pitch: Position=-1.431 rad, Velocity=-0.001 rad/s, Effort=0.005 Nm
  fr3_knee_pitch: Position=-0.227 rad, Velocity=-0.001 rad/s, Effort=-0.023 Nm
  fr4_foot: Position=0.487 rad, Velocity=-0.003 rad/s, Effort=-0.010 Nm
  bl1_hip_roll: Position=1.216 rad, Velocity=-0.001 rad/s, Effort=-0.005 Nm
  bl2_hip_pitch: Position=-1.402 rad, Velocity=-0.001 rad/s, Effort=-0.096 Nm
  bl3_knee_pitch: Position=-0.179 rad, Velocity=-0.001 rad/s, Effort=-0.032 Nm
  bl4_foot: Position=0.232 rad, Velocity=-0.003 rad/s, Effort=-0.002 Nm
  br1_hip_roll: Position=-1.217 rad, Velocity=-0.001 rad/s, Effort=-0.023 Nm
  br2_hip_pitch: Position=1.452 rad, Velocity=-0.001 rad/s, Effort=-0.069 Nm
  br3_knee_pitch: Position=0.234 rad, Velocity=-0.001 rad/s, Effort=-0.014 Nm
  br4_foot: Position=0.843 rad, Velocity=-0.003 rad/s, Effort=-0.019 Nm

[JOINT STATE] Joint State Data:
  fl1_hip_roll: Position=-1.079 rad, Velocity=-0.001 rad/s, Effort=-0.087 Nm
  fl2_hip_pitch: Position=1.280 rad, Velocity=-0.001 rad/s, Effort=-0.160 Nm
  fl3_knee_pitch: Position=0.010 rad, Velocity=-0.001 rad/s, Effort=-0.023 Nm
  fl4_foot: Position=0.544 rad, Velocity=-0.003 rad/s, Effort=-0.010 Nm
  fr1_hip_roll: Position=1.195 rad, Velocity=-0.001 rad/s, Effort=-0.023 Nm
  fr2_hip_pitch: Position=-1.431 rad, Velocity=-0.001 rad/s, Effort=-0.005 Nm
  fr3_knee_pitch: Position=-0.227 rad, Velocity=-0.001 rad/s, Effort=-0.060 Nm
  fr4_foot: Position=0.487 rad, Velocity=-0.003 rad/s, Effort=-0.010 Nm
  bl1_hip_roll: Position=1.216 rad, Velocity=-0.001 rad/s, Effort=-0.041 Nm
  bl2_hip_pitch: Position=-1.402 rad, Velocity=-0.001 rad/s, Effort=-0.032 Nm
  bl3_knee_pitch: Position=-0.179 rad, Velocity=-0.001 rad/s, Effort=-0.050 Nm
  bl4_foot: Position=0.232 rad, Velocity=-0.003 rad/s, Effort=0.008 Nm
  br1_hip_roll: Position=-1.217 rad, Velocity=-0.001 rad/s, Effort=0.023 Nm
  br2_hip_pitch: Position=1.452 rad, Velocity=-0.001 rad/s, Effort=-0.069 Nm
  br3_knee_pitch: Position=0.234 rad, Velocity=-0.001 rad/s, Effort=0.069 Nm
  br4_foot: Position=0.843 rad, Velocity=-0.003 rad/s, Effort=0.002 Nm

[JOINT STATE] Joint State Data:
  fl1_hip_roll: Position=-1.079 rad, Velocity=-0.001 rad/s, Effort=-0.023 Nm
  fl2_hip_pitch: Position=1.280 rad, Velocity=-0.001 rad/s, Effort=-0.151 Nm
  fl3_knee_pitch: Position=0.010 rad, Velocity=-0.001 rad/s, Effort=-0.014 Nm
  fl4_foot: Position=0.544 rad, Velocity=-0.003 rad/s, Effort=0.001 Nm
  fr1_hip_roll: Position=1.195 rad, Velocity=-0.001 rad/s, Effort=-0.078 Nm
  fr2_hip_pitch: Position=-1.431 rad, Velocity=-0.001 rad/s, Effort=-0.023 Nm
  fr3_knee_pitch: Position=-0.227 rad, Velocity=-0.001 rad/s, Effort=-0.041 Nm
  fr4_foot: Position=0.487 rad, Velocity=-0.003 rad/s, Effort=-0.008 Nm
  bl1_hip_roll: Position=1.216 rad, Velocity=-0.001 rad/s, Effort=0.023 Nm
  bl2_hip_pitch: Position=-1.402 rad, Velocity=-0.001 rad/s, Effort=-0.032 Nm
  bl3_knee_pitch: Position=-0.179 rad, Velocity=-0.001 rad/s, Effort=-0.014 Nm
  bl4_foot: Position=0.232 rad, Velocity=-0.003 rad/s, Effort=-0.004 Nm
  br1_hip_roll: Position=-1.217 rad, Velocity=-0.001 rad/s, Effort=-0.041 Nm
  br2_hip_pitch: Position=1.452 rad, Velocity=-0.001 rad/s, Effort=-0.032 Nm
  br3_knee_pitch: Position=0.234 rad, Velocity=-0.001 rad/s, Effort=-0.050 Nm
  br4_foot: Position=0.843 rad, Velocity=-0.003 rad/s, Effort=-0.008 Nm

[JOINT STATE] Joint State Data:
  fl1_hip_roll: Position=-1.079 rad, Velocity=-0.001 rad/s, Effort=0.032 Nm
  fl2_hip_pitch: Position=1.280 rad, Velocity=-0.001 rad/s, Effort=-0.160 Nm
  fl3_knee_pitch: Position=0.010 rad, Velocity=-0.001 rad/s, Effort=-0.014 Nm
  fl4_foot: Position=0.544 rad, Velocity=-0.003 rad/s, Effort=0.004 Nm
  fr1_hip_roll: Position=1.195 rad, Velocity=-0.001 rad/s, Effort=-0.041 Nm
  fr2_hip_pitch: Position=-1.431 rad, Velocity=-0.001 rad/s, Effort=-0.005 Nm
  fr3_knee_pitch: Position=-0.227 rad, Velocity=-0.001 rad/s, Effort=-0.023 Nm
  fr4_foot: Position=0.487 rad, Velocity=-0.003 rad/s, Effort=-0.005 Nm
  bl1_hip_roll: Position=1.216 rad, Velocity=-0.001 rad/s, Effort=-0.005 Nm
  bl2_hip_pitch: Position=-1.402 rad, Velocity=-0.001 rad/s, Effort=0.023 Nm
  bl3_knee_pitch: Position=-0.179 rad, Velocity=-0.001 rad/s, Effort=-0.032 Nm
  bl4_foot: Position=0.232 rad, Velocity=-0.003 rad/s, Effort=-0.010 Nm
  br1_hip_roll: Position=-1.217 rad, Velocity=-0.001 rad/s, Effort=-0.032 Nm
  br2_hip_pitch: Position=1.452 rad, Velocity=-0.001 rad/s, Effort=-0.069 Nm
  br3_knee_pitch: Position=0.234 rad, Velocity=-0.001 rad/s, Effort=-0.023 Nm
  br4_foot: Position=0.843 rad, Velocity=-0.003 rad/s, Effort=-0.007 Nm

[JOINT STATE] Joint State Data:
  fl1_hip_roll: Position=-1.079 rad, Velocity=-0.001 rad/s, Effort=0.069 Nm
  fl2_hip_pitch: Position=1.280 rad, Velocity=-0.001 rad/s, Effort=-0.160 Nm
  fl3_knee_pitch: Position=0.010 rad, Velocity=-0.001 rad/s, Effort=-0.005 Nm
  fl4_foot: Position=0.544 rad, Velocity=-0.003 rad/s, Effort=-0.005 Nm
  fr1_hip_roll: Position=1.195 rad, Velocity=-0.001 rad/s, Effort=-0.105 Nm
  fr2_hip_pitch: Position=-1.431 rad, Velocity=-0.001 rad/s, Effort=0.005 Nm
  fr3_knee_pitch: Position=-0.227 rad, Velocity=-0.001 rad/s, Effort=-0.041 Nm
  fr4_foot: Position=0.487 rad, Velocity=-0.003 rad/s, Effort=-0.008 Nm
  bl1_hip_roll: Position=1.216 rad, Velocity=-0.001 rad/s, Effort=0.005 Nm
  bl2_hip_pitch: Position=-1.402 rad, Velocity=-0.001 rad/s, Effort=-0.060 Nm
  bl3_knee_pitch: Position=-0.179 rad, Velocity=-0.001 rad/s, Effort=-0.032 Nm
  bl4_foot: Position=0.232 rad, Velocity=-0.003 rad/s, Effort=0.008 Nm
  br1_hip_roll: Position=-1.217 rad, Velocity=-0.001 rad/s, Effort=-0.160 Nm
  br2_hip_pitch: Position=1.452 rad, Velocity=-0.001 rad/s, Effort=-0.078 Nm
  br3_knee_pitch: Position=0.234 rad, Velocity=-0.001 rad/s, Effort=-0.005 Nm
  br4_foot: Position=0.843 rad, Velocity=-0.003 rad/s, Effort=-0.007 Nm

[JOINT STATE] Joint State Data:
  fl1_hip_roll: Position=-1.079 rad, Velocity=-0.001 rad/s, Effort=-0.050 Nm
  fl2_hip_pitch: Position=1.280 rad, Velocity=-0.001 rad/s, Effort=-0.169 Nm
  fl3_knee_pitch: Position=0.010 rad, Velocity=-0.001 rad/s, Effort=-0.050 Nm
  fl4_foot: Position=0.544 rad, Velocity=-0.003 rad/s, Effort=-0.013 Nm
  fr1_hip_roll: Position=1.195 rad, Velocity=-0.001 rad/s, Effort=-0.032 Nm
  fr2_hip_pitch: Position=-1.431 rad, Velocity=-0.001 rad/s, Effort=-0.069 Nm
  fr3_knee_pitch: Position=-0.227 rad, Velocity=-0.001 rad/s, Effort=-0.014 Nm
  fr4_foot: Position=0.487 rad, Velocity=-0.003 rad/s, Effort=-0.004 Nm
  bl1_hip_roll: Position=1.216 rad, Velocity=-0.001 rad/s, Effort=-0.041 Nm
  bl2_hip_pitch: Position=-1.402 rad, Velocity=-0.001 rad/s, Effort=0.023 Nm
  bl3_knee_pitch: Position=-0.179 rad, Velocity=-0.001 rad/s, Effort=-0.032 Nm
  bl4_foot: Position=0.232 rad, Velocity=-0.003 rad/s, Effort=-0.002 Nm
  br1_hip_roll: Position=-1.217 rad, Velocity=-0.001 rad/s, Effort=-0.105 Nm
  br2_hip_pitch: Position=1.452 rad, Velocity=-0.001 rad/s, Effort=-0.078 Nm
  br3_knee_pitch: Position=0.234 rad, Velocity=-0.001 rad/s, Effort=0.005 Nm
  br4_foot: Position=0.843 rad, Velocity=-0.003 rad/s, Effort=-0.007 Nm

[JOINT STATE] Joint State Data:
  fl1_hip_roll: Position=-1.079 rad, Velocity=-0.001 rad/s, Effort=-0.050 Nm
  fl2_hip_pitch: Position=1.280 rad, Velocity=-0.001 rad/s, Effort=-0.169 Nm
  fl3_knee_pitch: Position=0.010 rad, Velocity=-0.001 rad/s, Effort=-0.069 Nm
  fl4_foot: Position=0.544 rad, Velocity=-0.003 rad/s, Effort=-0.011 Nm
  fr1_hip_roll: Position=1.195 rad, Velocity=-0.001 rad/s, Effort=-0.069 Nm
  fr2_hip_pitch: Position=-1.431 rad, Velocity=-0.001 rad/s, Effort=-0.050 Nm
  fr3_knee_pitch: Position=-0.227 rad, Velocity=-0.001 rad/s, Effort=-0.032 Nm
  fr4_foot: Position=0.487 rad, Velocity=-0.003 rad/s, Effort=-0.002 Nm
  bl1_hip_roll: Position=1.216 rad, Velocity=-0.001 rad/s, Effort=-0.060 Nm
  bl2_hip_pitch: Position=-1.402 rad, Velocity=-0.001 rad/s, Effort=0.023 Nm
  bl3_knee_pitch: Position=-0.179 rad, Velocity=-0.001 rad/s, Effort=-0.014 Nm
  bl4_foot: Position=0.232 rad, Velocity=-0.003 rad/s, Effort=-0.004 Nm
  br1_hip_roll: Position=-1.217 rad, Velocity=-0.001 rad/s, Effort=-0.050 Nm
  br2_hip_pitch: Position=1.452 rad, Velocity=-0.001 rad/s, Effort=-0.005 Nm
  br3_knee_pitch: Position=0.234 rad, Velocity=-0.001 rad/s, Effort=-0.023 Nm
  br4_foot: Position=0.843 rad, Velocity=-0.003 rad/s, Effort=-0.005 Nm

[JOINT STATE] Joint State Data:
  fl1_hip_roll: Position=-1.079 rad, Velocity=-0.001 rad/s, Effort=-0.069 Nm
  fl2_hip_pitch: Position=1.280 rad, Velocity=-0.001 rad/s, Effort=-0.169 Nm
  fl3_knee_pitch: Position=0.010 rad, Velocity=-0.001 rad/s, Effort=-0.014 Nm
  fl4_foot: Position=0.544 rad, Velocity=-0.003 rad/s, Effort=-0.002 Nm
  fr1_hip_roll: Position=1.195 rad, Velocity=-0.001 rad/s, Effort=-0.078 Nm
  fr2_hip_pitch: Position=-1.431 rad, Velocity=-0.001 rad/s, Effort=-0.014 Nm
  fr3_knee_pitch: Position=-0.227 rad, Velocity=-0.001 rad/s, Effort=-0.014 Nm
  fr4_foot: Position=0.487 rad, Velocity=-0.003 rad/s, Effort=-0.001 Nm
  bl1_hip_roll: Position=1.216 rad, Velocity=-0.001 rad/s, Effort=0.005 Nm
  bl2_hip_pitch: Position=-1.402 rad, Velocity=-0.001 rad/s, Effort=-0.041 Nm
  bl3_knee_pitch: Position=-0.179 rad, Velocity=-0.001 rad/s, Effort=-0.014 Nm
  bl4_foot: Position=0.232 rad, Velocity=-0.003 rad/s, Effort=-0.014 Nm
  br1_hip_roll: Position=-1.217 rad, Velocity=-0.001 rad/s, Effort=-0.060 Nm
  br2_hip_pitch: Position=1.452 rad, Velocity=-0.001 rad/s, Effort=0.005 Nm
  br3_knee_pitch: Position=0.234 rad, Velocity=-0.001 rad/s, Effort=-0.023 Nm
  br4_foot: Position=0.843 rad, Velocity=-0.003 rad/s, Effort=-0.008 Nm

[JOINT STATE] Joint State Data:
  fl1_hip_roll: Position=-1.079 rad, Velocity=-0.001 rad/s, Effort=0.023 Nm
  fl2_hip_pitch: Position=1.280 rad, Velocity=-0.001 rad/s, Effort=-0.169 Nm
  fl3_knee_pitch: Position=0.010 rad, Velocity=-0.001 rad/s, Effort=-0.041 Nm
  fl4_foot: Position=0.544 rad, Velocity=-0.003 rad/s, Effort=-0.007 Nm
  fr1_hip_roll: Position=1.195 rad, Velocity=-0.001 rad/s, Effort=-0.078 Nm
  fr2_hip_pitch: Position=-1.431 rad, Velocity=-0.001 rad/s, Effort=-0.050 Nm
  fr3_knee_pitch: Position=-0.227 rad, Velocity=-0.001 rad/s, Effort=-0.032 Nm
  fr4_foot: Position=0.487 rad, Velocity=-0.003 rad/s, Effort=0.005 Nm
  bl1_hip_roll: Position=1.216 rad, Velocity=-0.001 rad/s, Effort=-0.023 Nm
  bl2_hip_pitch: Position=-1.402 rad, Velocity=-0.001 rad/s, Effort=-0.032 Nm
  bl3_knee_pitch: Position=-0.179 rad, Velocity=-0.001 rad/s, Effort=-0.014 Nm
  bl4_foot: Position=0.232 rad, Velocity=-0.003 rad/s, Effort=-0.005 Nm
  br1_hip_roll: Position=-1.217 rad, Velocity=-0.001 rad/s, Effort=-0.014 Nm
  br2_hip_pitch: Position=1.452 rad, Velocity=-0.001 rad/s, Effort=-0.041 Nm
  br3_knee_pitch: Position=0.234 rad, Velocity=-0.001 rad/s, Effort=-0.023 Nm
  br4_foot: Position=0.843 rad, Velocity=-0.003 rad/s, Effort=-0.002 Nm

[JOINT STATE] Joint State Data:
  fl1_hip_roll: Position=-1.079 rad, Velocity=-0.001 rad/s, Effort=-0.023 Nm
  fl2_hip_pitch: Position=1.280 rad, Velocity=-0.001 rad/s, Effort=-0.160 Nm
  fl3_knee_pitch: Position=0.010 rad, Velocity=-0.001 rad/s, Effort=-0.050 Nm
  fl4_foot: Position=0.544 rad, Velocity=-0.003 rad/s, Effort=0.002 Nm
  fr1_hip_roll: Position=1.195 rad, Velocity=-0.001 rad/s, Effort=-0.087 Nm
  fr2_hip_pitch: Position=-1.431 rad, Velocity=-0.001 rad/s, Effort=-0.023 Nm
  fr3_knee_pitch: Position=-0.227 rad, Velocity=-0.001 rad/s, Effort=-0.032 Nm
  fr4_foot: Position=0.487 rad, Velocity=-0.003 rad/s, Effort=-0.002 Nm
  bl1_hip_roll: Position=1.216 rad, Velocity=-0.001 rad/s, Effort=-0.023 Nm
  bl2_hip_pitch: Position=-1.402 rad, Velocity=-0.001 rad/s, Effort=-0.050 Nm
  bl3_knee_pitch: Position=-0.179 rad, Velocity=-0.001 rad/s, Effort=-0.023 Nm
  bl4_foot: Position=0.232 rad, Velocity=-0.003 rad/s, Effort=-0.010 Nm
  br1_hip_roll: Position=-1.217 rad, Velocity=-0.001 rad/s, Effort=-0.032 Nm
  br2_hip_pitch: Position=1.452 rad, Velocity=-0.001 rad/s, Effort=-0.023 Nm
  br3_knee_pitch: Position=0.234 rad, Velocity=-0.001 rad/s, Effort=0.014 Nm
  br4_foot: Position=0.843 rad, Velocity=-0.003 rad/s, Effort=-0.002 Nm

[JOINT STATE] Joint State Data:
  fl1_hip_roll: Position=-1.079 rad, Velocity=-0.001 rad/s, Effort=0.050 Nm
  fl2_hip_pitch: Position=1.280 rad, Velocity=-0.001 rad/s, Effort=-0.160 Nm
  fl3_knee_pitch: Position=0.010 rad, Velocity=-0.001 rad/s, Effort=-0.041 Nm
  fl4_foot: Position=0.544 rad, Velocity=-0.003 rad/s, Effort=-0.019 Nm
  fr1_hip_roll: Position=1.195 rad, Velocity=-0.001 rad/s, Effort=-0.050 Nm
  fr2_hip_pitch: Position=-1.431 rad, Velocity=-0.001 rad/s, Effort=-0.023 Nm
  fr3_knee_pitch: Position=-0.227 rad, Velocity=-0.001 rad/s, Effort=-0.023 Nm
  fr4_foot: Position=0.487 rad, Velocity=-0.003 rad/s, Effort=-0.002 Nm
  bl1_hip_roll: Position=1.216 rad, Velocity=-0.001 rad/s, Effort=-0.023 Nm
  bl2_hip_pitch: Position=-1.402 rad, Velocity=-0.001 rad/s, Effort=0.050 Nm
  bl3_knee_pitch: Position=-0.179 rad, Velocity=-0.001 rad/s, Effort=-0.032 Nm
  bl4_foot: Position=0.232 rad, Velocity=-0.003 rad/s, Effort=0.001 Nm
  br1_hip_roll: Position=-1.217 rad, Velocity=-0.001 rad/s, Effort=-0.050 Nm
  br2_hip_pitch: Position=1.452 rad, Velocity=-0.001 rad/s, Effort=-0.014 Nm
  br3_knee_pitch: Position=0.234 rad, Velocity=-0.001 rad/s, Effort=-0.014 Nm
  br4_foot: Position=0.843 rad, Velocity=-0.003 rad/s, Effort=0.005 Nm

[JOINT STATE] Joint State Data:
  fl1_hip_roll: Position=-1.079 rad, Velocity=-0.001 rad/s, Effort=-0.078 Nm
  fl2_hip_pitch: Position=1.280 rad, Velocity=-0.001 rad/s, Effort=-0.160 Nm
  fl3_knee_pitch: Position=0.010 rad, Velocity=-0.001 rad/s, Effort=-0.014 Nm
  fl4_foot: Position=0.544 rad, Velocity=-0.003 rad/s, Effort=-0.011 Nm
  fr1_hip_roll: Position=1.195 rad, Velocity=-0.001 rad/s, Effort=-0.041 Nm
  fr2_hip_pitch: Position=-1.431 rad, Velocity=-0.001 rad/s, Effort=0.014 Nm
  fr3_knee_pitch: Position=-0.227 rad, Velocity=-0.001 rad/s, Effort=-0.050 Nm
  fr4_foot: Position=0.487 rad, Velocity=-0.003 rad/s, Effort=-0.001 Nm
  bl1_hip_roll: Position=1.216 rad, Velocity=-0.001 rad/s, Effort=0.005 Nm
  bl2_hip_pitch: Position=-1.402 rad, Velocity=-0.001 rad/s, Effort=-0.114 Nm
  bl3_knee_pitch: Position=-0.179 rad, Velocity=-0.001 rad/s, Effort=-0.023 Nm
  bl4_foot: Position=0.232 rad, Velocity=-0.003 rad/s, Effort=-0.008 Nm
  br1_hip_roll: Position=-1.217 rad, Velocity=-0.001 rad/s, Effort=-0.014 Nm
  br2_hip_pitch: Position=1.452 rad, Velocity=-0.001 rad/s, Effort=0.014 Nm
  br3_knee_pitch: Position=0.234 rad, Velocity=-0.001 rad/s, Effort=0.005 Nm
  br4_foot: Position=0.843 rad, Velocity=-0.003 rad/s, Effort=-0.002 Nm

[JOINT STATE] Joint State Data:
  fl1_hip_roll: Position=-1.079 rad, Velocity=-0.001 rad/s, Effort=-0.060 Nm
  fl2_hip_pitch: Position=1.280 rad, Velocity=-0.001 rad/s, Effort=-0.160 Nm
  fl3_knee_pitch: Position=0.010 rad, Velocity=-0.001 rad/s, Effort=-0.023 Nm
  fl4_foot: Position=0.544 rad, Velocity=-0.003 rad/s, Effort=0.005 Nm
  fr1_hip_roll: Position=1.195 rad, Velocity=-0.001 rad/s, Effort=-0.050 Nm
  fr2_hip_pitch: Position=-1.431 rad, Velocity=-0.001 rad/s, Effort=0.005 Nm
  fr3_knee_pitch: Position=-0.227 rad, Velocity=-0.001 rad/s, Effort=-0.023 Nm
  fr4_foot: Position=0.487 rad, Velocity=-0.003 rad/s, Effort=0.004 Nm
  bl1_hip_roll: Position=1.216 rad, Velocity=-0.001 rad/s, Effort=0.023 Nm
  bl2_hip_pitch: Position=-1.402 rad, Velocity=-0.001 rad/s, Effort=0.005 Nm
  bl3_knee_pitch: Position=-0.179 rad, Velocity=-0.001 rad/s, Effort=-0.032 Nm
  bl4_foot: Position=0.232 rad, Velocity=-0.003 rad/s, Effort=-0.002 Nm
  br1_hip_roll: Position=-1.217 rad, Velocity=-0.001 rad/s, Effort=-0.096 Nm
  br2_hip_pitch: Position=1.452 rad, Velocity=-0.001 rad/s, Effort=-0.041 Nm
  br3_knee_pitch: Position=0.234 rad, Velocity=-0.001 rad/s, Effort=-0.014 Nm
  br4_foot: Position=0.843 rad, Velocity=-0.003 rad/s, Effort=-0.004 Nm

[JOINT STATE] Joint State Data:
  fl1_hip_roll: Position=-1.079 rad, Velocity=-0.001 rad/s, Effort=0.005 Nm
  fl2_hip_pitch: Position=1.280 rad, Velocity=-0.001 rad/s, Effort=-0.160 Nm
  fl3_knee_pitch: Position=0.010 rad, Velocity=-0.001 rad/s, Effort=-0.023 Nm
  fl4_foot: Position=0.544 rad, Velocity=-0.003 rad/s, Effort=-0.013 Nm
  fr1_hip_roll: Position=1.195 rad, Velocity=-0.001 rad/s, Effort=-0.005 Nm
  fr2_hip_pitch: Position=-1.431 rad, Velocity=-0.001 rad/s, Effort=-0.014 Nm
  fr3_knee_pitch: Position=-0.227 rad, Velocity=-0.001 rad/s, Effort=-0.023 Nm
  fr4_foot: Position=0.487 rad, Velocity=-0.003 rad/s, Effort=-0.004 Nm
  bl1_hip_roll: Position=1.216 rad, Velocity=-0.001 rad/s, Effort=0.005 Nm
  bl2_hip_pitch: Position=-1.402 rad, Velocity=-0.001 rad/s, Effort=-0.032 Nm
  bl3_knee_pitch: Position=-0.179 rad, Velocity=-0.001 rad/s, Effort=-0.032 Nm
  bl4_foot: Position=0.232 rad, Velocity=-0.003 rad/s, Effort=0.008 Nm
  br1_hip_roll: Position=-1.217 rad, Velocity=-0.001 rad/s, Effort=0.041 Nm
  br2_hip_pitch: Position=1.452 rad, Velocity=-0.001 rad/s, Effort=-0.014 Nm
  br3_knee_pitch: Position=0.234 rad, Velocity=-0.001 rad/s, Effort=0.023 Nm
  br4_foot: Position=0.843 rad, Velocity=-0.003 rad/s, Effort=-0.011 Nm

[JOINT STATE] Joint State Data:
  fl1_hip_roll: Position=-1.079 rad, Velocity=-0.001 rad/s, Effort=0.032 Nm
  fl2_hip_pitch: Position=1.280 rad, Velocity=-0.001 rad/s, Effort=-0.160 Nm
  fl3_knee_pitch: Position=0.010 rad, Velocity=-0.001 rad/s, Effort=-0.005 Nm
  fl4_foot: Position=0.544 rad, Velocity=-0.003 rad/s, Effort=-0.007 Nm
  fr1_hip_roll: Position=1.195 rad, Velocity=-0.001 rad/s, Effort=-0.060 Nm
  fr2_hip_pitch: Position=-1.431 rad, Velocity=-0.001 rad/s, Effort=-0.014 Nm
  fr3_knee_pitch: Position=-0.227 rad, Velocity=-0.001 rad/s, Effort=-0.041 Nm
  fr4_foot: Position=0.487 rad, Velocity=-0.003 rad/s, Effort=-0.001 Nm
  bl1_hip_roll: Position=1.216 rad, Velocity=-0.001 rad/s, Effort=-0.069 Nm
  bl2_hip_pitch: Position=-1.402 rad, Velocity=-0.001 rad/s, Effort=-0.050 Nm
  bl3_knee_pitch: Position=-0.179 rad, Velocity=-0.001 rad/s, Effort=-0.032 Nm
  bl4_foot: Position=0.232 rad, Velocity=-0.003 rad/s, Effort=-0.005 Nm
  br1_hip_roll: Position=-1.217 rad, Velocity=-0.001 rad/s, Effort=0.032 Nm
  br2_hip_pitch: Position=1.452 rad, Velocity=-0.001 rad/s, Effort=-0.050 Nm
  br3_knee_pitch: Position=0.234 rad, Velocity=-0.001 rad/s, Effort=-0.032 Nm
  br4_foot: Position=0.843 rad, Velocity=-0.003 rad/s, Effort=-0.008 Nm

[JOINT STATE] Joint State Data:
  fl1_hip_roll: Position=-1.079 rad, Velocity=-0.001 rad/s, Effort=-0.060 Nm
  fl2_hip_pitch: Position=1.280 rad, Velocity=-0.001 rad/s, Effort=-0.169 Nm
  fl3_knee_pitch: Position=0.010 rad, Velocity=-0.001 rad/s, Effort=0.005 Nm
  fl4_foot: Position=0.544 rad, Velocity=-0.003 rad/s, Effort=-0.013 Nm
  fr1_hip_roll: Position=1.195 rad, Velocity=-0.001 rad/s, Effort=-0.041 Nm
  fr2_hip_pitch: Position=-1.431 rad, Velocity=-0.001 rad/s, Effort=-0.032 Nm
  fr3_knee_pitch: Position=-0.227 rad, Velocity=-0.001 rad/s, Effort=-0.005 Nm
  fr4_foot: Position=0.487 rad, Velocity=-0.003 rad/s, Effort=0.001 Nm
  bl1_hip_roll: Position=1.216 rad, Velocity=-0.001 rad/s, Effort=-0.023 Nm
  bl2_hip_pitch: Position=-1.402 rad, Velocity=-0.001 rad/s, Effort=-0.005 Nm
  bl3_knee_pitch: Position=-0.179 rad, Velocity=-0.001 rad/s, Effort=-0.041 Nm
  bl4_foot: Position=0.232 rad, Velocity=-0.003 rad/s, Effort=-0.010 Nm
  br1_hip_roll: Position=-1.217 rad, Velocity=-0.001 rad/s, Effort=-0.041 Nm
  br2_hip_pitch: Position=1.452 rad, Velocity=-0.001 rad/s, Effort=-0.050 Nm
  br3_knee_pitch: Position=0.234 rad, Velocity=-0.001 rad/s, Effort=0.014 Nm
  br4_foot: Position=0.843 rad, Velocity=-0.003 rad/s, Effort=-0.005 Nm

[JOINT STATE] Joint State Data:
  fl1_hip_roll: Position=-1.079 rad, Velocity=-0.001 rad/s, Effort=0.041 Nm
  fl2_hip_pitch: Position=1.280 rad, Velocity=-0.001 rad/s, Effort=-0.160 Nm
  fl3_knee_pitch: Position=0.010 rad, Velocity=-0.001 rad/s, Effort=0.014 Nm
  fl4_foot: Position=0.544 rad, Velocity=-0.003 rad/s, Effort=-0.002 Nm
  fr1_hip_roll: Position=1.195 rad, Velocity=-0.001 rad/s, Effort=-0.041 Nm
  fr2_hip_pitch: Position=-1.431 rad, Velocity=-0.001 rad/s, Effort=0.005 Nm
  fr3_knee_pitch: Position=-0.227 rad, Velocity=-0.001 rad/s, Effort=-0.032 Nm
  fr4_foot: Position=0.487 rad, Velocity=-0.003 rad/s, Effort=0.004 Nm
  bl1_hip_roll: Position=1.216 rad, Velocity=-0.001 rad/s, Effort=-0.041 Nm
  bl2_hip_pitch: Position=-1.402 rad, Velocity=-0.001 rad/s, Effort=-0.050 Nm
  bl3_knee_pitch: Position=-0.179 rad, Velocity=-0.001 rad/s, Effort=-0.041 Nm
  bl4_foot: Position=0.232 rad, Velocity=-0.003 rad/s, Effort=-0.007 Nm
  br1_hip_roll: Position=-1.217 rad, Velocity=-0.001 rad/s, Effort=-0.050 Nm
  br2_hip_pitch: Position=1.452 rad, Velocity=-0.001 rad/s, Effort=-0.087 Nm
  br3_knee_pitch: Position=0.234 rad, Velocity=-0.001 rad/s, Effort=-0.023 Nm
  br4_foot: Position=0.843 rad, Velocity=-0.003 rad/s, Effort=0.002 Nm

[JOINT STATE] Joint State Data:
  fl1_hip_roll: Position=-1.079 rad, Velocity=-0.001 rad/s, Effort=-0.041 Nm
  fl2_hip_pitch: Position=1.280 rad, Velocity=-0.001 rad/s, Effort=-0.160 Nm
  fl3_knee_pitch: Position=0.010 rad, Velocity=-0.001 rad/s, Effort=-0.014 Nm
  fl4_foot: Position=0.544 rad, Velocity=-0.003 rad/s, Effort=-0.010 Nm
  fr1_hip_roll: Position=1.195 rad, Velocity=-0.001 rad/s, Effort=-0.041 Nm
  fr2_hip_pitch: Position=-1.431 rad, Velocity=-0.001 rad/s, Effort=0.014 Nm
  fr3_knee_pitch: Position=-0.227 rad, Velocity=-0.001 rad/s, Effort=-0.014 Nm
  fr4_foot: Position=0.487 rad, Velocity=-0.003 rad/s, Effort=-0.008 Nm
  bl1_hip_roll: Position=1.216 rad, Velocity=-0.001 rad/s, Effort=-0.014 Nm
  bl2_hip_pitch: Position=-1.402 rad, Velocity=-0.001 rad/s, Effort=0.023 Nm
  bl3_knee_pitch: Position=-0.179 rad, Velocity=-0.001 rad/s, Effort=-0.041 Nm
  bl4_foot: Position=0.232 rad, Velocity=-0.003 rad/s, Effort=-0.013 Nm
  br1_hip_roll: Position=-1.217 rad, Velocity=-0.001 rad/s, Effort=-0.005 Nm
  br2_hip_pitch: Position=1.452 rad, Velocity=-0.001 rad/s, Effort=-0.032 Nm
  br3_knee_pitch: Position=0.234 rad, Velocity=-0.001 rad/s, Effort=-0.032 Nm
  br4_foot: Position=0.843 rad, Velocity=-0.003 rad/s, Effort=-0.007 Nm

[JOINT STATE] Joint State Data:
  fl1_hip_roll: Position=-1.079 rad, Velocity=-0.001 rad/s, Effort=0.078 Nm
  fl2_hip_pitch: Position=1.280 rad, Velocity=-0.001 rad/s, Effort=-0.160 Nm
  fl3_knee_pitch: Position=0.010 rad, Velocity=-0.001 rad/s, Effort=-0.005 Nm
  fl4_foot: Position=0.544 rad, Velocity=-0.003 rad/s, Effort=-0.001 Nm
  fr1_hip_roll: Position=1.195 rad, Velocity=-0.001 rad/s, Effort=-0.041 Nm
  fr2_hip_pitch: Position=-1.431 rad, Velocity=-0.001 rad/s, Effort=-0.014 Nm
  fr3_knee_pitch: Position=-0.227 rad, Velocity=-0.001 rad/s, Effort=-0.032 Nm
  fr4_foot: Position=0.487 rad, Velocity=-0.003 rad/s, Effort=-0.010 Nm
  bl1_hip_roll: Position=1.216 rad, Velocity=-0.001 rad/s, Effort=-0.050 Nm
  bl2_hip_pitch: Position=-1.402 rad, Velocity=-0.001 rad/s, Effort=0.014 Nm
  bl3_knee_pitch: Position=-0.179 rad, Velocity=-0.001 rad/s, Effort=-0.032 Nm
  bl4_foot: Position=0.232 rad, Velocity=-0.003 rad/s, Effort=0.002 Nm
  br1_hip_roll: Position=-1.217 rad, Velocity=-0.001 rad/s, Effort=-0.014 Nm
  br2_hip_pitch: Position=1.452 rad, Velocity=-0.001 rad/s, Effort=-0.069 Nm
  br3_knee_pitch: Position=0.234 rad, Velocity=-0.001 rad/s, Effort=0.005 Nm
  br4_foot: Position=0.843 rad, Velocity=-0.003 rad/s, Effort=-0.005 Nm

[JOINT STATE] Joint State Data:
  fl1_hip_roll: Position=-1.079 rad, Velocity=-0.001 rad/s, Effort=-0.023 Nm
  fl2_hip_pitch: Position=1.280 rad, Velocity=-0.001 rad/s, Effort=-0.169 Nm
  fl3_knee_pitch: Position=0.010 rad, Velocity=-0.001 rad/s, Effort=-0.060 Nm
  fl4_foot: Position=0.544 rad, Velocity=-0.003 rad/s, Effort=-0.019 Nm
  fr1_hip_roll: Position=1.195 rad, Velocity=-0.001 rad/s, Effort=-0.032 Nm
  fr2_hip_pitch: Position=-1.431 rad, Velocity=-0.001 rad/s, Effort=-0.087 Nm
  fr3_knee_pitch: Position=-0.227 rad, Velocity=-0.001 rad/s, Effort=-0.050 Nm
  fr4_foot: Position=0.487 rad, Velocity=-0.003 rad/s, Effort=-0.007 Nm
  bl1_hip_roll: Position=1.216 rad, Velocity=-0.001 rad/s, Effort=-0.023 Nm
  bl2_hip_pitch: Position=-1.402 rad, Velocity=-0.001 rad/s, Effort=-0.060 Nm
  bl3_knee_pitch: Position=-0.179 rad, Velocity=-0.001 rad/s, Effort=-0.032 Nm
  bl4_foot: Position=0.232 rad, Velocity=-0.003 rad/s, Effort=0.008 Nm
  br1_hip_roll: Position=-1.217 rad, Velocity=-0.001 rad/s, Effort=-0.087 Nm
  br2_hip_pitch: Position=1.452 rad, Velocity=-0.001 rad/s, Effort=-0.050 Nm
  br3_knee_pitch: Position=0.234 rad, Velocity=-0.001 rad/s, Effort=0.005 Nm
  br4_foot: Position=0.843 rad, Velocity=-0.003 rad/s, Effort=-0.002 Nm

[JOINT STATE] Joint State Data:
  fl1_hip_roll: Position=-1.079 rad, Velocity=-0.001 rad/s, Effort=0.023 Nm
  fl2_hip_pitch: Position=1.280 rad, Velocity=-0.001 rad/s, Effort=-0.160 Nm
  fl3_knee_pitch: Position=0.010 rad, Velocity=-0.001 rad/s, Effort=-0.023 Nm
  fl4_foot: Position=0.544 rad, Velocity=-0.003 rad/s, Effort=-0.001 Nm
  fr1_hip_roll: Position=1.195 rad, Velocity=-0.001 rad/s, Effort=-0.014 Nm
  fr2_hip_pitch: Position=-1.431 rad, Velocity=-0.001 rad/s, Effort=-0.032 Nm
  fr3_knee_pitch: Position=-0.227 rad, Velocity=-0.001 rad/s, Effort=-0.023 Nm
  fr4_foot: Position=0.487 rad, Velocity=-0.003 rad/s, Effort=-0.007 Nm
  bl1_hip_roll: Position=1.216 rad, Velocity=-0.001 rad/s, Effort=0.023 Nm
  bl2_hip_pitch: Position=-1.402 rad, Velocity=-0.001 rad/s, Effort=-0.005 Nm
  bl3_knee_pitch: Position=-0.179 rad, Velocity=-0.001 rad/s, Effort=-0.014 Nm
  bl4_foot: Position=0.232 rad, Velocity=-0.003 rad/s, Effort=-0.002 Nm
  br1_hip_roll: Position=-1.217 rad, Velocity=-0.001 rad/s, Effort=-0.114 Nm
  br2_hip_pitch: Position=1.452 rad, Velocity=-0.001 rad/s, Effort=-0.032 Nm
  br3_knee_pitch: Position=0.234 rad, Velocity=-0.001 rad/s, Effort=0.014 Nm
  br4_foot: Position=0.843 rad, Velocity=-0.003 rad/s, Effort=-0.005 Nm

[JOINT STATE] Joint State Data:
  fl1_hip_roll: Position=-1.079 rad, Velocity=-0.001 rad/s, Effort=-0.060 Nm
  fl2_hip_pitch: Position=1.280 rad, Velocity=-0.001 rad/s, Effort=-0.160 Nm
  fl3_knee_pitch: Position=0.010 rad, Velocity=-0.001 rad/s, Effort=-0.060 Nm
  fl4_foot: Position=0.544 rad, Velocity=-0.003 rad/s, Effort=0.002 Nm
  fr1_hip_roll: Position=1.195 rad, Velocity=-0.001 rad/s, Effort=-0.069 Nm
  fr2_hip_pitch: Position=-1.431 rad, Velocity=-0.001 rad/s, Effort=-0.014 Nm
  fr3_knee_pitch: Position=-0.227 rad, Velocity=-0.001 rad/s, Effort=-0.023 Nm
  fr4_foot: Position=0.487 rad, Velocity=-0.003 rad/s, Effort=0.011 Nm
  bl1_hip_roll: Position=1.216 rad, Velocity=-0.001 rad/s, Effort=0.032 Nm
  bl2_hip_pitch: Position=-1.402 rad, Velocity=-0.001 rad/s, Effort=-0.041 Nm
  bl3_knee_pitch: Position=-0.179 rad, Velocity=-0.001 rad/s, Effort=0.005 Nm
  bl4_foot: Position=0.232 rad, Velocity=-0.003 rad/s, Effort=-0.010 Nm
  br1_hip_roll: Position=-1.217 rad, Velocity=-0.001 rad/s, Effort=-0.005 Nm
  br2_hip_pitch: Position=1.452 rad, Velocity=-0.001 rad/s, Effort=-0.023 Nm
  br3_knee_pitch: Position=0.234 rad, Velocity=-0.001 rad/s, Effort=-0.014 Nm
  br4_foot: Position=0.843 rad, Velocity=-0.003 rad/s, Effort=-0.002 Nm

[JOINT STATE] Joint State Data:
  fl1_hip_roll: Position=-1.079 rad, Velocity=-0.001 rad/s, Effort=-0.014 Nm
  fl2_hip_pitch: Position=1.280 rad, Velocity=-0.001 rad/s, Effort=-0.179 Nm
  fl3_knee_pitch: Position=0.010 rad, Velocity=-0.001 rad/s, Effort=-0.050 Nm
  fl4_foot: Position=0.544 rad, Velocity=-0.003 rad/s, Effort=-0.008 Nm
  fr1_hip_roll: Position=1.195 rad, Velocity=-0.001 rad/s, Effort=-0.050 Nm
  fr2_hip_pitch: Position=-1.431 rad, Velocity=-0.001 rad/s, Effort=-0.032 Nm
  fr3_knee_pitch: Position=-0.227 rad, Velocity=-0.001 rad/s, Effort=-0.050 Nm
  fr4_foot: Position=0.487 rad, Velocity=-0.003 rad/s, Effort=-0.013 Nm
  bl1_hip_roll: Position=1.216 rad, Velocity=-0.001 rad/s, Effort=-0.087 Nm
  bl2_hip_pitch: Position=-1.402 rad, Velocity=-0.001 rad/s, Effort=-0.041 Nm
  bl3_knee_pitch: Position=-0.179 rad, Velocity=-0.001 rad/s, Effort=-0.014 Nm
  bl4_foot: Position=0.232 rad, Velocity=-0.003 rad/s, Effort=-0.002 Nm
  br1_hip_roll: Position=-1.217 rad, Velocity=-0.001 rad/s, Effort=-0.087 Nm
  br2_hip_pitch: Position=1.452 rad, Velocity=-0.001 rad/s, Effort=-0.041 Nm
  br3_knee_pitch: Position=0.234 rad, Velocity=-0.001 rad/s, Effort=0.041 Nm
  br4_foot: Position=0.843 rad, Velocity=-0.003 rad/s, Effort=-0.007 Nm

[JOINT STATE] Joint State Data:
  fl1_hip_roll: Position=-1.079 rad, Velocity=-0.001 rad/s, Effort=-0.041 Nm
  fl2_hip_pitch: Position=1.280 rad, Velocity=-0.001 rad/s, Effort=-0.160 Nm
  fl3_knee_pitch: Position=0.010 rad, Velocity=-0.001 rad/s, Effort=-0.023 Nm
  fl4_foot: Position=0.544 rad, Velocity=-0.003 rad/s, Effort=-0.005 Nm
  fr1_hip_roll: Position=1.195 rad, Velocity=-0.001 rad/s, Effort=-0.032 Nm
  fr2_hip_pitch: Position=-1.431 rad, Velocity=-0.001 rad/s, Effort=-0.023 Nm
  fr3_knee_pitch: Position=-0.227 rad, Velocity=-0.001 rad/s, Effort=-0.032 Nm
  fr4_foot: Position=0.487 rad, Velocity=-0.003 rad/s, Effort=-0.005 Nm
  bl1_hip_roll: Position=1.216 rad, Velocity=-0.001 rad/s, Effort=0.005 Nm
  bl2_hip_pitch: Position=-1.402 rad, Velocity=-0.001 rad/s, Effort=0.023 Nm
  bl3_knee_pitch: Position=-0.179 rad, Velocity=-0.001 rad/s, Effort=-0.014 Nm
  bl4_foot: Position=0.232 rad, Velocity=-0.003 rad/s, Effort=-0.001 Nm
  br1_hip_roll: Position=-1.217 rad, Velocity=-0.001 rad/s, Effort=-0.032 Nm
  br2_hip_pitch: Position=1.452 rad, Velocity=-0.001 rad/s, Effort=-0.023 Nm
  br3_knee_pitch: Position=0.234 rad, Velocity=-0.001 rad/s, Effort=-0.023 Nm
  br4_foot: Position=0.843 rad, Velocity=-0.003 rad/s, Effort=-0.016 Nm

[JOINT STATE] Joint State Data:
  fl1_hip_roll: Position=-1.079 rad, Velocity=-0.001 rad/s, Effort=-0.060 Nm
  fl2_hip_pitch: Position=1.280 rad, Velocity=-0.001 rad/s, Effort=-0.160 Nm
  fl3_knee_pitch: Position=0.010 rad, Velocity=-0.001 rad/s, Effort=-0.023 Nm
  fl4_foot: Position=0.544 rad, Velocity=-0.003 rad/s, Effort=-0.007 Nm
  fr1_hip_roll: Position=1.195 rad, Velocity=-0.001 rad/s, Effort=-0.087 Nm
  fr2_hip_pitch: Position=-1.431 rad, Velocity=-0.001 rad/s, Effort=0.014 Nm
  fr3_knee_pitch: Position=-0.227 rad, Velocity=-0.001 rad/s, Effort=-0.069 Nm
  fr4_foot: Position=0.487 rad, Velocity=-0.003 rad/s, Effort=0.001 Nm
  bl1_hip_roll: Position=1.216 rad, Velocity=-0.001 rad/s, Effort=0.041 Nm
  bl2_hip_pitch: Position=-1.402 rad, Velocity=-0.001 rad/s, Effort=-0.023 Nm
  bl3_knee_pitch: Position=-0.179 rad, Velocity=-0.001 rad/s, Effort=-0.005 Nm
  bl4_foot: Position=0.232 rad, Velocity=-0.003 rad/s, Effort=-0.001 Nm
  br1_hip_roll: Position=-1.217 rad, Velocity=-0.001 rad/s, Effort=-0.023 Nm
  br2_hip_pitch: Position=1.452 rad, Velocity=-0.001 rad/s, Effort=-0.050 Nm
  br3_knee_pitch: Position=0.234 rad, Velocity=-0.001 rad/s, Effort=0.023 Nm
  br4_foot: Position=0.843 rad, Velocity=-0.003 rad/s, Effort=-0.007 Nm

[JOINT STATE] Joint State Data:
  fl1_hip_roll: Position=-1.079 rad, Velocity=-0.001 rad/s, Effort=-0.005 Nm
  fl2_hip_pitch: Position=1.280 rad, Velocity=-0.001 rad/s, Effort=-0.160 Nm
  fl3_knee_pitch: Position=0.010 rad, Velocity=-0.001 rad/s, Effort=-0.005 Nm
  fl4_foot: Position=0.544 rad, Velocity=-0.003 rad/s, Effort=-0.013 Nm
  fr1_hip_roll: Position=1.195 rad, Velocity=-0.001 rad/s, Effort=-0.069 Nm
  fr2_hip_pitch: Position=-1.431 rad, Velocity=-0.001 rad/s, Effort=0.005 Nm
  fr3_knee_pitch: Position=-0.227 rad, Velocity=-0.001 rad/s, Effort=-0.060 Nm
  fr4_foot: Position=0.487 rad, Velocity=-0.003 rad/s, Effort=0.001 Nm
  bl1_hip_roll: Position=1.216 rad, Velocity=-0.001 rad/s, Effort=0.014 Nm
  bl2_hip_pitch: Position=-1.402 rad, Velocity=-0.001 rad/s, Effort=-0.087 Nm
  bl3_knee_pitch: Position=-0.179 rad, Velocity=-0.001 rad/s, Effort=-0.014 Nm
  bl4_foot: Position=0.232 rad, Velocity=-0.003 rad/s, Effort=-0.016 Nm
  br1_hip_roll: Position=-1.217 rad, Velocity=-0.001 rad/s, Effort=-0.005 Nm
  br2_hip_pitch: Position=1.452 rad, Velocity=-0.001 rad/s, Effort=-0.050 Nm
  br3_knee_pitch: Position=0.234 rad, Velocity=-0.001 rad/s, Effort=-0.041 Nm
  br4_foot: Position=0.843 rad, Velocity=-0.003 rad/s, Effort=0.004 Nm

[JOINT STATE] Joint State Data:
  fl1_hip_roll: Position=-1.079 rad, Velocity=-0.001 rad/s, Effort=-0.096 Nm
  fl2_hip_pitch: Position=1.280 rad, Velocity=-0.001 rad/s, Effort=-0.160 Nm
  fl3_knee_pitch: Position=0.010 rad, Velocity=-0.001 rad/s, Effort=-0.060 Nm
  fl4_foot: Position=0.544 rad, Velocity=-0.003 rad/s, Effort=-0.018 Nm
  fr1_hip_roll: Position=1.195 rad, Velocity=-0.001 rad/s, Effort=-0.041 Nm
  fr2_hip_pitch: Position=-1.431 rad, Velocity=-0.001 rad/s, Effort=-0.014 Nm
  fr3_knee_pitch: Position=-0.227 rad, Velocity=-0.001 rad/s, Effort=-0.014 Nm
  fr4_foot: Position=0.487 rad, Velocity=-0.003 rad/s, Effort=-0.002 Nm
  bl1_hip_roll: Position=1.216 rad, Velocity=-0.001 rad/s, Effort=0.014 Nm
  bl2_hip_pitch: Position=-1.402 rad, Velocity=-0.001 rad/s, Effort=-0.114 Nm
  bl3_knee_pitch: Position=-0.179 rad, Velocity=-0.001 rad/s, Effort=-0.023 Nm
  bl4_foot: Position=0.232 rad, Velocity=-0.003 rad/s, Effort=0.005 Nm
  br1_hip_roll: Position=-1.217 rad, Velocity=-0.001 rad/s, Effort=-0.087 Nm
  br2_hip_pitch: Position=1.452 rad, Velocity=-0.001 rad/s, Effort=-0.041 Nm
  br3_knee_pitch: Position=0.234 rad, Velocity=-0.001 rad/s, Effort=0.023 Nm
  br4_foot: Position=0.843 rad, Velocity=-0.003 rad/s, Effort=-0.005 Nm

[JOINT STATE] Joint State Data:
  fl1_hip_roll: Position=-1.079 rad, Velocity=-0.001 rad/s, Effort=-0.078 Nm
  fl2_hip_pitch: Position=1.280 rad, Velocity=-0.001 rad/s, Effort=-0.160 Nm
  fl3_knee_pitch: Position=0.010 rad, Velocity=-0.001 rad/s, Effort=-0.032 Nm
  fl4_foot: Position=0.544 rad, Velocity=-0.003 rad/s, Effort=0.002 Nm
  fr1_hip_roll: Position=1.195 rad, Velocity=-0.001 rad/s, Effort=-0.069 Nm
  fr2_hip_pitch: Position=-1.431 rad, Velocity=-0.001 rad/s, Effort=-0.005 Nm
  fr3_knee_pitch: Position=-0.227 rad, Velocity=-0.001 rad/s, Effort=-0.069 Nm
  fr4_foot: Position=0.487 rad, Velocity=-0.003 rad/s, Effort=-0.013 Nm
  bl1_hip_roll: Position=1.216 rad, Velocity=-0.001 rad/s, Effort=-0.005 Nm
  bl2_hip_pitch: Position=-1.402 rad, Velocity=-0.001 rad/s, Effort=-0.032 Nm
  bl3_knee_pitch: Position=-0.179 rad, Velocity=-0.001 rad/s, Effort=-0.014 Nm
  bl4_foot: Position=0.232 rad, Velocity=-0.003 rad/s, Effort=-0.002 Nm
  br1_hip_roll: Position=-1.217 rad, Velocity=-0.001 rad/s, Effort=-0.041 Nm
  br2_hip_pitch: Position=1.452 rad, Velocity=-0.001 rad/s, Effort=-0.023 Nm
  br3_knee_pitch: Position=0.234 rad, Velocity=-0.001 rad/s, Effort=-0.041 Nm
  br4_foot: Position=0.843 rad, Velocity=-0.003 rad/s, Effort=-0.008 Nm

[JOINT STATE] Joint State Data:
  fl1_hip_roll: Position=-1.079 rad, Velocity=-0.001 rad/s, Effort=-0.032 Nm
  fl2_hip_pitch: Position=1.280 rad, Velocity=-0.001 rad/s, Effort=-0.169 Nm
  fl3_knee_pitch: Position=0.010 rad, Velocity=-0.001 rad/s, Effort=-0.050 Nm
  fl4_foot: Position=0.544 rad, Velocity=-0.003 rad/s, Effort=-0.013 Nm
  fr1_hip_roll: Position=1.195 rad, Velocity=-0.001 rad/s, Effort=-0.105 Nm
  fr2_hip_pitch: Position=-1.431 rad, Velocity=-0.001 rad/s, Effort=-0.014 Nm
  fr3_knee_pitch: Position=-0.227 rad, Velocity=-0.001 rad/s, Effort=-0.078 Nm
  fr4_foot: Position=0.487 rad, Velocity=-0.003 rad/s, Effort=-0.010 Nm
  bl1_hip_roll: Position=1.216 rad, Velocity=-0.001 rad/s, Effort=-0.005 Nm
  bl2_hip_pitch: Position=-1.402 rad, Velocity=-0.001 rad/s, Effort=-0.078 Nm
  bl3_knee_pitch: Position=-0.179 rad, Velocity=-0.001 rad/s, Effort=-0.032 Nm
  bl4_foot: Position=0.232 rad, Velocity=-0.003 rad/s, Effort=-0.001 Nm
  br1_hip_roll: Position=-1.217 rad, Velocity=-0.001 rad/s, Effort=-0.078 Nm
  br2_hip_pitch: Position=1.452 rad, Velocity=-0.001 rad/s, Effort=-0.050 Nm
  br3_knee_pitch: Position=0.234 rad, Velocity=-0.001 rad/s, Effort=-0.050 Nm
  br4_foot: Position=0.843 rad, Velocity=-0.003 rad/s, Effort=-0.008 Nm

[JOINT STATE] Joint State Data:
  fl1_hip_roll: Position=-1.079 rad, Velocity=-0.001 rad/s, Effort=0.105 Nm
  fl2_hip_pitch: Position=1.280 rad, Velocity=-0.001 rad/s, Effort=-0.169 Nm
  fl3_knee_pitch: Position=0.010 rad, Velocity=-0.001 rad/s, Effort=-0.032 Nm
  fl4_foot: Position=0.544 rad, Velocity=-0.003 rad/s, Effort=0.002 Nm
  fr1_hip_roll: Position=1.195 rad, Velocity=-0.001 rad/s, Effort=-0.087 Nm
  fr2_hip_pitch: Position=-1.431 rad, Velocity=-0.001 rad/s, Effort=-0.014 Nm
  fr3_knee_pitch: Position=-0.227 rad, Velocity=-0.001 rad/s, Effort=-0.087 Nm
  fr4_foot: Position=0.487 rad, Velocity=-0.003 rad/s, Effort=0.001 Nm
  bl1_hip_roll: Position=1.216 rad, Velocity=-0.001 rad/s, Effort=0.014 Nm
  bl2_hip_pitch: Position=-1.402 rad, Velocity=-0.001 rad/s, Effort=0.005 Nm
  bl3_knee_pitch: Position=-0.179 rad, Velocity=-0.001 rad/s, Effort=-0.023 Nm
  bl4_foot: Position=0.232 rad, Velocity=-0.003 rad/s, Effort=-0.014 Nm
  br1_hip_roll: Position=-1.217 rad, Velocity=-0.001 rad/s, Effort=0.041 Nm
  br2_hip_pitch: Position=1.452 rad, Velocity=-0.001 rad/s, Effort=-0.041 Nm
  br3_knee_pitch: Position=0.234 rad, Velocity=-0.001 rad/s, Effort=0.014 Nm
  br4_foot: Position=0.843 rad, Velocity=-0.003 rad/s, Effort=-0.001 Nm

[JOINT STATE] Joint State Data:
  fl1_hip_roll: Position=-1.079 rad, Velocity=-0.001 rad/s, Effort=-0.023 Nm
  fl2_hip_pitch: Position=1.280 rad, Velocity=-0.001 rad/s, Effort=-0.160 Nm
  fl3_knee_pitch: Position=0.010 rad, Velocity=-0.001 rad/s, Effort=-0.041 Nm
  fl4_foot: Position=0.544 rad, Velocity=-0.003 rad/s, Effort=-0.007 Nm
  fr1_hip_roll: Position=1.195 rad, Velocity=-0.001 rad/s, Effort=-0.032 Nm
  fr2_hip_pitch: Position=-1.431 rad, Velocity=-0.001 rad/s, Effort=-0.014 Nm
  fr3_knee_pitch: Position=-0.227 rad, Velocity=-0.001 rad/s, Effort=-0.060 Nm
  fr4_foot: Position=0.487 rad, Velocity=-0.003 rad/s, Effort=-0.005 Nm
  bl1_hip_roll: Position=1.216 rad, Velocity=-0.001 rad/s, Effort=0.032 Nm
  bl2_hip_pitch: Position=-1.402 rad, Velocity=-0.001 rad/s, Effort=-0.041 Nm
  bl3_knee_pitch: Position=-0.179 rad, Velocity=-0.001 rad/s, Effort=-0.041 Nm
  bl4_foot: Position=0.232 rad, Velocity=-0.003 rad/s, Effort=0.004 Nm
  br1_hip_roll: Position=-1.217 rad, Velocity=-0.001 rad/s, Effort=-0.114 Nm
  br2_hip_pitch: Position=1.452 rad, Velocity=-0.001 rad/s, Effort=-0.041 Nm
  br3_knee_pitch: Position=0.234 rad, Velocity=-0.001 rad/s, Effort=0.005 Nm
  br4_foot: Position=0.843 rad, Velocity=-0.003 rad/s, Effort=-0.008 Nm

[JOINT STATE] Joint State Data:
  fl1_hip_roll: Position=-1.079 rad, Velocity=-0.001 rad/s, Effort=-0.023 Nm
  fl2_hip_pitch: Position=1.280 rad, Velocity=-0.001 rad/s, Effort=-0.151 Nm
  fl3_knee_pitch: Position=0.010 rad, Velocity=-0.001 rad/s, Effort=-0.041 Nm
  fl4_foot: Position=0.544 rad, Velocity=-0.003 rad/s, Effort=-0.004 Nm
  fr1_hip_roll: Position=1.195 rad, Velocity=-0.001 rad/s, Effort=-0.005 Nm
  fr2_hip_pitch: Position=-1.431 rad, Velocity=-0.001 rad/s, Effort=-0.005 Nm
  fr3_knee_pitch: Position=-0.227 rad, Velocity=-0.001 rad/s, Effort=-0.041 Nm
  fr4_foot: Position=0.487 rad, Velocity=-0.003 rad/s, Effort=-0.004 Nm
  bl1_hip_roll: Position=1.216 rad, Velocity=-0.001 rad/s, Effort=-0.060 Nm
  bl2_hip_pitch: Position=-1.402 rad, Velocity=-0.001 rad/s, Effort=-0.105 Nm
  bl3_knee_pitch: Position=-0.179 rad, Velocity=-0.001 rad/s, Effort=-0.032 Nm
  bl4_foot: Position=0.232 rad, Velocity=-0.003 rad/s, Effort=0.002 Nm
  br1_hip_roll: Position=-1.217 rad, Velocity=-0.001 rad/s, Effort=-0.060 Nm
  br2_hip_pitch: Position=1.452 rad, Velocity=-0.001 rad/s, Effort=-0.050 Nm
  br3_knee_pitch: Position=0.234 rad, Velocity=-0.001 rad/s, Effort=-0.032 Nm
  br4_foot: Position=0.843 rad, Velocity=-0.003 rad/s, Effort=-0.004 Nm

[JOINT STATE] Joint State Data:
  fl1_hip_roll: Position=-1.079 rad, Velocity=-0.001 rad/s, Effort=0.005 Nm
  fl2_hip_pitch: Position=1.280 rad, Velocity=-0.001 rad/s, Effort=-0.169 Nm
  fl3_knee_pitch: Position=0.010 rad, Velocity=-0.001 rad/s, Effort=-0.005 Nm
  fl4_foot: Position=0.544 rad, Velocity=-0.003 rad/s, Effort=-0.001 Nm
  fr1_hip_roll: Position=1.195 rad, Velocity=-0.001 rad/s, Effort=-0.032 Nm
  fr2_hip_pitch: Position=-1.431 rad, Velocity=-0.001 rad/s, Effort=-0.023 Nm
  fr3_knee_pitch: Position=-0.227 rad, Velocity=-0.001 rad/s, Effort=-0.078 Nm
  fr4_foot: Position=0.487 rad, Velocity=-0.003 rad/s, Effort=-0.002 Nm
  bl1_hip_roll: Position=1.216 rad, Velocity=-0.001 rad/s, Effort=0.005 Nm
  bl2_hip_pitch: Position=-1.402 rad, Velocity=-0.001 rad/s, Effort=-0.032 Nm
  bl3_knee_pitch: Position=-0.179 rad, Velocity=-0.001 rad/s, Effort=-0.032 Nm
  bl4_foot: Position=0.232 rad, Velocity=-0.003 rad/s, Effort=-0.004 Nm
  br1_hip_roll: Position=-1.217 rad, Velocity=-0.001 rad/s, Effort=-0.087 Nm
  br2_hip_pitch: Position=1.452 rad, Velocity=-0.001 rad/s, Effort=-0.041 Nm
  br3_knee_pitch: Position=0.234 rad, Velocity=-0.001 rad/s, Effort=0.014 Nm
  br4_foot: Position=0.843 rad, Velocity=-0.003 rad/s, Effort=-0.002 Nm

[STATE] Robot State Data:
  Head Angle: -1.252°, Direction: 1
  Lights: Front=2 Back=2
  Speed Level: 1, E-Stop: SW=1 HW=1
  Motion: Status=2 Mode=1
  Battery: 1=69% 2=69%
  Speed: Linear=0.000 Trans=0.000 Angular=-0.003
  Odometry: 0.000 m
  Joint Temperatures: 
    fr3: 34.000°C
    fr2: 35.000°C
    bl1: 34.000°C
    fl4: 34.000°C
    bl3: 33.000°C
    bl2: 33.000°C
    br1: 35.000°C
    bl4: 33.000°C
    br4: 33.000°C
    fr4: 34.000°C
    fl1: 35.000°C
    fl2: 34.000°C
    br2: 33.000°C
    fl3: 33.000°C
    br3: 33.000°C
    fr1: 36.000°C

[JOINT STATE] Joint State Data:
  fl1_hip_roll: Position=-1.079 rad, Velocity=-0.001 rad/s, Effort=-0.050 Nm
  fl2_hip_pitch: Position=1.280 rad, Velocity=-0.001 rad/s, Effort=-0.160 Nm
  fl3_knee_pitch: Position=0.010 rad, Velocity=-0.001 rad/s, Effort=-0.014 Nm
  fl4_foot: Position=0.544 rad, Velocity=-0.003 rad/s, Effort=-0.004 Nm
  fr1_hip_roll: Position=1.195 rad, Velocity=-0.001 rad/s, Effort=-0.041 Nm
  fr2_hip_pitch: Position=-1.431 rad, Velocity=-0.001 rad/s, Effort=-0.032 Nm
  fr3_knee_pitch: Position=-0.227 rad, Velocity=-0.001 rad/s, Effort=-0.050 Nm
  fr4_foot: Position=0.487 rad, Velocity=-0.003 rad/s, Effort=0.004 Nm
  bl1_hip_roll: Position=1.216 rad, Velocity=-0.001 rad/s, Effort=-0.023 Nm
  bl2_hip_pitch: Position=-1.402 rad, Velocity=-0.001 rad/s, Effort=-0.023 Nm
  bl3_knee_pitch: Position=-0.179 rad, Velocity=-0.001 rad/s, Effort=-0.032 Nm
  bl4_foot: Position=0.232 rad, Velocity=-0.003 rad/s, Effort=-0.007 Nm
  br1_hip_roll: Position=-1.217 rad, Velocity=-0.001 rad/s, Effort=-0.023 Nm
  br2_hip_pitch: Position=1.452 rad, Velocity=-0.001 rad/s, Effort=-0.014 Nm
  br3_knee_pitch: Position=0.234 rad, Velocity=-0.001 rad/s, Effort=0.014 Nm
  br4_foot: Position=0.843 rad, Velocity=-0.003 rad/s, Effort=-0.002 Nm

[JOINT STATE] Joint State Data:
  fl1_hip_roll: Position=-1.079 rad, Velocity=-0.001 rad/s, Effort=-0.032 Nm
  fl2_hip_pitch: Position=1.280 rad, Velocity=-0.001 rad/s, Effort=-0.160 Nm
  fl3_knee_pitch: Position=0.010 rad, Velocity=-0.001 rad/s, Effort=-0.023 Nm
  fl4_foot: Position=0.544 rad, Velocity=-0.003 rad/s, Effort=-0.010 Nm
  fr1_hip_roll: Position=1.195 rad, Velocity=-0.001 rad/s, Effort=-0.069 Nm
  fr2_hip_pitch: Position=-1.431 rad, Velocity=-0.001 rad/s, Effort=-0.014 Nm
  fr3_knee_pitch: Position=-0.227 rad, Velocity=-0.001 rad/s, Effort=-0.032 Nm
  fr4_foot: Position=0.487 rad, Velocity=-0.003 rad/s, Effort=-0.005 Nm
  bl1_hip_roll: Position=1.216 rad, Velocity=-0.001 rad/s, Effort=-0.005 Nm
  bl2_hip_pitch: Position=-1.402 rad, Velocity=-0.001 rad/s, Effort=-0.005 Nm
  bl3_knee_pitch: Position=-0.179 rad, Velocity=-0.001 rad/s, Effort=-0.032 Nm
  bl4_foot: Position=0.232 rad, Velocity=-0.003 rad/s, Effort=-0.007 Nm
  br1_hip_roll: Position=-1.217 rad, Velocity=-0.001 rad/s, Effort=0.032 Nm
  br2_hip_pitch: Position=1.452 rad, Velocity=-0.001 rad/s, Effort=-0.041 Nm
  br3_knee_pitch: Position=0.234 rad, Velocity=-0.001 rad/s, Effort=-0.014 Nm
  br4_foot: Position=0.843 rad, Velocity=-0.003 rad/s, Effort=-0.001 Nm

[JOINT STATE] Joint State Data:
  fl1_hip_roll: Position=-1.079 rad, Velocity=-0.001 rad/s, Effort=-0.087 Nm
  fl2_hip_pitch: Position=1.280 rad, Velocity=-0.001 rad/s, Effort=-0.160 Nm
  fl3_knee_pitch: Position=0.010 rad, Velocity=-0.001 rad/s, Effort=-0.023 Nm
  fl4_foot: Position=0.544 rad, Velocity=-0.003 rad/s, Effort=-0.001 Nm
  fr1_hip_roll: Position=1.195 rad, Velocity=-0.001 rad/s, Effort=-0.014 Nm
  fr2_hip_pitch: Position=-1.431 rad, Velocity=-0.001 rad/s, Effort=0.005 Nm
  fr3_knee_pitch: Position=-0.227 rad, Velocity=-0.001 rad/s, Effort=-0.032 Nm
  fr4_foot: Position=0.487 rad, Velocity=-0.003 rad/s, Effort=-0.005 Nm
  bl1_hip_roll: Position=1.216 rad, Velocity=-0.001 rad/s, Effort=0.041 Nm
  bl2_hip_pitch: Position=-1.402 rad, Velocity=-0.001 rad/s, Effort=-0.014 Nm
  bl3_knee_pitch: Position=-0.179 rad, Velocity=-0.001 rad/s, Effort=0.005 Nm
  bl4_foot: Position=0.232 rad, Velocity=-0.003 rad/s, Effort=-0.001 Nm
  br1_hip_roll: Position=-1.217 rad, Velocity=-0.001 rad/s, Effort=-0.078 Nm
  br2_hip_pitch: Position=1.452 rad, Velocity=-0.001 rad/s, Effort=-0.023 Nm
  br3_knee_pitch: Position=0.234 rad, Velocity=-0.001 rad/s, Effort=-0.014 Nm
  br4_foot: Position=0.843 rad, Velocity=-0.003 rad/s, Effort=-0.002 Nm

[JOINT STATE] Joint State Data:
  fl1_hip_roll: Position=-1.079 rad, Velocity=-0.001 rad/s, Effort=0.005 Nm
  fl2_hip_pitch: Position=1.280 rad, Velocity=-0.001 rad/s, Effort=-0.160 Nm
  fl3_knee_pitch: Position=0.010 rad, Velocity=-0.001 rad/s, Effort=-0.050 Nm
  fl4_foot: Position=0.544 rad, Velocity=-0.003 rad/s, Effort=0.002 Nm
  fr1_hip_roll: Position=1.195 rad, Velocity=-0.001 rad/s, Effort=-0.005 Nm
  fr2_hip_pitch: Position=-1.431 rad, Velocity=-0.001 rad/s, Effort=0.005 Nm
  fr3_knee_pitch: Position=-0.227 rad, Velocity=-0.001 rad/s, Effort=-0.014 Nm
  fr4_foot: Position=0.487 rad, Velocity=-0.003 rad/s, Effort=-0.004 Nm
  bl1_hip_roll: Position=1.216 rad, Velocity=-0.001 rad/s, Effort=-0.023 Nm
  bl2_hip_pitch: Position=-1.402 rad, Velocity=-0.001 rad/s, Effort=-0.060 Nm
  bl3_knee_pitch: Position=-0.179 rad, Velocity=-0.001 rad/s, Effort=-0.014 Nm
  bl4_foot: Position=0.232 rad, Velocity=-0.003 rad/s, Effort=-0.001 Nm
  br1_hip_roll: Position=-1.217 rad, Velocity=-0.001 rad/s, Effort=0.023 Nm
  br2_hip_pitch: Position=1.452 rad, Velocity=-0.001 rad/s, Effort=-0.014 Nm
  br3_knee_pitch: Position=0.234 rad, Velocity=-0.001 rad/s, Effort=-0.014 Nm
  br4_foot: Position=0.843 rad, Velocity=-0.003 rad/s, Effort=-0.005 Nm

[JOINT STATE] Joint State Data:
  fl1_hip_roll: Position=-1.079 rad, Velocity=-0.001 rad/s, Effort=0.050 Nm
  fl2_hip_pitch: Position=1.280 rad, Velocity=-0.001 rad/s, Effort=-0.169 Nm
  fl3_knee_pitch: Position=0.010 rad, Velocity=-0.001 rad/s, Effort=-0.014 Nm
  fl4_foot: Position=0.544 rad, Velocity=-0.003 rad/s, Effort=-0.007 Nm
  fr1_hip_roll: Position=1.195 rad, Velocity=-0.001 rad/s, Effort=-0.069 Nm
  fr2_hip_pitch: Position=-1.431 rad, Velocity=-0.001 rad/s, Effort=-0.014 Nm
  fr3_knee_pitch: Position=-0.227 rad, Velocity=-0.001 rad/s, Effort=-0.060 Nm
  fr4_foot: Position=0.487 rad, Velocity=-0.003 rad/s, Effort=-0.002 Nm
  bl1_hip_roll: Position=1.216 rad, Velocity=-0.001 rad/s, Effort=0.005 Nm
  bl2_hip_pitch: Position=-1.402 rad, Velocity=-0.001 rad/s, Effort=-0.041 Nm
  bl3_knee_pitch: Position=-0.179 rad, Velocity=-0.001 rad/s, Effort=-0.014 Nm
  bl4_foot: Position=0.232 rad, Velocity=-0.003 rad/s, Effort=0.001 Nm
  br1_hip_roll: Position=-1.217 rad, Velocity=-0.001 rad/s, Effort=-0.032 Nm
  br2_hip_pitch: Position=1.452 rad, Velocity=-0.001 rad/s, Effort=-0.050 Nm
  br3_knee_pitch: Position=0.234 rad, Velocity=-0.001 rad/s, Effort=-0.014 Nm
  br4_foot: Position=0.843 rad, Velocity=-0.003 rad/s, Effort=-0.007 Nm

[JOINT STATE] Joint State Data:
  fl1_hip_roll: Position=-1.079 rad, Velocity=-0.001 rad/s, Effort=0.014 Nm
  fl2_hip_pitch: Position=1.280 rad, Velocity=-0.001 rad/s, Effort=-0.160 Nm
  fl3_knee_pitch: Position=0.010 rad, Velocity=-0.001 rad/s, Effort=0.032 Nm
  fl4_foot: Position=0.544 rad, Velocity=-0.003 rad/s, Effort=-0.008 Nm
  fr1_hip_roll: Position=1.195 rad, Velocity=-0.001 rad/s, Effort=-0.069 Nm
  fr2_hip_pitch: Position=-1.431 rad, Velocity=-0.001 rad/s, Effort=0.005 Nm
  fr3_knee_pitch: Position=-0.227 rad, Velocity=-0.001 rad/s, Effort=-0.069 Nm
  fr4_foot: Position=0.487 rad, Velocity=-0.003 rad/s, Effort=0.002 Nm
  bl1_hip_roll: Position=1.216 rad, Velocity=-0.001 rad/s, Effort=-0.014 Nm
  bl2_hip_pitch: Position=-1.402 rad, Velocity=-0.001 rad/s, Effort=-0.078 Nm
  bl3_knee_pitch: Position=-0.179 rad, Velocity=-0.001 rad/s, Effort=-0.005 Nm
  bl4_foot: Position=0.232 rad, Velocity=-0.003 rad/s, Effort=-0.005 Nm
  br1_hip_roll: Position=-1.217 rad, Velocity=-0.001 rad/s, Effort=0.050 Nm
  br2_hip_pitch: Position=1.452 rad, Velocity=-0.001 rad/s, Effort=0.005 Nm
  br3_knee_pitch: Position=0.234 rad, Velocity=-0.001 rad/s, Effort=-0.032 Nm
  br4_foot: Position=0.843 rad, Velocity=-0.003 rad/s, Effort=-0.007 Nm

[JOINT STATE] Joint State Data:
  fl1_hip_roll: Position=-1.079 rad, Velocity=-0.001 rad/s, Effort=-0.050 Nm
  fl2_hip_pitch: Position=1.280 rad, Velocity=-0.001 rad/s, Effort=-0.160 Nm
  fl3_knee_pitch: Position=0.010 rad, Velocity=-0.001 rad/s, Effort=-0.014 Nm
  fl4_foot: Position=0.544 rad, Velocity=-0.003 rad/s, Effort=-0.004 Nm
  fr1_hip_roll: Position=1.195 rad, Velocity=-0.001 rad/s, Effort=-0.050 Nm
  fr2_hip_pitch: Position=-1.431 rad, Velocity=-0.001 rad/s, Effort=0.014 Nm
  fr3_knee_pitch: Position=-0.227 rad, Velocity=-0.001 rad/s, Effort=-0.069 Nm
  fr4_foot: Position=0.487 rad, Velocity=-0.003 rad/s, Effort=0.005 Nm
  bl1_hip_roll: Position=1.216 rad, Velocity=-0.001 rad/s, Effort=0.069 Nm
  bl2_hip_pitch: Position=-1.402 rad, Velocity=-0.001 rad/s, Effort=0.014 Nm
  bl3_knee_pitch: Position=-0.179 rad, Velocity=-0.001 rad/s, Effort=-0.023 Nm
  bl4_foot: Position=0.232 rad, Velocity=-0.003 rad/s, Effort=0.004 Nm
  br1_hip_roll: Position=-1.217 rad, Velocity=-0.001 rad/s, Effort=-0.124 Nm
  br2_hip_pitch: Position=1.452 rad, Velocity=-0.001 rad/s, Effort=-0.032 Nm
  br3_knee_pitch: Position=0.234 rad, Velocity=-0.001 rad/s, Effort=-0.014 Nm
  br4_foot: Position=0.843 rad, Velocity=-0.003 rad/s, Effort=-0.008 Nm

[JOINT STATE] Joint State Data:
  fl1_hip_roll: Position=-1.079 rad, Velocity=-0.001 rad/s, Effort=-0.151 Nm
  fl2_hip_pitch: Position=1.280 rad, Velocity=-0.001 rad/s, Effort=-0.169 Nm
  fl3_knee_pitch: Position=0.010 rad, Velocity=-0.001 rad/s, Effort=-0.014 Nm
  fl4_foot: Position=0.544 rad, Velocity=-0.003 rad/s, Effort=-0.004 Nm
  fr1_hip_roll: Position=1.195 rad, Velocity=-0.001 rad/s, Effort=-0.050 Nm
  fr2_hip_pitch: Position=-1.431 rad, Velocity=-0.001 rad/s, Effort=0.014 Nm
  fr3_knee_pitch: Position=-0.227 rad, Velocity=-0.001 rad/s, Effort=-0.041 Nm
  fr4_foot: Position=0.487 rad, Velocity=-0.003 rad/s, Effort=0.001 Nm
  bl1_hip_roll: Position=1.216 rad, Velocity=-0.001 rad/s, Effort=-0.069 Nm
  bl2_hip_pitch: Position=-1.402 rad, Velocity=-0.001 rad/s, Effort=-0.069 Nm
  bl3_knee_pitch: Position=-0.179 rad, Velocity=-0.001 rad/s, Effort=-0.005 Nm
  bl4_foot: Position=0.232 rad, Velocity=-0.003 rad/s, Effort=0.007 Nm
  br1_hip_roll: Position=-1.217 rad, Velocity=-0.001 rad/s, Effort=-0.014 Nm
  br2_hip_pitch: Position=1.452 rad, Velocity=-0.001 rad/s, Effort=-0.050 Nm
  br3_knee_pitch: Position=0.234 rad, Velocity=-0.001 rad/s, Effort=0.005 Nm
  br4_foot: Position=0.843 rad, Velocity=-0.003 rad/s, Effort=-0.004 Nm

[JOINT STATE] Joint State Data:
  fl1_hip_roll: Position=-1.079 rad, Velocity=-0.001 rad/s, Effort=-0.078 Nm
  fl2_hip_pitch: Position=1.280 rad, Velocity=-0.001 rad/s, Effort=-0.160 Nm
  fl3_knee_pitch: Position=0.010 rad, Velocity=-0.001 rad/s, Effort=-0.005 Nm
  fl4_foot: Position=0.544 rad, Velocity=-0.003 rad/s, Effort=-0.005 Nm
  fr1_hip_roll: Position=1.195 rad, Velocity=-0.001 rad/s, Effort=-0.032 Nm
  fr2_hip_pitch: Position=-1.431 rad, Velocity=-0.001 rad/s, Effort=0.032 Nm
  fr3_knee_pitch: Position=-0.227 rad, Velocity=-0.001 rad/s, Effort=-0.060 Nm
  fr4_foot: Position=0.487 rad, Velocity=-0.003 rad/s, Effort=0.001 Nm
  bl1_hip_roll: Position=1.216 rad, Velocity=-0.001 rad/s, Effort=-0.014 Nm
  bl2_hip_pitch: Position=-1.402 rad, Velocity=-0.001 rad/s, Effort=-0.005 Nm
  bl3_knee_pitch: Position=-0.179 rad, Velocity=-0.001 rad/s, Effort=-0.005 Nm
  bl4_foot: Position=0.232 rad, Velocity=-0.003 rad/s, Effort=0.001 Nm
  br1_hip_roll: Position=-1.217 rad, Velocity=-0.001 rad/s, Effort=-0.096 Nm
  br2_hip_pitch: Position=1.452 rad, Velocity=-0.001 rad/s, Effort=-0.041 Nm
  br3_knee_pitch: Position=0.234 rad, Velocity=-0.001 rad/s, Effort=-0.041 Nm
  br4_foot: Position=0.843 rad, Velocity=-0.003 rad/s, Effort=-0.007 Nm

[JOINT STATE] Joint State Data:
  fl1_hip_roll: Position=-1.079 rad, Velocity=-0.001 rad/s, Effort=0.060 Nm
  fl2_hip_pitch: Position=1.280 rad, Velocity=-0.001 rad/s, Effort=-0.169 Nm
  fl3_knee_pitch: Position=0.010 rad, Velocity=-0.001 rad/s, Effort=-0.032 Nm
  fl4_foot: Position=0.544 rad, Velocity=-0.003 rad/s, Effort=-0.014 Nm
  fr1_hip_roll: Position=1.195 rad, Velocity=-0.001 rad/s, Effort=-0.087 Nm
  fr2_hip_pitch: Position=-1.431 rad, Velocity=-0.001 rad/s, Effort=0.005 Nm
  fr3_knee_pitch: Position=-0.227 rad, Velocity=-0.001 rad/s, Effort=-0.023 Nm
  fr4_foot: Position=0.487 rad, Velocity=-0.003 rad/s, Effort=0.004 Nm
  bl1_hip_roll: Position=1.216 rad, Velocity=-0.001 rad/s, Effort=0.023 Nm
  bl2_hip_pitch: Position=-1.402 rad, Velocity=-0.001 rad/s, Effort=-0.060 Nm
  bl3_knee_pitch: Position=-0.179 rad, Velocity=-0.001 rad/s, Effort=-0.014 Nm
  bl4_foot: Position=0.232 rad, Velocity=-0.003 rad/s, Effort=-0.004 Nm
  br1_hip_roll: Position=-1.217 rad, Velocity=-0.001 rad/s, Effort=-0.142 Nm
  br2_hip_pitch: Position=1.452 rad, Velocity=-0.001 rad/s, Effort=-0.050 Nm
  br3_knee_pitch: Position=0.234 rad, Velocity=-0.001 rad/s, Effort=-0.023 Nm
  br4_foot: Position=0.843 rad, Velocity=-0.003 rad/s, Effort=-0.004 Nm

[JOINT STATE] Joint State Data:
  fl1_hip_roll: Position=-1.079 rad, Velocity=-0.001 rad/s, Effort=-0.078 Nm
  fl2_hip_pitch: Position=1.280 rad, Velocity=-0.001 rad/s, Effort=-0.160 Nm
  fl3_knee_pitch: Position=0.010 rad, Velocity=-0.001 rad/s, Effort=-0.041 Nm
  fl4_foot: Position=0.544 rad, Velocity=-0.003 rad/s, Effort=-0.001 Nm
  fr1_hip_roll: Position=1.195 rad, Velocity=-0.001 rad/s, Effort=-0.069 Nm
  fr2_hip_pitch: Position=-1.431 rad, Velocity=-0.001 rad/s, Effort=-0.023 Nm
  fr3_knee_pitch: Position=-0.227 rad, Velocity=-0.001 rad/s, Effort=-0.041 Nm
  fr4_foot: Position=0.487 rad, Velocity=-0.003 rad/s, Effort=-0.005 Nm
  bl1_hip_roll: Position=1.216 rad, Velocity=-0.001 rad/s, Effort=-0.069 Nm
  bl2_hip_pitch: Position=-1.402 rad, Velocity=-0.001 rad/s, Effort=-0.032 Nm
  bl3_knee_pitch: Position=-0.179 rad, Velocity=-0.001 rad/s, Effort=-0.014 Nm
  bl4_foot: Position=0.232 rad, Velocity=-0.003 rad/s, Effort=0.002 Nm
  br1_hip_roll: Position=-1.217 rad, Velocity=-0.001 rad/s, Effort=-0.087 Nm
  br2_hip_pitch: Position=1.452 rad, Velocity=-0.001 rad/s, Effort=-0.032 Nm
  br3_knee_pitch: Position=0.234 rad, Velocity=-0.001 rad/s, Effort=0.014 Nm
  br4_foot: Position=0.843 rad, Velocity=-0.003 rad/s, Effort=0.001 Nm

[JOINT STATE] Joint State Data:
  fl1_hip_roll: Position=-1.079 rad, Velocity=-0.001 rad/s, Effort=-0.050 Nm
  fl2_hip_pitch: Position=1.280 rad, Velocity=-0.001 rad/s, Effort=-0.169 Nm
  fl3_knee_pitch: Position=0.010 rad, Velocity=-0.001 rad/s, Effort=0.005 Nm
  fl4_foot: Position=0.544 rad, Velocity=-0.003 rad/s, Effort=-0.013 Nm
  fr1_hip_roll: Position=1.195 rad, Velocity=-0.001 rad/s, Effort=-0.050 Nm
  fr2_hip_pitch: Position=-1.431 rad, Velocity=-0.001 rad/s, Effort=0.005 Nm
  fr3_knee_pitch: Position=-0.227 rad, Velocity=-0.001 rad/s, Effort=-0.041 Nm
  fr4_foot: Position=0.487 rad, Velocity=-0.003 rad/s, Effort=0.008 Nm
  bl1_hip_roll: Position=1.216 rad, Velocity=-0.001 rad/s, Effort=0.032 Nm
  bl2_hip_pitch: Position=-1.402 rad, Velocity=-0.001 rad/s, Effort=-0.069 Nm
  bl3_knee_pitch: Position=-0.179 rad, Velocity=-0.001 rad/s, Effort=-0.023 Nm
  bl4_foot: Position=0.232 rad, Velocity=-0.003 rad/s, Effort=0.005 Nm
  br1_hip_roll: Position=-1.217 rad, Velocity=-0.001 rad/s, Effort=-0.005 Nm
  br2_hip_pitch: Position=1.452 rad, Velocity=-0.001 rad/s, Effort=-0.041 Nm
  br3_knee_pitch: Position=0.234 rad, Velocity=-0.001 rad/s, Effort=-0.032 Nm
  br4_foot: Position=0.843 rad, Velocity=-0.003 rad/s, Effort=0.001 Nm

[JOINT STATE] Joint State Data:
  fl1_hip_roll: Position=-1.079 rad, Velocity=-0.001 rad/s, Effort=-0.078 Nm
  fl2_hip_pitch: Position=1.280 rad, Velocity=-0.001 rad/s, Effort=-0.142 Nm
  fl3_knee_pitch: Position=0.010 rad, Velocity=-0.001 rad/s, Effort=-0.032 Nm
  fl4_foot: Position=0.544 rad, Velocity=-0.003 rad/s, Effort=0.004 Nm
  fr1_hip_roll: Position=1.195 rad, Velocity=-0.001 rad/s, Effort=-0.087 Nm
  fr2_hip_pitch: Position=-1.431 rad, Velocity=-0.001 rad/s, Effort=-0.014 Nm
  fr3_knee_pitch: Position=-0.227 rad, Velocity=-0.001 rad/s, Effort=-0.041 Nm
  fr4_foot: Position=0.487 rad, Velocity=-0.003 rad/s, Effort=0.002 Nm
  bl1_hip_roll: Position=1.216 rad, Velocity=-0.001 rad/s, Effort=0.014 Nm
  bl2_hip_pitch: Position=-1.402 rad, Velocity=-0.001 rad/s, Effort=-0.096 Nm
  bl3_knee_pitch: Position=-0.179 rad, Velocity=-0.001 rad/s, Effort=-0.023 Nm
  bl4_foot: Position=0.232 rad, Velocity=-0.003 rad/s, Effort=0.001 Nm
  br1_hip_roll: Position=-1.217 rad, Velocity=-0.001 rad/s, Effort=-0.060 Nm
  br2_hip_pitch: Position=1.452 rad, Velocity=-0.001 rad/s, Effort=-0.060 Nm
  br3_knee_pitch: Position=0.234 rad, Velocity=-0.001 rad/s, Effort=0.032 Nm
  br4_foot: Position=0.843 rad, Velocity=-0.003 rad/s, Effort=-0.005 Nm

[JOINT STATE] Joint State Data:
  fl1_hip_roll: Position=-1.079 rad, Velocity=-0.001 rad/s, Effort=-0.050 Nm
  fl2_hip_pitch: Position=1.280 rad, Velocity=-0.001 rad/s, Effort=-0.169 Nm
  fl3_knee_pitch: Position=0.010 rad, Velocity=-0.001 rad/s, Effort=-0.050 Nm
  fl4_foot: Position=0.544 rad, Velocity=-0.003 rad/s, Effort=-0.013 Nm
  fr1_hip_roll: Position=1.195 rad, Velocity=-0.001 rad/s, Effort=-0.069 Nm
  fr2_hip_pitch: Position=-1.431 rad, Velocity=-0.001 rad/s, Effort=-0.014 Nm
  fr3_knee_pitch: Position=-0.227 rad, Velocity=-0.001 rad/s, Effort=-0.023 Nm
  fr4_foot: Position=0.487 rad, Velocity=-0.003 rad/s, Effort=-0.007 Nm
  bl1_hip_roll: Position=1.216 rad, Velocity=-0.001 rad/s, Effort=0.005 Nm
  bl2_hip_pitch: Position=-1.402 rad, Velocity=-0.001 rad/s, Effort=-0.105 Nm
  bl3_knee_pitch: Position=-0.179 rad, Velocity=-0.001 rad/s, Effort=-0.014 Nm
  bl4_foot: Position=0.232 rad, Velocity=-0.003 rad/s, Effort=-0.008 Nm
  br1_hip_roll: Position=-1.217 rad, Velocity=-0.011 rad/s, Effort=-0.014 Nm
  br2_hip_pitch: Position=1.452 rad, Velocity=-0.001 rad/s, Effort=-0.078 Nm
  br3_knee_pitch: Position=0.234 rad, Velocity=-0.001 rad/s, Effort=0.014 Nm
  br4_foot: Position=0.843 rad, Velocity=-0.003 rad/s, Effort=-0.001 Nm

[JOINT STATE] Joint State Data:
  fl1_hip_roll: Position=-1.079 rad, Velocity=-0.001 rad/s, Effort=0.050 Nm
  fl2_hip_pitch: Position=1.280 rad, Velocity=-0.001 rad/s, Effort=-0.160 Nm
  fl3_knee_pitch: Position=0.010 rad, Velocity=-0.001 rad/s, Effort=-0.032 Nm
  fl4_foot: Position=0.544 rad, Velocity=-0.003 rad/s, Effort=-0.014 Nm
  fr1_hip_roll: Position=1.195 rad, Velocity=-0.001 rad/s, Effort=-0.041 Nm
  fr2_hip_pitch: Position=-1.431 rad, Velocity=-0.001 rad/s, Effort=-0.014 Nm
  fr3_knee_pitch: Position=-0.227 rad, Velocity=-0.001 rad/s, Effort=-0.050 Nm
  fr4_foot: Position=0.487 rad, Velocity=-0.003 rad/s, Effort=-0.007 Nm
  bl1_hip_roll: Position=1.216 rad, Velocity=-0.001 rad/s, Effort=0.014 Nm
  bl2_hip_pitch: Position=-1.402 rad, Velocity=-0.001 rad/s, Effort=-0.023 Nm
  bl3_knee_pitch: Position=-0.179 rad, Velocity=-0.001 rad/s, Effort=-0.023 Nm
  bl4_foot: Position=0.232 rad, Velocity=-0.003 rad/s, Effort=0.005 Nm
  br1_hip_roll: Position=-1.217 rad, Velocity=0.007 rad/s, Effort=-0.078 Nm
  br2_hip_pitch: Position=1.452 rad, Velocity=-0.001 rad/s, Effort=-0.041 Nm
  br3_knee_pitch: Position=0.234 rad, Velocity=-0.001 rad/s, Effort=0.014 Nm
  br4_foot: Position=0.843 rad, Velocity=-0.003 rad/s, Effort=-0.005 Nm

[JOINT STATE] Joint State Data:
  fl1_hip_roll: Position=-1.079 rad, Velocity=-0.001 rad/s, Effort=-0.032 Nm
  fl2_hip_pitch: Position=1.280 rad, Velocity=-0.001 rad/s, Effort=-0.160 Nm
  fl3_knee_pitch: Position=0.010 rad, Velocity=-0.001 rad/s, Effort=-0.041 Nm
  fl4_foot: Position=0.544 rad, Velocity=-0.003 rad/s, Effort=-0.001 Nm
  fr1_hip_roll: Position=1.195 rad, Velocity=-0.001 rad/s, Effort=-0.014 Nm
  fr2_hip_pitch: Position=-1.431 rad, Velocity=-0.001 rad/s, Effort=-0.023 Nm
  fr3_knee_pitch: Position=-0.227 rad, Velocity=-0.001 rad/s, Effort=-0.060 Nm
  fr4_foot: Position=0.487 rad, Velocity=-0.003 rad/s, Effort=0.001 Nm
  bl1_hip_roll: Position=1.216 rad, Velocity=-0.001 rad/s, Effort=0.050 Nm
  bl2_hip_pitch: Position=-1.402 rad, Velocity=-0.001 rad/s, Effort=-0.023 Nm
  bl3_knee_pitch: Position=-0.179 rad, Velocity=-0.001 rad/s, Effort=-0.014 Nm
  bl4_foot: Position=0.232 rad, Velocity=-0.003 rad/s, Effort=0.007 Nm
  br1_hip_roll: Position=-1.217 rad, Velocity=-0.011 rad/s, Effort=-0.014 Nm
  br2_hip_pitch: Position=1.452 rad, Velocity=-0.001 rad/s, Effort=-0.005 Nm
  br3_knee_pitch: Position=0.234 rad, Velocity=-0.001 rad/s, Effort=-0.014 Nm
  br4_foot: Position=0.843 rad, Velocity=-0.003 rad/s, Effort=-0.010 Nm

[JOINT STATE] Joint State Data:
  fl1_hip_roll: Position=-1.079 rad, Velocity=-0.001 rad/s, Effort=-0.050 Nm
  fl2_hip_pitch: Position=1.280 rad, Velocity=-0.001 rad/s, Effort=-0.179 Nm
  fl3_knee_pitch: Position=0.010 rad, Velocity=-0.001 rad/s, Effort=-0.041 Nm
  fl4_foot: Position=0.544 rad, Velocity=-0.003 rad/s, Effort=-0.021 Nm
  fr1_hip_roll: Position=1.195 rad, Velocity=-0.001 rad/s, Effort=0.014 Nm
  fr2_hip_pitch: Position=-1.431 rad, Velocity=-0.001 rad/s, Effort=-0.014 Nm
  fr3_knee_pitch: Position=-0.227 rad, Velocity=-0.001 rad/s, Effort=-0.050 Nm
  fr4_foot: Position=0.487 rad, Velocity=-0.003 rad/s, Effort=-0.002 Nm
  bl1_hip_roll: Position=1.216 rad, Velocity=-0.001 rad/s, Effort=-0.023 Nm
  bl2_hip_pitch: Position=-1.402 rad, Velocity=-0.001 rad/s, Effort=-0.023 Nm
  bl3_knee_pitch: Position=-0.179 rad, Velocity=-0.001 rad/s, Effort=-0.041 Nm
  bl4_foot: Position=0.232 rad, Velocity=-0.003 rad/s, Effort=0.002 Nm
  br1_hip_roll: Position=-1.217 rad, Velocity=0.005 rad/s, Effort=-0.060 Nm
  br2_hip_pitch: Position=1.452 rad, Velocity=-0.001 rad/s, Effort=0.005 Nm
  br3_knee_pitch: Position=0.234 rad, Velocity=-0.001 rad/s, Effort=0.005 Nm
  br4_foot: Position=0.843 rad, Velocity=-0.003 rad/s, Effort=-0.011 Nm

[JOINT STATE] Joint State Data:
  fl1_hip_roll: Position=-1.079 rad, Velocity=-0.001 rad/s, Effort=0.069 Nm
  fl2_hip_pitch: Position=1.280 rad, Velocity=-0.001 rad/s, Effort=-0.142 Nm
  fl3_knee_pitch: Position=0.010 rad, Velocity=-0.001 rad/s, Effort=-0.041 Nm
  fl4_foot: Position=0.544 rad, Velocity=-0.003 rad/s, Effort=-0.002 Nm
  fr1_hip_roll: Position=1.195 rad, Velocity=-0.001 rad/s, Effort=-0.060 Nm
  fr2_hip_pitch: Position=-1.431 rad, Velocity=-0.001 rad/s, Effort=-0.041 Nm
  fr3_knee_pitch: Position=-0.227 rad, Velocity=-0.001 rad/s, Effort=-0.014 Nm
  fr4_foot: Position=0.487 rad, Velocity=-0.003 rad/s, Effort=-0.011 Nm
  bl1_hip_roll: Position=1.216 rad, Velocity=-0.001 rad/s, Effort=0.078 Nm
  bl2_hip_pitch: Position=-1.402 rad, Velocity=-0.001 rad/s, Effort=-0.105 Nm
  bl3_knee_pitch: Position=-0.179 rad, Velocity=-0.001 rad/s, Effort=-0.032 Nm
  bl4_foot: Position=0.232 rad, Velocity=-0.003 rad/s, Effort=0.002 Nm
  br1_hip_roll: Position=-1.217 rad, Velocity=-0.003 rad/s, Effort=-0.060 Nm
  br2_hip_pitch: Position=1.452 rad, Velocity=-0.001 rad/s, Effort=-0.041 Nm
  br3_knee_pitch: Position=0.234 rad, Velocity=-0.001 rad/s, Effort=0.023 Nm
  br4_foot: Position=0.843 rad, Velocity=-0.003 rad/s, Effort=-0.004 Nm

[JOINT STATE] Joint State Data:
  fl1_hip_roll: Position=-1.079 rad, Velocity=-0.001 rad/s, Effort=-0.032 Nm
  fl2_hip_pitch: Position=1.280 rad, Velocity=-0.001 rad/s, Effort=-0.169 Nm
  fl3_knee_pitch: Position=0.010 rad, Velocity=-0.001 rad/s, Effort=-0.050 Nm
  fl4_foot: Position=0.544 rad, Velocity=-0.003 rad/s, Effort=-0.011 Nm
  fr1_hip_roll: Position=1.195 rad, Velocity=-0.001 rad/s, Effort=-0.050 Nm
  fr2_hip_pitch: Position=-1.431 rad, Velocity=-0.001 rad/s, Effort=-0.032 Nm
  fr3_knee_pitch: Position=-0.227 rad, Velocity=-0.001 rad/s, Effort=-0.023 Nm
  fr4_foot: Position=0.487 rad, Velocity=-0.003 rad/s, Effort=-0.001 Nm
  bl1_hip_roll: Position=1.216 rad, Velocity=-0.001 rad/s, Effort=0.069 Nm
  bl2_hip_pitch: Position=-1.402 rad, Velocity=-0.001 rad/s, Effort=-0.005 Nm
  bl3_knee_pitch: Position=-0.179 rad, Velocity=-0.001 rad/s, Effort=-0.032 Nm
  bl4_foot: Position=0.232 rad, Velocity=-0.003 rad/s, Effort=0.001 Nm
  br1_hip_roll: Position=-1.217 rad, Velocity=-0.001 rad/s, Effort=0.032 Nm
  br2_hip_pitch: Position=1.452 rad, Velocity=-0.001 rad/s, Effort=-0.023 Nm
  br3_knee_pitch: Position=0.234 rad, Velocity=-0.001 rad/s, Effort=0.005 Nm
  br4_foot: Position=0.843 rad, Velocity=-0.003 rad/s, Effort=-0.007 Nm

[JOINT STATE] Joint State Data:
  fl1_hip_roll: Position=-1.079 rad, Velocity=-0.001 rad/s, Effort=-0.078 Nm
  fl2_hip_pitch: Position=1.280 rad, Velocity=-0.001 rad/s, Effort=-0.151 Nm
  fl3_knee_pitch: Position=0.010 rad, Velocity=-0.001 rad/s, Effort=-0.069 Nm
  fl4_foot: Position=0.544 rad, Velocity=-0.003 rad/s, Effort=0.002 Nm
  fr1_hip_roll: Position=1.195 rad, Velocity=-0.001 rad/s, Effort=-0.060 Nm
  fr2_hip_pitch: Position=-1.431 rad, Velocity=-0.001 rad/s, Effort=0.005 Nm
  fr3_knee_pitch: Position=-0.227 rad, Velocity=-0.001 rad/s, Effort=-0.014 Nm
  fr4_foot: Position=0.487 rad, Velocity=-0.003 rad/s, Effort=-0.008 Nm
  bl1_hip_roll: Position=1.216 rad, Velocity=-0.001 rad/s, Effort=-0.041 Nm
  bl2_hip_pitch: Position=-1.402 rad, Velocity=-0.001 rad/s, Effort=-0.041 Nm
  bl3_knee_pitch: Position=-0.179 rad, Velocity=-0.001 rad/s, Effort=-0.005 Nm
  bl4_foot: Position=0.232 rad, Velocity=-0.003 rad/s, Effort=0.004 Nm
  br1_hip_roll: Position=-1.217 rad, Velocity=-0.007 rad/s, Effort=-0.078 Nm
  br2_hip_pitch: Position=1.452 rad, Velocity=-0.001 rad/s, Effort=-0.060 Nm
  br3_knee_pitch: Position=0.234 rad, Velocity=-0.001 rad/s, Effort=0.032 Nm
  br4_foot: Position=0.843 rad, Velocity=-0.003 rad/s, Effort=-0.005 Nm

[JOINT STATE] Joint State Data:
  fl1_hip_roll: Position=-1.079 rad, Velocity=-0.001 rad/s, Effort=-0.069 Nm
  fl2_hip_pitch: Position=1.280 rad, Velocity=-0.001 rad/s, Effort=-0.160 Nm
  fl3_knee_pitch: Position=0.010 rad, Velocity=-0.001 rad/s, Effort=-0.023 Nm
  fl4_foot: Position=0.544 rad, Velocity=-0.003 rad/s, Effort=-0.008 Nm
  fr1_hip_roll: Position=1.195 rad, Velocity=-0.001 rad/s, Effort=-0.032 Nm
  fr2_hip_pitch: Position=-1.431 rad, Velocity=-0.001 rad/s, Effort=0.005 Nm
  fr3_knee_pitch: Position=-0.227 rad, Velocity=-0.001 rad/s, Effort=-0.041 Nm
  fr4_foot: Position=0.487 rad, Velocity=-0.003 rad/s, Effort=0.002 Nm
  bl1_hip_roll: Position=1.216 rad, Velocity=-0.001 rad/s, Effort=-0.096 Nm
  bl2_hip_pitch: Position=-1.402 rad, Velocity=-0.001 rad/s, Effort=-0.032 Nm
  bl3_knee_pitch: Position=-0.179 rad, Velocity=-0.001 rad/s, Effort=-0.041 Nm
  bl4_foot: Position=0.232 rad, Velocity=-0.003 rad/s, Effort=-0.004 Nm
  br1_hip_roll: Position=-1.217 rad, Velocity=0.001 rad/s, Effort=-0.041 Nm
  br2_hip_pitch: Position=1.452 rad, Velocity=-0.001 rad/s, Effort=-0.014 Nm
  br3_knee_pitch: Position=0.234 rad, Velocity=-0.001 rad/s, Effort=-0.032 Nm
  br4_foot: Position=0.843 rad, Velocity=-0.003 rad/s, Effort=-0.005 Nm

[JOINT STATE] Joint State Data:
  fl1_hip_roll: Position=-1.079 rad, Velocity=-0.001 rad/s, Effort=0.014 Nm
  fl2_hip_pitch: Position=1.280 rad, Velocity=-0.001 rad/s, Effort=-0.160 Nm
  fl3_knee_pitch: Position=0.010 rad, Velocity=-0.001 rad/s, Effort=-0.032 Nm
  fl4_foot: Position=0.544 rad, Velocity=-0.003 rad/s, Effort=-0.005 Nm
  fr1_hip_roll: Position=1.195 rad, Velocity=-0.001 rad/s, Effort=-0.032 Nm
  fr2_hip_pitch: Position=-1.431 rad, Velocity=-0.001 rad/s, Effort=0.014 Nm
  fr3_knee_pitch: Position=-0.227 rad, Velocity=-0.001 rad/s, Effort=-0.060 Nm
  fr4_foot: Position=0.487 rad, Velocity=-0.003 rad/s, Effort=-0.001 Nm
  bl1_hip_roll: Position=1.216 rad, Velocity=-0.001 rad/s, Effort=-0.041 Nm
  bl2_hip_pitch: Position=-1.402 rad, Velocity=-0.001 rad/s, Effort=-0.023 Nm
  bl3_knee_pitch: Position=-0.179 rad, Velocity=-0.001 rad/s, Effort=-0.050 Nm
  bl4_foot: Position=0.232 rad, Velocity=-0.003 rad/s, Effort=0.008 Nm
  br1_hip_roll: Position=-1.217 rad, Velocity=-0.001 rad/s, Effort=-0.069 Nm
  br2_hip_pitch: Position=1.452 rad, Velocity=-0.001 rad/s, Effort=-0.060 Nm
  br3_knee_pitch: Position=0.234 rad, Velocity=-0.001 rad/s, Effort=-0.032 Nm
  br4_foot: Position=0.843 rad, Velocity=-0.003 rad/s, Effort=-0.008 Nm

[JOINT STATE] Joint State Data:
  fl1_hip_roll: Position=-1.079 rad, Velocity=-0.001 rad/s, Effort=-0.087 Nm
  fl2_hip_pitch: Position=1.280 rad, Velocity=-0.001 rad/s, Effort=-0.160 Nm
  fl3_knee_pitch: Position=0.010 rad, Velocity=-0.001 rad/s, Effort=0.032 Nm
  fl4_foot: Position=0.544 rad, Velocity=-0.003 rad/s, Effort=-0.004 Nm
  fr1_hip_roll: Position=1.195 rad, Velocity=-0.001 rad/s, Effort=-0.041 Nm
  fr2_hip_pitch: Position=-1.431 rad, Velocity=-0.001 rad/s, Effort=-0.005 Nm
  fr3_knee_pitch: Position=-0.227 rad, Velocity=-0.001 rad/s, Effort=-0.032 Nm
  fr4_foot: Position=0.487 rad, Velocity=-0.003 rad/s, Effort=-0.008 Nm
  bl1_hip_roll: Position=1.216 rad, Velocity=-0.001 rad/s, Effort=-0.032 Nm
  bl2_hip_pitch: Position=-1.402 rad, Velocity=-0.001 rad/s, Effort=-0.023 Nm
  bl3_knee_pitch: Position=-0.179 rad, Velocity=-0.001 rad/s, Effort=-0.005 Nm
  bl4_foot: Position=0.232 rad, Velocity=-0.003 rad/s, Effort=-0.008 Nm
  br1_hip_roll: Position=-1.217 rad, Velocity=-0.001 rad/s, Effort=-0.023 Nm
  br2_hip_pitch: Position=1.452 rad, Velocity=-0.001 rad/s, Effort=-0.023 Nm
  br3_knee_pitch: Position=0.234 rad, Velocity=-0.001 rad/s, Effort=-0.023 Nm
  br4_foot: Position=0.843 rad, Velocity=-0.003 rad/s, Effort=-0.005 Nm

[JOINT STATE] Joint State Data:
  fl1_hip_roll: Position=-1.079 rad, Velocity=-0.001 rad/s, Effort=-0.151 Nm
  fl2_hip_pitch: Position=1.280 rad, Velocity=-0.001 rad/s, Effort=-0.169 Nm
  fl3_knee_pitch: Position=0.010 rad, Velocity=-0.001 rad/s, Effort=-0.014 Nm
  fl4_foot: Position=0.544 rad, Velocity=-0.003 rad/s, Effort=-0.002 Nm
  fr1_hip_roll: Position=1.195 rad, Velocity=-0.001 rad/s, Effort=-0.041 Nm
  fr2_hip_pitch: Position=-1.431 rad, Velocity=-0.001 rad/s, Effort=-0.032 Nm
  fr3_knee_pitch: Position=-0.227 rad, Velocity=-0.001 rad/s, Effort=-0.023 Nm
  fr4_foot: Position=0.487 rad, Velocity=-0.003 rad/s, Effort=-0.004 Nm
  bl1_hip_roll: Position=1.216 rad, Velocity=-0.001 rad/s, Effort=0.005 Nm
  bl2_hip_pitch: Position=-1.402 rad, Velocity=-0.001 rad/s, Effort=0.005 Nm
  bl3_knee_pitch: Position=-0.179 rad, Velocity=-0.001 rad/s, Effort=-0.050 Nm
  bl4_foot: Position=0.232 rad, Velocity=-0.003 rad/s, Effort=0.001 Nm
  br1_hip_roll: Position=-1.217 rad, Velocity=-0.001 rad/s, Effort=0.114 Nm
  br2_hip_pitch: Position=1.452 rad, Velocity=-0.001 rad/s, Effort=-0.032 Nm
  br3_knee_pitch: Position=0.234 rad, Velocity=-0.001 rad/s, Effort=-0.005 Nm
  br4_foot: Position=0.843 rad, Velocity=-0.003 rad/s, Effort=-0.001 Nm

[JOINT STATE] Joint State Data:
  fl1_hip_roll: Position=-1.079 rad, Velocity=-0.001 rad/s, Effort=-0.069 Nm
  fl2_hip_pitch: Position=1.280 rad, Velocity=-0.001 rad/s, Effort=-0.160 Nm
  fl3_knee_pitch: Position=0.010 rad, Velocity=-0.001 rad/s, Effort=-0.014 Nm
  fl4_foot: Position=0.544 rad, Velocity=-0.003 rad/s, Effort=-0.004 Nm
  fr1_hip_roll: Position=1.195 rad, Velocity=-0.001 rad/s, Effort=-0.069 Nm
  fr2_hip_pitch: Position=-1.431 rad, Velocity=-0.001 rad/s, Effort=-0.050 Nm
  fr3_knee_pitch: Position=-0.227 rad, Velocity=-0.001 rad/s, Effort=-0.032 Nm
  fr4_foot: Position=0.487 rad, Velocity=-0.003 rad/s, Effort=-0.002 Nm
  bl1_hip_roll: Position=1.216 rad, Velocity=-0.001 rad/s, Effort=0.023 Nm
  bl2_hip_pitch: Position=-1.402 rad, Velocity=-0.001 rad/s, Effort=-0.050 Nm
  bl3_knee_pitch: Position=-0.179 rad, Velocity=-0.001 rad/s, Effort=-0.032 Nm
  bl4_foot: Position=0.232 rad, Velocity=-0.003 rad/s, Effort=-0.010 Nm
  br1_hip_roll: Position=-1.217 rad, Velocity=-0.001 rad/s, Effort=0.005 Nm
  br2_hip_pitch: Position=1.452 rad, Velocity=-0.001 rad/s, Effort=-0.069 Nm
  br3_knee_pitch: Position=0.234 rad, Velocity=-0.001 rad/s, Effort=-0.050 Nm
  br4_foot: Position=0.843 rad, Velocity=-0.003 rad/s, Effort=-0.007 Nm

[JOINT STATE] Joint State Data:
  fl1_hip_roll: Position=-1.079 rad, Velocity=-0.001 rad/s, Effort=-0.078 Nm
  fl2_hip_pitch: Position=1.280 rad, Velocity=-0.001 rad/s, Effort=-0.160 Nm
  fl3_knee_pitch: Position=0.010 rad, Velocity=-0.001 rad/s, Effort=-0.041 Nm
  fl4_foot: Position=0.544 rad, Velocity=-0.003 rad/s, Effort=0.002 Nm
  fr1_hip_roll: Position=1.195 rad, Velocity=-0.001 rad/s, Effort=-0.041 Nm
  fr2_hip_pitch: Position=-1.431 rad, Velocity=-0.001 rad/s, Effort=-0.005 Nm
  fr3_knee_pitch: Position=-0.227 rad, Velocity=-0.001 rad/s, Effort=-0.032 Nm
  fr4_foot: Position=0.487 rad, Velocity=-0.003 rad/s, Effort=-0.007 Nm
  bl1_hip_roll: Position=1.216 rad, Velocity=-0.001 rad/s, Effort=-0.032 Nm
  bl2_hip_pitch: Position=-1.402 rad, Velocity=-0.001 rad/s, Effort=-0.032 Nm
  bl3_knee_pitch: Position=-0.179 rad, Velocity=-0.001 rad/s, Effort=-0.014 Nm
  bl4_foot: Position=0.232 rad, Velocity=-0.003 rad/s, Effort=-0.007 Nm
  br1_hip_roll: Position=-1.217 rad, Velocity=-0.001 rad/s, Effort=-0.069 Nm
  br2_hip_pitch: Position=1.452 rad, Velocity=-0.001 rad/s, Effort=-0.023 Nm
  br3_knee_pitch: Position=0.234 rad, Velocity=-0.001 rad/s, Effort=-0.005 Nm
  br4_foot: Position=0.843 rad, Velocity=-0.003 rad/s, Effort=-0.002 Nm

[JOINT STATE] Joint State Data:
  fl1_hip_roll: Position=-1.079 rad, Velocity=-0.001 rad/s, Effort=-0.096 Nm
  fl2_hip_pitch: Position=1.280 rad, Velocity=-0.001 rad/s, Effort=-0.169 Nm
  fl3_knee_pitch: Position=0.010 rad, Velocity=-0.001 rad/s, Effort=-0.032 Nm
  fl4_foot: Position=0.544 rad, Velocity=-0.003 rad/s, Effort=-0.007 Nm
  fr1_hip_roll: Position=1.195 rad, Velocity=-0.001 rad/s, Effort=-0.087 Nm
  fr2_hip_pitch: Position=-1.431 rad, Velocity=-0.001 rad/s, Effort=-0.050 Nm
  fr3_knee_pitch: Position=-0.227 rad, Velocity=-0.001 rad/s, Effort=-0.032 Nm
  fr4_foot: Position=0.487 rad, Velocity=-0.003 rad/s, Effort=-0.011 Nm
  bl1_hip_roll: Position=1.216 rad, Velocity=-0.001 rad/s, Effort=-0.014 Nm
  bl2_hip_pitch: Position=-1.402 rad, Velocity=-0.001 rad/s, Effort=-0.014 Nm
  bl3_knee_pitch: Position=-0.179 rad, Velocity=-0.001 rad/s, Effort=-0.032 Nm
  bl4_foot: Position=0.232 rad, Velocity=-0.003 rad/s, Effort=-0.007 Nm
  br1_hip_roll: Position=-1.217 rad, Velocity=-0.001 rad/s, Effort=-0.050 Nm
  br2_hip_pitch: Position=1.452 rad, Velocity=-0.001 rad/s, Effort=-0.041 Nm
  br3_knee_pitch: Position=0.234 rad, Velocity=-0.001 rad/s, Effort=-0.050 Nm
  br4_foot: Position=0.843 rad, Velocity=-0.003 rad/s, Effort=0.001 Nm

[JOINT STATE] Joint State Data:
  fl1_hip_roll: Position=-1.079 rad, Velocity=-0.001 rad/s, Effort=-0.069 Nm
  fl2_hip_pitch: Position=1.280 rad, Velocity=-0.001 rad/s, Effort=-0.169 Nm
  fl3_knee_pitch: Position=0.010 rad, Velocity=-0.001 rad/s, Effort=-0.023 Nm
  fl4_foot: Position=0.544 rad, Velocity=-0.003 rad/s, Effort=-0.007 Nm
  fr1_hip_roll: Position=1.195 rad, Velocity=-0.001 rad/s, Effort=-0.060 Nm
  fr2_hip_pitch: Position=-1.431 rad, Velocity=-0.001 rad/s, Effort=-0.014 Nm
  fr3_knee_pitch: Position=-0.227 rad, Velocity=-0.001 rad/s, Effort=-0.060 Nm
  fr4_foot: Position=0.487 rad, Velocity=-0.003 rad/s, Effort=-0.005 Nm
  bl1_hip_roll: Position=1.216 rad, Velocity=-0.001 rad/s, Effort=0.060 Nm
  bl2_hip_pitch: Position=-1.402 rad, Velocity=-0.001 rad/s, Effort=-0.060 Nm
  bl3_knee_pitch: Position=-0.179 rad, Velocity=-0.001 rad/s, Effort=-0.032 Nm
  bl4_foot: Position=0.232 rad, Velocity=-0.003 rad/s, Effort=-0.004 Nm
  br1_hip_roll: Position=-1.217 rad, Velocity=-0.001 rad/s, Effort=-0.041 Nm
  br2_hip_pitch: Position=1.452 rad, Velocity=-0.001 rad/s, Effort=-0.060 Nm
  br3_knee_pitch: Position=0.234 rad, Velocity=-0.001 rad/s, Effort=0.032 Nm
  br4_foot: Position=0.843 rad, Velocity=-0.003 rad/s, Effort=-0.002 Nm

[JOINT STATE] Joint State Data:
  fl1_hip_roll: Position=-1.079 rad, Velocity=-0.001 rad/s, Effort=-0.050 Nm
  fl2_hip_pitch: Position=1.280 rad, Velocity=-0.001 rad/s, Effort=-0.169 Nm
  fl3_knee_pitch: Position=0.010 rad, Velocity=-0.001 rad/s, Effort=-0.023 Nm
  fl4_foot: Position=0.544 rad, Velocity=-0.003 rad/s, Effort=-0.021 Nm
  fr1_hip_roll: Position=1.195 rad, Velocity=-0.001 rad/s, Effort=-0.005 Nm
  fr2_hip_pitch: Position=-1.431 rad, Velocity=-0.001 rad/s, Effort=-0.041 Nm
  fr3_knee_pitch: Position=-0.227 rad, Velocity=-0.001 rad/s, Effort=-0.005 Nm
  fr4_foot: Position=0.487 rad, Velocity=-0.003 rad/s, Effort=-0.007 Nm
  bl1_hip_roll: Position=1.216 rad, Velocity=-0.001 rad/s, Effort=-0.005 Nm
  bl2_hip_pitch: Position=-1.402 rad, Velocity=-0.001 rad/s, Effort=0.050 Nm
  bl3_knee_pitch: Position=-0.179 rad, Velocity=-0.001 rad/s, Effort=-0.032 Nm
  bl4_foot: Position=0.232 rad, Velocity=-0.003 rad/s, Effort=-0.004 Nm
  br1_hip_roll: Position=-1.217 rad, Velocity=-0.001 rad/s, Effort=-0.096 Nm
  br2_hip_pitch: Position=1.452 rad, Velocity=-0.001 rad/s, Effort=-0.041 Nm
  br3_knee_pitch: Position=0.234 rad, Velocity=-0.001 rad/s, Effort=-0.005 Nm
  br4_foot: Position=0.843 rad, Velocity=-0.003 rad/s, Effort=-0.004 Nm

[JOINT STATE] Joint State Data:
  fl1_hip_roll: Position=-1.079 rad, Velocity=-0.001 rad/s, Effort=-0.087 Nm
  fl2_hip_pitch: Position=1.280 rad, Velocity=-0.001 rad/s, Effort=-0.160 Nm
  fl3_knee_pitch: Position=0.010 rad, Velocity=-0.001 rad/s, Effort=-0.032 Nm
  fl4_foot: Position=0.544 rad, Velocity=-0.003 rad/s, Effort=0.004 Nm
  fr1_hip_roll: Position=1.195 rad, Velocity=-0.001 rad/s, Effort=-0.023 Nm
  fr2_hip_pitch: Position=-1.431 rad, Velocity=-0.001 rad/s, Effort=-0.023 Nm
  fr3_knee_pitch: Position=-0.227 rad, Velocity=-0.001 rad/s, Effort=-0.032 Nm
  fr4_foot: Position=0.487 rad, Velocity=-0.003 rad/s, Effort=-0.001 Nm
  bl1_hip_roll: Position=1.216 rad, Velocity=-0.001 rad/s, Effort=-0.060 Nm
  bl2_hip_pitch: Position=-1.402 rad, Velocity=-0.001 rad/s, Effort=-0.096 Nm
  bl3_knee_pitch: Position=-0.179 rad, Velocity=-0.001 rad/s, Effort=-0.050 Nm
  bl4_foot: Position=0.232 rad, Velocity=-0.003 rad/s, Effort=-0.013 Nm
  br1_hip_roll: Position=-1.217 rad, Velocity=-0.001 rad/s, Effort=-0.005 Nm
  br2_hip_pitch: Position=1.452 rad, Velocity=-0.001 rad/s, Effort=0.023 Nm
  br3_knee_pitch: Position=0.234 rad, Velocity=-0.001 rad/s, Effort=0.060 Nm
  br4_foot: Position=0.843 rad, Velocity=-0.003 rad/s, Effort=-0.011 Nm

[JOINT STATE] Joint State Data:
  fl1_hip_roll: Position=-1.079 rad, Velocity=-0.001 rad/s, Effort=-0.005 Nm
  fl2_hip_pitch: Position=1.280 rad, Velocity=-0.001 rad/s, Effort=-0.160 Nm
  fl3_knee_pitch: Position=0.010 rad, Velocity=-0.001 rad/s, Effort=-0.032 Nm
  fl4_foot: Position=0.544 rad, Velocity=-0.003 rad/s, Effort=-0.004 Nm
  fr1_hip_roll: Position=1.195 rad, Velocity=-0.001 rad/s, Effort=-0.050 Nm
  fr2_hip_pitch: Position=-1.431 rad, Velocity=-0.001 rad/s, Effort=-0.041 Nm
  fr3_knee_pitch: Position=-0.227 rad, Velocity=-0.001 rad/s, Effort=-0.023 Nm
  fr4_foot: Position=0.487 rad, Velocity=-0.003 rad/s, Effort=0.001 Nm
  bl1_hip_roll: Position=1.216 rad, Velocity=-0.001 rad/s, Effort=-0.050 Nm
  bl2_hip_pitch: Position=-1.402 rad, Velocity=-0.001 rad/s, Effort=-0.014 Nm
  bl3_knee_pitch: Position=-0.179 rad, Velocity=-0.001 rad/s, Effort=-0.041 Nm
  bl4_foot: Position=0.232 rad, Velocity=-0.003 rad/s, Effort=0.008 Nm
  br1_hip_roll: Position=-1.217 rad, Velocity=-0.001 rad/s, Effort=-0.096 Nm
  br2_hip_pitch: Position=1.452 rad, Velocity=-0.001 rad/s, Effort=-0.050 Nm
  br3_knee_pitch: Position=0.234 rad, Velocity=-0.001 rad/s, Effort=0.032 Nm
  br4_foot: Position=0.843 rad, Velocity=-0.003 rad/s, Effort=-0.004 Nm

[JOINT STATE] Joint State Data:
  fl1_hip_roll: Position=-1.079 rad, Velocity=-0.001 rad/s, Effort=-0.078 Nm
  fl2_hip_pitch: Position=1.280 rad, Velocity=-0.001 rad/s, Effort=-0.151 Nm
  fl3_knee_pitch: Position=0.010 rad, Velocity=-0.001 rad/s, Effort=-0.069 Nm
  fl4_foot: Position=0.544 rad, Velocity=-0.003 rad/s, Effort=0.007 Nm
  fr1_hip_roll: Position=1.195 rad, Velocity=-0.001 rad/s, Effort=-0.014 Nm
  fr2_hip_pitch: Position=-1.431 rad, Velocity=-0.001 rad/s, Effort=-0.050 Nm
  fr3_knee_pitch: Position=-0.227 rad, Velocity=-0.001 rad/s, Effort=-0.032 Nm
  fr4_foot: Position=0.487 rad, Velocity=-0.003 rad/s, Effort=-0.005 Nm
  bl1_hip_roll: Position=1.216 rad, Velocity=-0.001 rad/s, Effort=0.005 Nm
  bl2_hip_pitch: Position=-1.402 rad, Velocity=-0.001 rad/s, Effort=-0.050 Nm
  bl3_knee_pitch: Position=-0.179 rad, Velocity=-0.001 rad/s, Effort=-0.041 Nm
  bl4_foot: Position=0.232 rad, Velocity=-0.003 rad/s, Effort=-0.001 Nm
  br1_hip_roll: Position=-1.217 rad, Velocity=-0.001 rad/s, Effort=-0.087 Nm
  br2_hip_pitch: Position=1.452 rad, Velocity=-0.001 rad/s, Effort=-0.032 Nm
  br3_knee_pitch: Position=0.234 rad, Velocity=-0.001 rad/s, Effort=-0.005 Nm
  br4_foot: Position=0.843 rad, Velocity=-0.003 rad/s, Effort=-0.008 Nm

[JOINT STATE] Joint State Data:
  fl1_hip_roll: Position=-1.079 rad, Velocity=-0.001 rad/s, Effort=0.050 Nm
  fl2_hip_pitch: Position=1.280 rad, Velocity=-0.001 rad/s, Effort=-0.160 Nm
  fl3_knee_pitch: Position=0.010 rad, Velocity=-0.001 rad/s, Effort=-0.023 Nm
  fl4_foot: Position=0.544 rad, Velocity=-0.003 rad/s, Effort=0.002 Nm
  fr1_hip_roll: Position=1.195 rad, Velocity=-0.001 rad/s, Effort=-0.032 Nm
  fr2_hip_pitch: Position=-1.431 rad, Velocity=-0.001 rad/s, Effort=-0.050 Nm
  fr3_knee_pitch: Position=-0.227 rad, Velocity=-0.001 rad/s, Effort=-0.069 Nm
  fr4_foot: Position=0.487 rad, Velocity=-0.003 rad/s, Effort=0.007 Nm
  bl1_hip_roll: Position=1.216 rad, Velocity=-0.001 rad/s, Effort=0.060 Nm
  bl2_hip_pitch: Position=-1.402 rad, Velocity=-0.001 rad/s, Effort=-0.005 Nm
  bl3_knee_pitch: Position=-0.179 rad, Velocity=-0.001 rad/s, Effort=-0.023 Nm
  bl4_foot: Position=0.232 rad, Velocity=-0.003 rad/s, Effort=-0.005 Nm
  br1_hip_roll: Position=-1.217 rad, Velocity=-0.001 rad/s, Effort=-0.014 Nm
  br2_hip_pitch: Position=1.452 rad, Velocity=-0.001 rad/s, Effort=-0.069 Nm
  br3_knee_pitch: Position=0.234 rad, Velocity=-0.001 rad/s, Effort=0.014 Nm
  br4_foot: Position=0.843 rad, Velocity=-0.003 rad/s, Effort=-0.001 Nm

[JOINT STATE] Joint State Data:
  fl1_hip_roll: Position=-1.079 rad, Velocity=-0.001 rad/s, Effort=-0.078 Nm
  fl2_hip_pitch: Position=1.280 rad, Velocity=-0.001 rad/s, Effort=-0.169 Nm
  fl3_knee_pitch: Position=0.010 rad, Velocity=-0.001 rad/s, Effort=-0.041 Nm
  fl4_foot: Position=0.544 rad, Velocity=-0.003 rad/s, Effort=-0.016 Nm
  fr1_hip_roll: Position=1.195 rad, Velocity=-0.001 rad/s, Effort=-0.050 Nm
  fr2_hip_pitch: Position=-1.431 rad, Velocity=-0.001 rad/s, Effort=-0.005 Nm
  fr3_knee_pitch: Position=-0.227 rad, Velocity=-0.001 rad/s, Effort=-0.069 Nm
  fr4_foot: Position=0.487 rad, Velocity=-0.003 rad/s, Effort=-0.014 Nm
  bl1_hip_roll: Position=1.216 rad, Velocity=-0.001 rad/s, Effort=-0.032 Nm
  bl2_hip_pitch: Position=-1.402 rad, Velocity=-0.001 rad/s, Effort=-0.078 Nm
  bl3_knee_pitch: Position=-0.179 rad, Velocity=-0.001 rad/s, Effort=-0.041 Nm
  bl4_foot: Position=0.232 rad, Velocity=-0.003 rad/s, Effort=0.001 Nm
  br1_hip_roll: Position=-1.217 rad, Velocity=-0.001 rad/s, Effort=-0.050 Nm
  br2_hip_pitch: Position=1.452 rad, Velocity=-0.001 rad/s, Effort=-0.069 Nm
  br3_knee_pitch: Position=0.234 rad, Velocity=-0.001 rad/s, Effort=-0.005 Nm
  br4_foot: Position=0.843 rad, Velocity=-0.003 rad/s, Effort=0.002 Nm

[JOINT STATE] Joint State Data:
  fl1_hip_roll: Position=-1.079 rad, Velocity=-0.001 rad/s, Effort=-0.014 Nm
  fl2_hip_pitch: Position=1.280 rad, Velocity=-0.001 rad/s, Effort=-0.169 Nm
  fl3_knee_pitch: Position=0.010 rad, Velocity=-0.001 rad/s, Effort=-0.041 Nm
  fl4_foot: Position=0.544 rad, Velocity=-0.003 rad/s, Effort=0.007 Nm
  fr1_hip_roll: Position=1.195 rad, Velocity=-0.001 rad/s, Effort=-0.060 Nm
  fr2_hip_pitch: Position=-1.431 rad, Velocity=-0.001 rad/s, Effort=-0.023 Nm
  fr3_knee_pitch: Position=-0.227 rad, Velocity=-0.001 rad/s, Effort=-0.069 Nm
  fr4_foot: Position=0.487 rad, Velocity=-0.003 rad/s, Effort=-0.005 Nm
  bl1_hip_roll: Position=1.216 rad, Velocity=-0.001 rad/s, Effort=-0.014 Nm
  bl2_hip_pitch: Position=-1.402 rad, Velocity=-0.001 rad/s, Effort=-0.014 Nm
  bl3_knee_pitch: Position=-0.179 rad, Velocity=-0.001 rad/s, Effort=-0.041 Nm
  bl4_foot: Position=0.232 rad, Velocity=-0.003 rad/s, Effort=0.005 Nm
  br1_hip_roll: Position=-1.217 rad, Velocity=-0.001 rad/s, Effort=-0.041 Nm
  br2_hip_pitch: Position=1.452 rad, Velocity=-0.001 rad/s, Effort=-0.060 Nm
  br3_knee_pitch: Position=0.234 rad, Velocity=-0.001 rad/s, Effort=0.041 Nm
  br4_foot: Position=0.843 rad, Velocity=-0.003 rad/s, Effort=0.002 Nm

[JOINT STATE] Joint State Data:
  fl1_hip_roll: Position=-1.079 rad, Velocity=-0.001 rad/s, Effort=-0.069 Nm
  fl2_hip_pitch: Position=1.280 rad, Velocity=-0.001 rad/s, Effort=-0.169 Nm
  fl3_knee_pitch: Position=0.010 rad, Velocity=-0.001 rad/s, Effort=-0.014 Nm
  fl4_foot: Position=0.544 rad, Velocity=-0.003 rad/s, Effort=-0.014 Nm
  fr1_hip_roll: Position=1.195 rad, Velocity=-0.001 rad/s, Effort=-0.041 Nm
  fr2_hip_pitch: Position=-1.431 rad, Velocity=-0.001 rad/s, Effort=-0.014 Nm
  fr3_knee_pitch: Position=-0.227 rad, Velocity=-0.001 rad/s, Effort=-0.032 Nm
  fr4_foot: Position=0.487 rad, Velocity=-0.003 rad/s, Effort=-0.004 Nm
  bl1_hip_roll: Position=1.216 rad, Velocity=-0.001 rad/s, Effort=0.069 Nm
  bl2_hip_pitch: Position=-1.402 rad, Velocity=-0.001 rad/s, Effort=-0.023 Nm
  bl3_knee_pitch: Position=-0.179 rad, Velocity=-0.001 rad/s, Effort=-0.023 Nm
  bl4_foot: Position=0.232 rad, Velocity=-0.003 rad/s, Effort=-0.001 Nm
  br1_hip_roll: Position=-1.217 rad, Velocity=-0.001 rad/s, Effort=-0.114 Nm
  br2_hip_pitch: Position=1.452 rad, Velocity=-0.001 rad/s, Effort=-0.060 Nm
  br3_knee_pitch: Position=0.234 rad, Velocity=-0.001 rad/s, Effort=-0.005 Nm
  br4_foot: Position=0.843 rad, Velocity=-0.003 rad/s, Effort=-0.008 Nm

[JOINT STATE] Joint State Data:
  fl1_hip_roll: Position=-1.079 rad, Velocity=-0.001 rad/s, Effort=-0.041 Nm
  fl2_hip_pitch: Position=1.280 rad, Velocity=-0.001 rad/s, Effort=-0.160 Nm
  fl3_knee_pitch: Position=0.010 rad, Velocity=-0.001 rad/s, Effort=-0.050 Nm
  fl4_foot: Position=0.544 rad, Velocity=-0.003 rad/s, Effort=-0.018 Nm
  fr1_hip_roll: Position=1.195 rad, Velocity=-0.001 rad/s, Effort=-0.032 Nm
  fr2_hip_pitch: Position=-1.431 rad, Velocity=-0.001 rad/s, Effort=0.023 Nm
  fr3_knee_pitch: Position=-0.227 rad, Velocity=-0.001 rad/s, Effort=-0.032 Nm
  fr4_foot: Position=0.487 rad, Velocity=-0.003 rad/s, Effort=-0.008 Nm
  bl1_hip_roll: Position=1.216 rad, Velocity=-0.001 rad/s, Effort=-0.005 Nm
  bl2_hip_pitch: Position=-1.402 rad, Velocity=-0.001 rad/s, Effort=-0.041 Nm
  bl3_knee_pitch: Position=-0.179 rad, Velocity=-0.001 rad/s, Effort=-0.014 Nm
  bl4_foot: Position=0.232 rad, Velocity=-0.003 rad/s, Effort=0.004 Nm
  br1_hip_roll: Position=-1.217 rad, Velocity=-0.001 rad/s, Effort=0.041 Nm
  br2_hip_pitch: Position=1.452 rad, Velocity=-0.001 rad/s, Effort=-0.060 Nm
  br3_knee_pitch: Position=0.234 rad, Velocity=-0.001 rad/s, Effort=0.023 Nm
  br4_foot: Position=0.843 rad, Velocity=-0.003 rad/s, Effort=-0.007 Nm

[JOINT STATE] Joint State Data:
  fl1_hip_roll: Position=-1.079 rad, Velocity=-0.001 rad/s, Effort=-0.105 Nm
  fl2_hip_pitch: Position=1.280 rad, Velocity=-0.001 rad/s, Effort=-0.160 Nm
  fl3_knee_pitch: Position=0.010 rad, Velocity=-0.001 rad/s, Effort=-0.023 Nm
  fl4_foot: Position=0.544 rad, Velocity=-0.003 rad/s, Effort=-0.014 Nm
  fr1_hip_roll: Position=1.195 rad, Velocity=-0.001 rad/s, Effort=-0.050 Nm
  fr2_hip_pitch: Position=-1.431 rad, Velocity=-0.001 rad/s, Effort=-0.014 Nm
  fr3_knee_pitch: Position=-0.227 rad, Velocity=-0.001 rad/s, Effort=-0.050 Nm
  fr4_foot: Position=0.487 rad, Velocity=-0.003 rad/s, Effort=-0.002 Nm
  bl1_hip_roll: Position=1.216 rad, Velocity=-0.001 rad/s, Effort=0.069 Nm
  bl2_hip_pitch: Position=-1.402 rad, Velocity=-0.001 rad/s, Effort=-0.023 Nm
  bl3_knee_pitch: Position=-0.179 rad, Velocity=-0.001 rad/s, Effort=-0.032 Nm
  bl4_foot: Position=0.232 rad, Velocity=-0.003 rad/s, Effort=0.002 Nm
  br1_hip_roll: Position=-1.217 rad, Velocity=-0.001 rad/s, Effort=0.005 Nm
  br2_hip_pitch: Position=1.452 rad, Velocity=-0.001 rad/s, Effort=0.005 Nm
  br3_knee_pitch: Position=0.234 rad, Velocity=-0.001 rad/s, Effort=-0.014 Nm
  br4_foot: Position=0.843 rad, Velocity=-0.003 rad/s, Effort=-0.002 Nm

[JOINT STATE] Joint State Data:
  fl1_hip_roll: Position=-1.079 rad, Velocity=-0.001 rad/s, Effort=0.050 Nm
  fl2_hip_pitch: Position=1.280 rad, Velocity=-0.001 rad/s, Effort=-0.160 Nm
  fl3_knee_pitch: Position=0.010 rad, Velocity=-0.001 rad/s, Effort=-0.014 Nm
  fl4_foot: Position=0.544 rad, Velocity=-0.003 rad/s, Effort=-0.018 Nm
  fr1_hip_roll: Position=1.195 rad, Velocity=-0.001 rad/s, Effort=-0.032 Nm
  fr2_hip_pitch: Position=-1.431 rad, Velocity=-0.001 rad/s, Effort=-0.014 Nm
  fr3_knee_pitch: Position=-0.227 rad, Velocity=-0.001 rad/s, Effort=-0.014 Nm
  fr4_foot: Position=0.487 rad, Velocity=-0.003 rad/s, Effort=-0.004 Nm
  bl1_hip_roll: Position=1.216 rad, Velocity=-0.001 rad/s, Effort=-0.023 Nm
  bl2_hip_pitch: Position=-1.402 rad, Velocity=-0.001 rad/s, Effort=-0.050 Nm
  bl3_knee_pitch: Position=-0.179 rad, Velocity=-0.001 rad/s, Effort=-0.023 Nm
  bl4_foot: Position=0.232 rad, Velocity=-0.003 rad/s, Effort=-0.002 Nm
  br1_hip_roll: Position=-1.217 rad, Velocity=-0.001 rad/s, Effort=0.041 Nm
  br2_hip_pitch: Position=1.452 rad, Velocity=-0.001 rad/s, Effort=-0.023 Nm
  br3_knee_pitch: Position=0.234 rad, Velocity=-0.001 rad/s, Effort=0.023 Nm
  br4_foot: Position=0.843 rad, Velocity=-0.003 rad/s, Effort=-0.016 Nm

[JOINT STATE] Joint State Data:
  fl1_hip_roll: Position=-1.079 rad, Velocity=-0.001 rad/s, Effort=-0.023 Nm
  fl2_hip_pitch: Position=1.280 rad, Velocity=-0.001 rad/s, Effort=-0.160 Nm
  fl3_knee_pitch: Position=0.010 rad, Velocity=-0.001 rad/s, Effort=-0.032 Nm
  fl4_foot: Position=0.544 rad, Velocity=-0.003 rad/s, Effort=-0.007 Nm
  fr1_hip_roll: Position=1.195 rad, Velocity=-0.001 rad/s, Effort=-0.032 Nm
  fr2_hip_pitch: Position=-1.431 rad, Velocity=-0.001 rad/s, Effort=0.023 Nm
  fr3_knee_pitch: Position=-0.227 rad, Velocity=-0.001 rad/s, Effort=-0.050 Nm
  fr4_foot: Position=0.487 rad, Velocity=-0.003 rad/s, Effort=-0.001 Nm
  bl1_hip_roll: Position=1.216 rad, Velocity=-0.001 rad/s, Effort=0.014 Nm
  bl2_hip_pitch: Position=-1.402 rad, Velocity=-0.001 rad/s, Effort=-0.005 Nm
  bl3_knee_pitch: Position=-0.179 rad, Velocity=-0.001 rad/s, Effort=-0.041 Nm
  bl4_foot: Position=0.232 rad, Velocity=-0.003 rad/s, Effort=0.005 Nm
  br1_hip_roll: Position=-1.217 rad, Velocity=-0.001 rad/s, Effort=-0.050 Nm
  br2_hip_pitch: Position=1.452 rad, Velocity=-0.001 rad/s, Effort=-0.041 Nm
  br3_knee_pitch: Position=0.234 rad, Velocity=-0.001 rad/s, Effort=0.014 Nm
  br4_foot: Position=0.843 rad, Velocity=-0.003 rad/s, Effort=-0.004 Nm

[JOINT STATE] Joint State Data:
  fl1_hip_roll: Position=-1.079 rad, Velocity=-0.001 rad/s, Effort=0.023 Nm
  fl2_hip_pitch: Position=1.280 rad, Velocity=-0.001 rad/s, Effort=-0.169 Nm
  fl3_knee_pitch: Position=0.010 rad, Velocity=-0.001 rad/s, Effort=-0.032 Nm
  fl4_foot: Position=0.544 rad, Velocity=-0.003 rad/s, Effort=-0.002 Nm
  fr1_hip_roll: Position=1.195 rad, Velocity=-0.001 rad/s, Effort=-0.096 Nm
  fr2_hip_pitch: Position=-1.431 rad, Velocity=-0.001 rad/s, Effort=-0.014 Nm
  fr3_knee_pitch: Position=-0.227 rad, Velocity=-0.001 rad/s, Effort=-0.032 Nm
  fr4_foot: Position=0.487 rad, Velocity=-0.003 rad/s, Effort=-0.016 Nm
  bl1_hip_roll: Position=1.216 rad, Velocity=-0.001 rad/s, Effort=0.050 Nm
  bl2_hip_pitch: Position=-1.402 rad, Velocity=-0.001 rad/s, Effort=-0.041 Nm
  bl3_knee_pitch: Position=-0.179 rad, Velocity=-0.001 rad/s, Effort=-0.032 Nm
  bl4_foot: Position=0.232 rad, Velocity=-0.003 rad/s, Effort=0.004 Nm
  br1_hip_roll: Position=-1.217 rad, Velocity=-0.001 rad/s, Effort=-0.023 Nm
  br2_hip_pitch: Position=1.452 rad, Velocity=-0.001 rad/s, Effort=-0.032 Nm
  br3_knee_pitch: Position=0.234 rad, Velocity=-0.001 rad/s, Effort=0.014 Nm
  br4_foot: Position=0.843 rad, Velocity=-0.003 rad/s, Effort=-0.002 Nm

[JOINT STATE] Joint State Data:
  fl1_hip_roll: Position=-1.079 rad, Velocity=-0.001 rad/s, Effort=0.041 Nm
  fl2_hip_pitch: Position=1.280 rad, Velocity=-0.001 rad/s, Effort=-0.160 Nm
  fl3_knee_pitch: Position=0.010 rad, Velocity=-0.001 rad/s, Effort=-0.050 Nm
  fl4_foot: Position=0.544 rad, Velocity=-0.003 rad/s, Effort=0.004 Nm
  fr1_hip_roll: Position=1.195 rad, Velocity=-0.001 rad/s, Effort=-0.078 Nm
  fr2_hip_pitch: Position=-1.431 rad, Velocity=-0.001 rad/s, Effort=-0.005 Nm
  fr3_knee_pitch: Position=-0.227 rad, Velocity=-0.001 rad/s, Effort=-0.050 Nm
  fr4_foot: Position=0.487 rad, Velocity=-0.003 rad/s, Effort=-0.011 Nm
  bl1_hip_roll: Position=1.216 rad, Velocity=-0.001 rad/s, Effort=-0.087 Nm
  bl2_hip_pitch: Position=-1.402 rad, Velocity=-0.001 rad/s, Effort=-0.087 Nm
  bl3_knee_pitch: Position=-0.179 rad, Velocity=-0.001 rad/s, Effort=-0.041 Nm
  bl4_foot: Position=0.232 rad, Velocity=-0.003 rad/s, Effort=-0.007 Nm
  br1_hip_roll: Position=-1.217 rad, Velocity=-0.001 rad/s, Effort=-0.041 Nm
  br2_hip_pitch: Position=1.452 rad, Velocity=-0.001 rad/s, Effort=-0.041 Nm
  br3_knee_pitch: Position=0.234 rad, Velocity=-0.001 rad/s, Effort=0.023 Nm
  br4_foot: Position=0.843 rad, Velocity=-0.003 rad/s, Effort=-0.004 Nm

[JOINT STATE] Joint State Data:
  fl1_hip_roll: Position=-1.079 rad, Velocity=-0.001 rad/s, Effort=-0.096 Nm
  fl2_hip_pitch: Position=1.280 rad, Velocity=-0.001 rad/s, Effort=-0.160 Nm
  fl3_knee_pitch: Position=0.010 rad, Velocity=-0.001 rad/s, Effort=-0.014 Nm
  fl4_foot: Position=0.544 rad, Velocity=-0.003 rad/s, Effort=-0.008 Nm
  fr1_hip_roll: Position=1.195 rad, Velocity=-0.001 rad/s, Effort=-0.060 Nm
  fr2_hip_pitch: Position=-1.431 rad, Velocity=-0.001 rad/s, Effort=0.014 Nm
  fr3_knee_pitch: Position=-0.227 rad, Velocity=-0.001 rad/s, Effort=-0.060 Nm
  fr4_foot: Position=0.487 rad, Velocity=-0.003 rad/s, Effort=-0.008 Nm
  bl1_hip_roll: Position=1.216 rad, Velocity=-0.001 rad/s, Effort=0.078 Nm
  bl2_hip_pitch: Position=-1.402 rad, Velocity=-0.001 rad/s, Effort=-0.087 Nm
  bl3_knee_pitch: Position=-0.179 rad, Velocity=-0.001 rad/s, Effort=-0.050 Nm
  bl4_foot: Position=0.232 rad, Velocity=-0.003 rad/s, Effort=0.001 Nm
  br1_hip_roll: Position=-1.217 rad, Velocity=-0.001 rad/s, Effort=-0.087 Nm
  br2_hip_pitch: Position=1.452 rad, Velocity=-0.001 rad/s, Effort=-0.014 Nm
  br3_knee_pitch: Position=0.234 rad, Velocity=-0.001 rad/s, Effort=-0.032 Nm
  br4_foot: Position=0.843 rad, Velocity=-0.003 rad/s, Effort=-0.007 Nm

[JOINT STATE] Joint State Data:
  fl1_hip_roll: Position=-1.079 rad, Velocity=-0.001 rad/s, Effort=-0.032 Nm
  fl2_hip_pitch: Position=1.280 rad, Velocity=-0.001 rad/s, Effort=-0.169 Nm
  fl3_knee_pitch: Position=0.010 rad, Velocity=-0.001 rad/s, Effort=-0.060 Nm
  fl4_foot: Position=0.544 rad, Velocity=-0.003 rad/s, Effort=0.007 Nm
  fr1_hip_roll: Position=1.195 rad, Velocity=-0.001 rad/s, Effort=-0.060 Nm
  fr2_hip_pitch: Position=-1.431 rad, Velocity=-0.001 rad/s, Effort=0.032 Nm
  fr3_knee_pitch: Position=-0.227 rad, Velocity=-0.001 rad/s, Effort=-0.041 Nm
  fr4_foot: Position=0.487 rad, Velocity=-0.003 rad/s, Effort=-0.002 Nm
  bl1_hip_roll: Position=1.216 rad, Velocity=-0.001 rad/s, Effort=-0.041 Nm
  bl2_hip_pitch: Position=-1.402 rad, Velocity=-0.001 rad/s, Effort=-0.096 Nm
  bl3_knee_pitch: Position=-0.179 rad, Velocity=-0.001 rad/s, Effort=-0.041 Nm
  bl4_foot: Position=0.232 rad, Velocity=-0.003 rad/s, Effort=-0.004 Nm
  br1_hip_roll: Position=-1.217 rad, Velocity=-0.001 rad/s, Effort=-0.105 Nm
  br2_hip_pitch: Position=1.452 rad, Velocity=-0.001 rad/s, Effort=-0.060 Nm
  br3_knee_pitch: Position=0.234 rad, Velocity=-0.001 rad/s, Effort=-0.050 Nm
  br4_foot: Position=0.843 rad, Velocity=-0.003 rad/s, Effort=-0.002 Nm

[JOINT STATE] Joint State Data:
  fl1_hip_roll: Position=-1.079 rad, Velocity=-0.001 rad/s, Effort=-0.050 Nm
  fl2_hip_pitch: Position=1.280 rad, Velocity=-0.001 rad/s, Effort=-0.160 Nm
  fl3_knee_pitch: Position=0.010 rad, Velocity=-0.001 rad/s, Effort=-0.032 Nm
  fl4_foot: Position=0.544 rad, Velocity=-0.003 rad/s, Effort=-0.018 Nm
  fr1_hip_roll: Position=1.195 rad, Velocity=-0.001 rad/s, Effort=-0.041 Nm
  fr2_hip_pitch: Position=-1.431 rad, Velocity=-0.001 rad/s, Effort=0.005 Nm
  fr3_knee_pitch: Position=-0.227 rad, Velocity=-0.001 rad/s, Effort=-0.023 Nm
  fr4_foot: Position=0.487 rad, Velocity=-0.003 rad/s, Effort=0.001 Nm
  bl1_hip_roll: Position=1.216 rad, Velocity=-0.001 rad/s, Effort=0.023 Nm
  bl2_hip_pitch: Position=-1.402 rad, Velocity=-0.001 rad/s, Effort=-0.050 Nm
  bl3_knee_pitch: Position=-0.179 rad, Velocity=-0.001 rad/s, Effort=-0.060 Nm
  bl4_foot: Position=0.232 rad, Velocity=-0.003 rad/s, Effort=-0.005 Nm
  br1_hip_roll: Position=-1.217 rad, Velocity=-0.001 rad/s, Effort=-0.023 Nm
  br2_hip_pitch: Position=1.452 rad, Velocity=-0.001 rad/s, Effort=-0.050 Nm
  br3_knee_pitch: Position=0.234 rad, Velocity=-0.001 rad/s, Effort=0.050 Nm
  br4_foot: Position=0.843 rad, Velocity=-0.003 rad/s, Effort=-0.005 Nm

[JOINT STATE] Joint State Data:
  fl1_hip_roll: Position=-1.079 rad, Velocity=-0.001 rad/s, Effort=-0.060 Nm
  fl2_hip_pitch: Position=1.280 rad, Velocity=-0.001 rad/s, Effort=-0.142 Nm
  fl3_knee_pitch: Position=0.010 rad, Velocity=-0.001 rad/s, Effort=-0.069 Nm
  fl4_foot: Position=0.544 rad, Velocity=-0.003 rad/s, Effort=-0.007 Nm
  fr1_hip_roll: Position=1.195 rad, Velocity=-0.001 rad/s, Effort=-0.050 Nm
  fr2_hip_pitch: Position=-1.431 rad, Velocity=-0.001 rad/s, Effort=-0.060 Nm
  fr3_knee_pitch: Position=-0.227 rad, Velocity=-0.001 rad/s, Effort=-0.050 Nm
  fr4_foot: Position=0.487 rad, Velocity=-0.003 rad/s, Effort=0.001 Nm
  bl1_hip_roll: Position=1.216 rad, Velocity=-0.001 rad/s, Effort=-0.023 Nm
  bl2_hip_pitch: Position=-1.402 rad, Velocity=-0.001 rad/s, Effort=-0.050 Nm
  bl3_knee_pitch: Position=-0.179 rad, Velocity=-0.001 rad/s, Effort=-0.041 Nm
  bl4_foot: Position=0.232 rad, Velocity=-0.003 rad/s, Effort=0.002 Nm
  br1_hip_roll: Position=-1.217 rad, Velocity=-0.001 rad/s, Effort=-0.087 Nm
  br2_hip_pitch: Position=1.452 rad, Velocity=-0.001 rad/s, Effort=-0.005 Nm
  br3_knee_pitch: Position=0.234 rad, Velocity=-0.001 rad/s, Effort=-0.023 Nm
  br4_foot: Position=0.843 rad, Velocity=-0.003 rad/s, Effort=-0.002 Nm

[JOINT STATE] Joint State Data:
  fl1_hip_roll: Position=-1.079 rad, Velocity=-0.001 rad/s, Effort=0.041 Nm
  fl2_hip_pitch: Position=1.280 rad, Velocity=-0.001 rad/s, Effort=-0.169 Nm
  fl3_knee_pitch: Position=0.010 rad, Velocity=-0.001 rad/s, Effort=-0.032 Nm
  fl4_foot: Position=0.544 rad, Velocity=-0.003 rad/s, Effort=-0.005 Nm
  fr1_hip_roll: Position=1.195 rad, Velocity=-0.001 rad/s, Effort=-0.060 Nm
  fr2_hip_pitch: Position=-1.431 rad, Velocity=-0.001 rad/s, Effort=-0.005 Nm
  fr3_knee_pitch: Position=-0.227 rad, Velocity=-0.001 rad/s, Effort=-0.032 Nm
  fr4_foot: Position=0.487 rad, Velocity=-0.003 rad/s, Effort=-0.001 Nm
  bl1_hip_roll: Position=1.216 rad, Velocity=-0.001 rad/s, Effort=-0.087 Nm
  bl2_hip_pitch: Position=-1.402 rad, Velocity=-0.001 rad/s, Effort=-0.014 Nm
  bl3_knee_pitch: Position=-0.179 rad, Velocity=-0.001 rad/s, Effort=-0.041 Nm
  bl4_foot: Position=0.232 rad, Velocity=-0.003 rad/s, Effort=0.001 Nm
  br1_hip_roll: Position=-1.217 rad, Velocity=-0.001 rad/s, Effort=-0.096 Nm
  br2_hip_pitch: Position=1.452 rad, Velocity=-0.001 rad/s, Effort=-0.032 Nm
  br3_knee_pitch: Position=0.234 rad, Velocity=-0.001 rad/s, Effort=-0.023 Nm
  br4_foot: Position=0.843 rad, Velocity=-0.003 rad/s, Effort=-0.005 Nm

[JOINT STATE] Joint State Data:
  fl1_hip_roll: Position=-1.079 rad, Velocity=-0.001 rad/s, Effort=-0.050 Nm
  fl2_hip_pitch: Position=1.280 rad, Velocity=-0.001 rad/s, Effort=-0.160 Nm
  fl3_knee_pitch: Position=0.010 rad, Velocity=-0.001 rad/s, Effort=0.005 Nm
  fl4_foot: Position=0.544 rad, Velocity=-0.003 rad/s, Effort=-0.007 Nm
  fr1_hip_roll: Position=1.195 rad, Velocity=-0.001 rad/s, Effort=-0.041 Nm
  fr2_hip_pitch: Position=-1.431 rad, Velocity=-0.001 rad/s, Effort=-0.023 Nm
  fr3_knee_pitch: Position=-0.227 rad, Velocity=-0.001 rad/s, Effort=-0.041 Nm
  fr4_foot: Position=0.487 rad, Velocity=-0.003 rad/s, Effort=0.013 Nm
  bl1_hip_roll: Position=1.216 rad, Velocity=-0.001 rad/s, Effort=-0.041 Nm
  bl2_hip_pitch: Position=-1.402 rad, Velocity=-0.001 rad/s, Effort=-0.050 Nm
  bl3_knee_pitch: Position=-0.179 rad, Velocity=-0.001 rad/s, Effort=-0.050 Nm
  bl4_foot: Position=0.232 rad, Velocity=-0.003 rad/s, Effort=-0.013 Nm
  br1_hip_roll: Position=-1.217 rad, Velocity=-0.001 rad/s, Effort=-0.105 Nm
  br2_hip_pitch: Position=1.452 rad, Velocity=-0.001 rad/s, Effort=-0.023 Nm
  br3_knee_pitch: Position=0.234 rad, Velocity=-0.001 rad/s, Effort=-0.014 Nm
  br4_foot: Position=0.843 rad, Velocity=-0.003 rad/s, Effort=-0.010 Nm

[JOINT STATE] Joint State Data:
  fl1_hip_roll: Position=-1.079 rad, Velocity=-0.001 rad/s, Effort=-0.005 Nm
  fl2_hip_pitch: Position=1.280 rad, Velocity=-0.001 rad/s, Effort=-0.160 Nm
  fl3_knee_pitch: Position=0.010 rad, Velocity=-0.001 rad/s, Effort=-0.050 Nm
  fl4_foot: Position=0.544 rad, Velocity=-0.003 rad/s, Effort=0.008 Nm
  fr1_hip_roll: Position=1.195 rad, Velocity=-0.001 rad/s, Effort=-0.096 Nm
  fr2_hip_pitch: Position=-1.431 rad, Velocity=-0.001 rad/s, Effort=-0.041 Nm
  fr3_knee_pitch: Position=-0.227 rad, Velocity=-0.001 rad/s, Effort=-0.069 Nm
  fr4_foot: Position=0.487 rad, Velocity=-0.003 rad/s, Effort=-0.010 Nm
  bl1_hip_roll: Position=1.216 rad, Velocity=-0.001 rad/s, Effort=-0.069 Nm
  bl2_hip_pitch: Position=-1.402 rad, Velocity=-0.001 rad/s, Effort=-0.014 Nm
  bl3_knee_pitch: Position=-0.179 rad, Velocity=-0.001 rad/s, Effort=-0.023 Nm
  bl4_foot: Position=0.232 rad, Velocity=-0.003 rad/s, Effort=0.002 Nm
  br1_hip_roll: Position=-1.217 rad, Velocity=-0.001 rad/s, Effort=-0.032 Nm
  br2_hip_pitch: Position=1.452 rad, Velocity=-0.001 rad/s, Effort=-0.041 Nm
  br3_knee_pitch: Position=0.234 rad, Velocity=-0.001 rad/s, Effort=0.005 Nm
  br4_foot: Position=0.843 rad, Velocity=-0.003 rad/s, Effort=-0.014 Nm

[JOINT STATE] Joint State Data:
  fl1_hip_roll: Position=-1.079 rad, Velocity=-0.001 rad/s, Effort=-0.041 Nm
  fl2_hip_pitch: Position=1.280 rad, Velocity=-0.001 rad/s, Effort=-0.160 Nm
  fl3_knee_pitch: Position=0.010 rad, Velocity=-0.001 rad/s, Effort=-0.014 Nm
  fl4_foot: Position=0.544 rad, Velocity=-0.003 rad/s, Effort=0.007 Nm
  fr1_hip_roll: Position=1.195 rad, Velocity=-0.001 rad/s, Effort=-0.078 Nm
  fr2_hip_pitch: Position=-1.431 rad, Velocity=-0.001 rad/s, Effort=-0.069 Nm
  fr3_knee_pitch: Position=-0.227 rad, Velocity=-0.001 rad/s, Effort=-0.041 Nm
  fr4_foot: Position=0.487 rad, Velocity=-0.003 rad/s, Effort=-0.010 Nm
  bl1_hip_roll: Position=1.216 rad, Velocity=-0.001 rad/s, Effort=0.032 Nm
  bl2_hip_pitch: Position=-1.402 rad, Velocity=-0.001 rad/s, Effort=-0.032 Nm
  bl3_knee_pitch: Position=-0.179 rad, Velocity=-0.001 rad/s, Effort=-0.032 Nm
  bl4_foot: Position=0.232 rad, Velocity=-0.003 rad/s, Effort=-0.007 Nm
  br1_hip_roll: Position=-1.217 rad, Velocity=-0.001 rad/s, Effort=-0.050 Nm
  br2_hip_pitch: Position=1.452 rad, Velocity=-0.001 rad/s, Effort=-0.060 Nm
  br3_knee_pitch: Position=0.234 rad, Velocity=-0.001 rad/s, Effort=-0.023 Nm
  br4_foot: Position=0.843 rad, Velocity=-0.003 rad/s, Effort=-0.007 Nm

[JOINT STATE] Joint State Data:
  fl1_hip_roll: Position=-1.079 rad, Velocity=-0.001 rad/s, Effort=-0.041 Nm
  fl2_hip_pitch: Position=1.280 rad, Velocity=-0.001 rad/s, Effort=-0.160 Nm
  fl3_knee_pitch: Position=0.010 rad, Velocity=-0.001 rad/s, Effort=-0.014 Nm
  fl4_foot: Position=0.544 rad, Velocity=-0.003 rad/s, Effort=0.007 Nm
  fr1_hip_roll: Position=1.195 rad, Velocity=-0.001 rad/s, Effort=-0.078 Nm
  fr2_hip_pitch: Position=-1.431 rad, Velocity=-0.001 rad/s, Effort=-0.069 Nm
  fr3_knee_pitch: Position=-0.227 rad, Velocity=-0.001 rad/s, Effort=-0.041 Nm
  fr4_foot: Position=0.487 rad, Velocity=-0.003 rad/s, Effort=-0.010 Nm
  bl1_hip_roll: Position=1.216 rad, Velocity=-0.001 rad/s, Effort=0.032 Nm
  bl2_hip_pitch: Position=-1.402 rad, Velocity=-0.001 rad/s, Effort=-0.032 Nm
  bl3_knee_pitch: Position=-0.179 rad, Velocity=-0.001 rad/s, Effort=-0.032 Nm
  bl4_foot: Position=0.232 rad, Velocity=-0.003 rad/s, Effort=-0.007 Nm
  br1_hip_roll: Position=-1.217 rad, Velocity=-0.001 rad/s, Effort=-0.050 Nm
  br2_hip_pitch: Position=1.452 rad, Velocity=-0.001 rad/s, Effort=-0.060 Nm
  br3_knee_pitch: Position=0.234 rad, Velocity=-0.001 rad/s, Effort=-0.023 Nm
  br4_foot: Position=0.843 rad, Velocity=-0.003 rad/s, Effort=-0.007 Nm

[JOINT STATE] Joint State Data:
  fl1_hip_roll: Position=-1.079 rad, Velocity=-0.001 rad/s, Effort=-0.078 Nm
  fl2_hip_pitch: Position=1.280 rad, Velocity=-0.001 rad/s, Effort=-0.160 Nm
  fl3_knee_pitch: Position=0.010 rad, Velocity=-0.001 rad/s, Effort=-0.023 Nm
  fl4_foot: Position=0.544 rad, Velocity=-0.003 rad/s, Effort=-0.005 Nm
  fr1_hip_roll: Position=1.195 rad, Velocity=-0.001 rad/s, Effort=-0.032 Nm
  fr2_hip_pitch: Position=-1.431 rad, Velocity=-0.001 rad/s, Effort=-0.041 Nm
  fr3_knee_pitch: Position=-0.227 rad, Velocity=-0.001 rad/s, Effort=-0.032 Nm
  fr4_foot: Position=0.487 rad, Velocity=-0.003 rad/s, Effort=-0.008 Nm
  bl1_hip_roll: Position=1.216 rad, Velocity=-0.001 rad/s, Effort=-0.041 Nm
  bl2_hip_pitch: Position=-1.402 rad, Velocity=-0.001 rad/s, Effort=0.014 Nm
  bl3_knee_pitch: Position=-0.179 rad, Velocity=-0.001 rad/s, Effort=-0.023 Nm
  bl4_foot: Position=0.232 rad, Velocity=-0.003 rad/s, Effort=-0.001 Nm
  br1_hip_roll: Position=-1.217 rad, Velocity=-0.001 rad/s, Effort=-0.050 Nm
  br2_hip_pitch: Position=1.452 rad, Velocity=-0.001 rad/s, Effort=-0.087 Nm
  br3_knee_pitch: Position=0.234 rad, Velocity=-0.001 rad/s, Effort=0.032 Nm
  br4_foot: Position=0.843 rad, Velocity=-0.003 rad/s, Effort=-0.008 Nm

[JOINT STATE] Joint State Data:
  fl1_hip_roll: Position=-1.079 rad, Velocity=-0.001 rad/s, Effort=-0.005 Nm
  fl2_hip_pitch: Position=1.280 rad, Velocity=-0.001 rad/s, Effort=-0.124 Nm
  fl3_knee_pitch: Position=0.010 rad, Velocity=-0.001 rad/s, Effort=-0.023 Nm
  fl4_foot: Position=0.544 rad, Velocity=-0.003 rad/s, Effort=-0.008 Nm
  fr1_hip_roll: Position=1.195 rad, Velocity=-0.001 rad/s, Effort=-0.050 Nm
  fr2_hip_pitch: Position=-1.431 rad, Velocity=-0.001 rad/s, Effort=-0.032 Nm
  fr3_knee_pitch: Position=-0.227 rad, Velocity=-0.001 rad/s, Effort=-0.060 Nm
  fr4_foot: Position=0.487 rad, Velocity=-0.003 rad/s, Effort=-0.002 Nm
  bl1_hip_roll: Position=1.216 rad, Velocity=-0.001 rad/s, Effort=0.032 Nm
  bl2_hip_pitch: Position=-1.402 rad, Velocity=-0.001 rad/s, Effort=-0.005 Nm
  bl3_knee_pitch: Position=-0.179 rad, Velocity=-0.001 rad/s, Effort=-0.060 Nm
  bl4_foot: Position=0.232 rad, Velocity=-0.003 rad/s, Effort=0.001 Nm
  br1_hip_roll: Position=-1.217 rad, Velocity=-0.001 rad/s, Effort=-0.124 Nm
  br2_hip_pitch: Position=1.452 rad, Velocity=-0.001 rad/s, Effort=-0.078 Nm
  br3_knee_pitch: Position=0.234 rad, Velocity=-0.001 rad/s, Effort=-0.023 Nm
  br4_foot: Position=0.843 rad, Velocity=-0.003 rad/s, Effort=-0.007 Nm

[JOINT STATE] Joint State Data:
  fl1_hip_roll: Position=-1.079 rad, Velocity=-0.001 rad/s, Effort=-0.032 Nm
  fl2_hip_pitch: Position=1.280 rad, Velocity=-0.001 rad/s, Effort=-0.169 Nm
  fl3_knee_pitch: Position=0.010 rad, Velocity=-0.001 rad/s, Effort=-0.069 Nm
  fl4_foot: Position=0.544 rad, Velocity=-0.003 rad/s, Effort=-0.004 Nm
  fr1_hip_roll: Position=1.195 rad, Velocity=-0.001 rad/s, Effort=-0.096 Nm
  fr2_hip_pitch: Position=-1.431 rad, Velocity=-0.001 rad/s, Effort=-0.050 Nm
  fr3_knee_pitch: Position=-0.227 rad, Velocity=-0.001 rad/s, Effort=-0.050 Nm
  fr4_foot: Position=0.487 rad, Velocity=-0.003 rad/s, Effort=0.004 Nm
  bl1_hip_roll: Position=1.216 rad, Velocity=-0.001 rad/s, Effort=-0.032 Nm
  bl2_hip_pitch: Position=-1.402 rad, Velocity=-0.001 rad/s, Effort=-0.124 Nm
  bl3_knee_pitch: Position=-0.179 rad, Velocity=-0.001 rad/s, Effort=-0.023 Nm
  bl4_foot: Position=0.232 rad, Velocity=-0.003 rad/s, Effort=-0.004 Nm
  br1_hip_roll: Position=-1.217 rad, Velocity=-0.001 rad/s, Effort=-0.096 Nm
  br2_hip_pitch: Position=1.452 rad, Velocity=-0.001 rad/s, Effort=-0.023 Nm
  br3_knee_pitch: Position=0.234 rad, Velocity=-0.001 rad/s, Effort=0.023 Nm
  br4_foot: Position=0.843 rad, Velocity=-0.003 rad/s, Effort=-0.005 Nm

[JOINT STATE] Joint State Data:
  fl1_hip_roll: Position=-1.079 rad, Velocity=-0.001 rad/s, Effort=-0.050 Nm
  fl2_hip_pitch: Position=1.280 rad, Velocity=-0.001 rad/s, Effort=-0.188 Nm
  fl3_knee_pitch: Position=0.010 rad, Velocity=-0.001 rad/s, Effort=-0.060 Nm
  fl4_foot: Position=0.544 rad, Velocity=-0.003 rad/s, Effort=-0.013 Nm
  fr1_hip_roll: Position=1.195 rad, Velocity=-0.001 rad/s, Effort=-0.060 Nm
  fr2_hip_pitch: Position=-1.431 rad, Velocity=-0.001 rad/s, Effort=-0.032 Nm
  fr3_knee_pitch: Position=-0.227 rad, Velocity=-0.001 rad/s, Effort=-0.032 Nm
  fr4_foot: Position=0.487 rad, Velocity=-0.003 rad/s, Effort=-0.005 Nm
  bl1_hip_roll: Position=1.216 rad, Velocity=-0.001 rad/s, Effort=-0.014 Nm
  bl2_hip_pitch: Position=-1.402 rad, Velocity=-0.001 rad/s, Effort=-0.114 Nm
  bl3_knee_pitch: Position=-0.179 rad, Velocity=-0.001 rad/s, Effort=-0.060 Nm
  bl4_foot: Position=0.232 rad, Velocity=-0.003 rad/s, Effort=0.010 Nm
  br1_hip_roll: Position=-1.217 rad, Velocity=-0.001 rad/s, Effort=-0.124 Nm
  br2_hip_pitch: Position=1.452 rad, Velocity=-0.001 rad/s, Effort=-0.014 Nm
  br3_knee_pitch: Position=0.234 rad, Velocity=-0.001 rad/s, Effort=-0.014 Nm
  br4_foot: Position=0.843 rad, Velocity=-0.003 rad/s, Effort=-0.007 Nm

[JOINT STATE] Joint State Data:
  fl1_hip_roll: Position=-1.079 rad, Velocity=-0.001 rad/s, Effort=0.023 Nm
  fl2_hip_pitch: Position=1.280 rad, Velocity=-0.001 rad/s, Effort=-0.169 Nm
  fl3_knee_pitch: Position=0.010 rad, Velocity=-0.001 rad/s, Effort=-0.032 Nm
  fl4_foot: Position=0.544 rad, Velocity=-0.003 rad/s, Effort=-0.011 Nm
  fr1_hip_roll: Position=1.195 rad, Velocity=-0.001 rad/s, Effort=-0.014 Nm
  fr2_hip_pitch: Position=-1.431 rad, Velocity=-0.001 rad/s, Effort=-0.023 Nm
  fr3_knee_pitch: Position=-0.227 rad, Velocity=-0.001 rad/s, Effort=-0.005 Nm
  fr4_foot: Position=0.487 rad, Velocity=-0.003 rad/s, Effort=0.005 Nm
  bl1_hip_roll: Position=1.216 rad, Velocity=-0.001 rad/s, Effort=-0.014 Nm
  bl2_hip_pitch: Position=-1.402 rad, Velocity=-0.001 rad/s, Effort=-0.005 Nm
  bl3_knee_pitch: Position=-0.179 rad, Velocity=-0.001 rad/s, Effort=-0.014 Nm
  bl4_foot: Position=0.232 rad, Velocity=-0.003 rad/s, Effort=0.005 Nm
  br1_hip_roll: Position=-1.217 rad, Velocity=-0.001 rad/s, Effort=-0.032 Nm
  br2_hip_pitch: Position=1.452 rad, Velocity=-0.001 rad/s, Effort=-0.023 Nm
  br3_knee_pitch: Position=0.234 rad, Velocity=-0.001 rad/s, Effort=0.005 Nm
  br4_foot: Position=0.843 rad, Velocity=-0.003 rad/s, Effort=-0.007 Nm

[JOINT STATE] Joint State Data:
  fl1_hip_roll: Position=-1.079 rad, Velocity=-0.001 rad/s, Effort=-0.060 Nm
  fl2_hip_pitch: Position=1.280 rad, Velocity=-0.001 rad/s, Effort=-0.169 Nm
  fl3_knee_pitch: Position=0.010 rad, Velocity=-0.001 rad/s, Effort=-0.041 Nm
  fl4_foot: Position=0.544 rad, Velocity=-0.003 rad/s, Effort=0.004 Nm
  fr1_hip_roll: Position=1.195 rad, Velocity=-0.001 rad/s, Effort=-0.014 Nm
  fr2_hip_pitch: Position=-1.431 rad, Velocity=-0.001 rad/s, Effort=-0.041 Nm
  fr3_knee_pitch: Position=-0.227 rad, Velocity=-0.001 rad/s, Effort=-0.060 Nm
  fr4_foot: Position=0.487 rad, Velocity=-0.003 rad/s, Effort=-0.013 Nm
  bl1_hip_roll: Position=1.216 rad, Velocity=-0.001 rad/s, Effort=0.005 Nm
  bl2_hip_pitch: Position=-1.402 rad, Velocity=-0.001 rad/s, Effort=0.041 Nm
  bl3_knee_pitch: Position=-0.179 rad, Velocity=-0.001 rad/s, Effort=-0.060 Nm
  bl4_foot: Position=0.232 rad, Velocity=-0.003 rad/s, Effort=0.005 Nm
  br1_hip_roll: Position=-1.217 rad, Velocity=-0.001 rad/s, Effort=-0.032 Nm
  br2_hip_pitch: Position=1.452 rad, Velocity=-0.001 rad/s, Effort=-0.050 Nm
  br3_knee_pitch: Position=0.234 rad, Velocity=-0.001 rad/s, Effort=0.014 Nm
  br4_foot: Position=0.843 rad, Velocity=-0.003 rad/s, Effort=-0.002 Nm

[JOINT STATE] Joint State Data:
  fl1_hip_roll: Position=-1.079 rad, Velocity=-0.001 rad/s, Effort=-0.096 Nm
  fl2_hip_pitch: Position=1.280 rad, Velocity=-0.001 rad/s, Effort=-0.160 Nm
  fl3_knee_pitch: Position=0.010 rad, Velocity=-0.001 rad/s, Effort=-0.023 Nm
  fl4_foot: Position=0.544 rad, Velocity=-0.003 rad/s, Effort=-0.007 Nm
  fr1_hip_roll: Position=1.195 rad, Velocity=-0.001 rad/s, Effort=-0.050 Nm
  fr2_hip_pitch: Position=-1.431 rad, Velocity=-0.001 rad/s, Effort=-0.014 Nm
  fr3_knee_pitch: Position=-0.227 rad, Velocity=-0.001 rad/s, Effort=-0.069 Nm
  fr4_foot: Position=0.487 rad, Velocity=-0.003 rad/s, Effort=-0.004 Nm
  bl1_hip_roll: Position=1.216 rad, Velocity=-0.001 rad/s, Effort=-0.005 Nm
  bl2_hip_pitch: Position=-1.402 rad, Velocity=-0.001 rad/s, Effort=-0.023 Nm
  bl3_knee_pitch: Position=-0.179 rad, Velocity=-0.001 rad/s, Effort=-0.041 Nm
  bl4_foot: Position=0.232 rad, Velocity=-0.003 rad/s, Effort=-0.007 Nm
  br1_hip_roll: Position=-1.217 rad, Velocity=-0.001 rad/s, Effort=-0.087 Nm
  br2_hip_pitch: Position=1.452 rad, Velocity=-0.001 rad/s, Effort=-0.105 Nm
  br3_knee_pitch: Position=0.234 rad, Velocity=-0.001 rad/s, Effort=0.005 Nm
  br4_foot: Position=0.843 rad, Velocity=-0.003 rad/s, Effort=-0.004 Nm

[JOINT STATE] Joint State Data:
  fl1_hip_roll: Position=-1.079 rad, Velocity=-0.001 rad/s, Effort=-0.041 Nm
  fl2_hip_pitch: Position=1.280 rad, Velocity=-0.001 rad/s, Effort=-0.160 Nm
  fl3_knee_pitch: Position=0.010 rad, Velocity=-0.001 rad/s, Effort=-0.014 Nm
  fl4_foot: Position=0.544 rad, Velocity=-0.003 rad/s, Effort=-0.008 Nm
  fr1_hip_roll: Position=1.195 rad, Velocity=-0.001 rad/s, Effort=-0.096 Nm
  fr2_hip_pitch: Position=-1.431 rad, Velocity=-0.001 rad/s, Effort=0.005 Nm
  fr3_knee_pitch: Position=-0.227 rad, Velocity=-0.001 rad/s, Effort=-0.041 Nm
  fr4_foot: Position=0.487 rad, Velocity=-0.003 rad/s, Effort=0.004 Nm
  bl1_hip_roll: Position=1.216 rad, Velocity=-0.001 rad/s, Effort=-0.041 Nm
  bl2_hip_pitch: Position=-1.402 rad, Velocity=-0.001 rad/s, Effort=-0.041 Nm
  bl3_knee_pitch: Position=-0.179 rad, Velocity=-0.001 rad/s, Effort=-0.023 Nm
  bl4_foot: Position=0.232 rad, Velocity=-0.003 rad/s, Effort=-0.005 Nm
  br1_hip_roll: Position=-1.217 rad, Velocity=-0.001 rad/s, Effort=-0.060 Nm
  br2_hip_pitch: Position=1.452 rad, Velocity=-0.001 rad/s, Effort=0.005 Nm
  br3_knee_pitch: Position=0.234 rad, Velocity=-0.001 rad/s, Effort=-0.005 Nm
  br4_foot: Position=0.843 rad, Velocity=-0.003 rad/s, Effort=-0.008 Nm

[JOINT STATE] Joint State Data:
  fl1_hip_roll: Position=-1.079 rad, Velocity=-0.001 rad/s, Effort=-0.078 Nm
  fl2_hip_pitch: Position=1.280 rad, Velocity=-0.001 rad/s, Effort=-0.142 Nm
  fl3_knee_pitch: Position=0.010 rad, Velocity=-0.001 rad/s, Effort=-0.014 Nm
  fl4_foot: Position=0.544 rad, Velocity=-0.003 rad/s, Effort=-0.019 Nm
  fr1_hip_roll: Position=1.195 rad, Velocity=-0.001 rad/s, Effort=-0.023 Nm
  fr2_hip_pitch: Position=-1.431 rad, Velocity=-0.001 rad/s, Effort=-0.023 Nm
  fr3_knee_pitch: Position=-0.227 rad, Velocity=-0.001 rad/s, Effort=-0.060 Nm
  fr4_foot: Position=0.487 rad, Velocity=-0.003 rad/s, Effort=-0.011 Nm
  bl1_hip_roll: Position=1.216 rad, Velocity=-0.001 rad/s, Effort=-0.014 Nm
  bl2_hip_pitch: Position=-1.402 rad, Velocity=-0.001 rad/s, Effort=-0.050 Nm
  bl3_knee_pitch: Position=-0.179 rad, Velocity=-0.001 rad/s, Effort=-0.032 Nm
  bl4_foot: Position=0.232 rad, Velocity=-0.003 rad/s, Effort=-0.002 Nm
  br1_hip_roll: Position=-1.217 rad, Velocity=-0.001 rad/s, Effort=-0.005 Nm
  br2_hip_pitch: Position=1.452 rad, Velocity=-0.001 rad/s, Effort=-0.014 Nm
  br3_knee_pitch: Position=0.234 rad, Velocity=-0.001 rad/s, Effort=0.023 Nm
  br4_foot: Position=0.843 rad, Velocity=-0.003 rad/s, Effort=-0.005 Nm

[JOINT STATE] Joint State Data:
  fl1_hip_roll: Position=-1.079 rad, Velocity=-0.001 rad/s, Effort=-0.078 Nm
  fl2_hip_pitch: Position=1.280 rad, Velocity=-0.001 rad/s, Effort=-0.169 Nm
  fl3_knee_pitch: Position=0.010 rad, Velocity=-0.001 rad/s, Effort=-0.050 Nm
  fl4_foot: Position=0.544 rad, Velocity=-0.003 rad/s, Effort=0.004 Nm
  fr1_hip_roll: Position=1.195 rad, Velocity=-0.001 rad/s, Effort=0.005 Nm
  fr2_hip_pitch: Position=-1.431 rad, Velocity=-0.001 rad/s, Effort=-0.005 Nm
  fr3_knee_pitch: Position=-0.227 rad, Velocity=-0.001 rad/s, Effort=-0.014 Nm
  fr4_foot: Position=0.487 rad, Velocity=-0.003 rad/s, Effort=0.004 Nm
  bl1_hip_roll: Position=1.216 rad, Velocity=-0.001 rad/s, Effort=0.023 Nm
  bl2_hip_pitch: Position=-1.402 rad, Velocity=-0.001 rad/s, Effort=0.014 Nm
  bl3_knee_pitch: Position=-0.179 rad, Velocity=-0.001 rad/s, Effort=-0.050 Nm
  bl4_foot: Position=0.232 rad, Velocity=-0.003 rad/s, Effort=-0.008 Nm
  br1_hip_roll: Position=-1.217 rad, Velocity=-0.001 rad/s, Effort=-0.087 Nm
  br2_hip_pitch: Position=1.452 rad, Velocity=-0.001 rad/s, Effort=-0.005 Nm
  br3_knee_pitch: Position=0.234 rad, Velocity=-0.001 rad/s, Effort=-0.023 Nm
  br4_foot: Position=0.843 rad, Velocity=-0.003 rad/s, Effort=-0.008 Nm

[JOINT STATE] Joint State Data:
  fl1_hip_roll: Position=-1.079 rad, Velocity=-0.001 rad/s, Effort=0.014 Nm
  fl2_hip_pitch: Position=1.280 rad, Velocity=-0.001 rad/s, Effort=-0.160 Nm
  fl3_knee_pitch: Position=0.010 rad, Velocity=-0.001 rad/s, Effort=-0.014 Nm
  fl4_foot: Position=0.544 rad, Velocity=-0.003 rad/s, Effort=0.002 Nm
  fr1_hip_roll: Position=1.195 rad, Velocity=-0.001 rad/s, Effort=-0.050 Nm
  fr2_hip_pitch: Position=-1.431 rad, Velocity=-0.001 rad/s, Effort=-0.014 Nm
  fr3_knee_pitch: Position=-0.227 rad, Velocity=-0.001 rad/s, Effort=-0.069 Nm
  fr4_foot: Position=0.487 rad, Velocity=-0.003 rad/s, Effort=-0.002 Nm
  bl1_hip_roll: Position=1.216 rad, Velocity=-0.001 rad/s, Effort=-0.041 Nm
  bl2_hip_pitch: Position=-1.402 rad, Velocity=-0.001 rad/s, Effort=-0.032 Nm
  bl3_knee_pitch: Position=-0.179 rad, Velocity=-0.001 rad/s, Effort=-0.023 Nm
  bl4_foot: Position=0.232 rad, Velocity=-0.003 rad/s, Effort=0.007 Nm
  br1_hip_roll: Position=-1.217 rad, Velocity=-0.001 rad/s, Effort=-0.050 Nm
  br2_hip_pitch: Position=1.452 rad, Velocity=-0.001 rad/s, Effort=-0.050 Nm
  br3_knee_pitch: Position=0.234 rad, Velocity=-0.001 rad/s, Effort=0.069 Nm
  br4_foot: Position=0.843 rad, Velocity=-0.003 rad/s, Effort=-0.004 Nm

[JOINT STATE] Joint State Data:
  fl1_hip_roll: Position=-1.079 rad, Velocity=-0.001 rad/s, Effort=0.014 Nm
  fl2_hip_pitch: Position=1.280 rad, Velocity=-0.001 rad/s, Effort=-0.160 Nm
  fl3_knee_pitch: Position=0.010 rad, Velocity=-0.001 rad/s, Effort=-0.069 Nm
  fl4_foot: Position=0.544 rad, Velocity=-0.003 rad/s, Effort=0.002 Nm
  fr1_hip_roll: Position=1.195 rad, Velocity=-0.001 rad/s, Effort=-0.069 Nm
  fr2_hip_pitch: Position=-1.431 rad, Velocity=-0.001 rad/s, Effort=0.014 Nm
  fr3_knee_pitch: Position=-0.227 rad, Velocity=-0.001 rad/s, Effort=-0.060 Nm
  fr4_foot: Position=0.487 rad, Velocity=-0.003 rad/s, Effort=-0.008 Nm
  bl1_hip_roll: Position=1.216 rad, Velocity=-0.001 rad/s, Effort=-0.023 Nm
  bl2_hip_pitch: Position=-1.402 rad, Velocity=-0.001 rad/s, Effort=0.014 Nm
  bl3_knee_pitch: Position=-0.179 rad, Velocity=-0.001 rad/s, Effort=-0.032 Nm
  bl4_foot: Position=0.232 rad, Velocity=-0.003 rad/s, Effort=-0.005 Nm
  br1_hip_roll: Position=-1.217 rad, Velocity=-0.001 rad/s, Effort=-0.096 Nm
  br2_hip_pitch: Position=1.452 rad, Velocity=-0.001 rad/s, Effort=-0.005 Nm
  br3_knee_pitch: Position=0.234 rad, Velocity=-0.001 rad/s, Effort=0.014 Nm
  br4_foot: Position=0.843 rad, Velocity=-0.003 rad/s, Effort=0.001 Nm

[JOINT STATE] Joint State Data:
  fl1_hip_roll: Position=-1.079 rad, Velocity=-0.001 rad/s, Effort=-0.078 Nm
  fl2_hip_pitch: Position=1.280 rad, Velocity=-0.001 rad/s, Effort=-0.160 Nm
  fl3_knee_pitch: Position=0.010 rad, Velocity=-0.001 rad/s, Effort=-0.050 Nm
  fl4_foot: Position=0.544 rad, Velocity=-0.003 rad/s, Effort=-0.011 Nm
  fr1_hip_roll: Position=1.195 rad, Velocity=-0.001 rad/s, Effort=-0.032 Nm
  fr2_hip_pitch: Position=-1.431 rad, Velocity=-0.001 rad/s, Effort=-0.023 Nm
  fr3_knee_pitch: Position=-0.227 rad, Velocity=-0.001 rad/s, Effort=-0.050 Nm
  fr4_foot: Position=0.487 rad, Velocity=-0.003 rad/s, Effort=-0.011 Nm
  bl1_hip_roll: Position=1.216 rad, Velocity=-0.001 rad/s, Effort=-0.032 Nm
  bl2_hip_pitch: Position=-1.402 rad, Velocity=-0.001 rad/s, Effort=-0.069 Nm
  bl3_knee_pitch: Position=-0.179 rad, Velocity=-0.001 rad/s, Effort=-0.050 Nm
  bl4_foot: Position=0.232 rad, Velocity=-0.003 rad/s, Effort=-0.005 Nm
  br1_hip_roll: Position=-1.217 rad, Velocity=-0.001 rad/s, Effort=-0.014 Nm
  br2_hip_pitch: Position=1.452 rad, Velocity=-0.001 rad/s, Effort=-0.069 Nm
  br3_knee_pitch: Position=0.234 rad, Velocity=-0.001 rad/s, Effort=0.014 Nm
  br4_foot: Position=0.843 rad, Velocity=-0.003 rad/s, Effort=-0.004 Nm

[JOINT STATE] Joint State Data:
  fl1_hip_roll: Position=-1.079 rad, Velocity=-0.001 rad/s, Effort=-0.014 Nm
  fl2_hip_pitch: Position=1.280 rad, Velocity=-0.001 rad/s, Effort=-0.169 Nm
  fl3_knee_pitch: Position=0.010 rad, Velocity=-0.001 rad/s, Effort=-0.005 Nm
  fl4_foot: Position=0.544 rad, Velocity=-0.003 rad/s, Effort=-0.014 Nm
  fr1_hip_roll: Position=1.195 rad, Velocity=-0.001 rad/s, Effort=-0.032 Nm
  fr2_hip_pitch: Position=-1.431 rad, Velocity=-0.001 rad/s, Effort=-0.041 Nm
  fr3_knee_pitch: Position=-0.227 rad, Velocity=-0.001 rad/s, Effort=-0.069 Nm
  fr4_foot: Position=0.487 rad, Velocity=-0.003 rad/s, Effort=-0.007 Nm
  bl1_hip_roll: Position=1.216 rad, Velocity=-0.001 rad/s, Effort=-0.041 Nm
  bl2_hip_pitch: Position=-1.402 rad, Velocity=-0.001 rad/s, Effort=-0.069 Nm
  bl3_knee_pitch: Position=-0.179 rad, Velocity=-0.001 rad/s, Effort=-0.050 Nm
  bl4_foot: Position=0.232 rad, Velocity=-0.003 rad/s, Effort=-0.004 Nm
  br1_hip_roll: Position=-1.217 rad, Velocity=-0.001 rad/s, Effort=-0.041 Nm
  br2_hip_pitch: Position=1.452 rad, Velocity=-0.001 rad/s, Effort=-0.014 Nm
  br3_knee_pitch: Position=0.234 rad, Velocity=-0.001 rad/s, Effort=0.005 Nm
  br4_foot: Position=0.843 rad, Velocity=-0.003 rad/s, Effort=-0.005 Nm

[JOINT STATE] Joint State Data:
  fl1_hip_roll: Position=-1.079 rad, Velocity=-0.001 rad/s, Effort=-0.069 Nm
  fl2_hip_pitch: Position=1.280 rad, Velocity=-0.001 rad/s, Effort=-0.160 Nm
  fl3_knee_pitch: Position=0.010 rad, Velocity=-0.001 rad/s, Effort=-0.005 Nm
  fl4_foot: Position=0.544 rad, Velocity=-0.003 rad/s, Effort=-0.016 Nm
  fr1_hip_roll: Position=1.195 rad, Velocity=-0.001 rad/s, Effort=-0.069 Nm
  fr2_hip_pitch: Position=-1.431 rad, Velocity=-0.001 rad/s, Effort=-0.005 Nm
  fr3_knee_pitch: Position=-0.227 rad, Velocity=-0.001 rad/s, Effort=-0.041 Nm
  fr4_foot: Position=0.487 rad, Velocity=-0.003 rad/s, Effort=-0.002 Nm
  bl1_hip_roll: Position=1.216 rad, Velocity=-0.001 rad/s, Effort=0.005 Nm
  bl2_hip_pitch: Position=-1.402 rad, Velocity=-0.001 rad/s, Effort=-0.078 Nm
  bl3_knee_pitch: Position=-0.179 rad, Velocity=-0.001 rad/s, Effort=-0.041 Nm
  bl4_foot: Position=0.232 rad, Velocity=-0.003 rad/s, Effort=-0.007 Nm
  br1_hip_roll: Position=-1.217 rad, Velocity=-0.001 rad/s, Effort=0.005 Nm
  br2_hip_pitch: Position=1.452 rad, Velocity=-0.001 rad/s, Effort=-0.041 Nm
  br3_knee_pitch: Position=0.234 rad, Velocity=-0.001 rad/s, Effort=-0.032 Nm
  br4_foot: Position=0.843 rad, Velocity=-0.003 rad/s, Effort=-0.002 Nm

[JOINT STATE] Joint State Data:
  fl1_hip_roll: Position=-1.079 rad, Velocity=-0.001 rad/s, Effort=0.023 Nm
  fl2_hip_pitch: Position=1.280 rad, Velocity=-0.001 rad/s, Effort=-0.160 Nm
  fl3_knee_pitch: Position=0.010 rad, Velocity=-0.001 rad/s, Effort=-0.014 Nm
  fl4_foot: Position=0.544 rad, Velocity=-0.003 rad/s, Effort=-0.016 Nm
  fr1_hip_roll: Position=1.195 rad, Velocity=-0.001 rad/s, Effort=-0.014 Nm
  fr2_hip_pitch: Position=-1.431 rad, Velocity=-0.001 rad/s, Effort=0.005 Nm
  fr3_knee_pitch: Position=-0.227 rad, Velocity=-0.001 rad/s, Effort=-0.069 Nm
  fr4_foot: Position=0.487 rad, Velocity=-0.003 rad/s, Effort=-0.007 Nm
  bl1_hip_roll: Position=1.216 rad, Velocity=-0.001 rad/s, Effort=0.005 Nm
  bl2_hip_pitch: Position=-1.402 rad, Velocity=-0.001 rad/s, Effort=-0.069 Nm
  bl3_knee_pitch: Position=-0.179 rad, Velocity=-0.001 rad/s, Effort=-0.032 Nm
  bl4_foot: Position=0.232 rad, Velocity=-0.003 rad/s, Effort=-0.011 Nm
  br1_hip_roll: Position=-1.217 rad, Velocity=-0.001 rad/s, Effort=0.023 Nm
  br2_hip_pitch: Position=1.452 rad, Velocity=-0.001 rad/s, Effort=-0.078 Nm
  br3_knee_pitch: Position=0.234 rad, Velocity=-0.001 rad/s, Effort=-0.032 Nm
  br4_foot: Position=0.843 rad, Velocity=-0.003 rad/s, Effort=-0.001 Nm

[JOINT STATE] Joint State Data:
  fl1_hip_roll: Position=-1.079 rad, Velocity=-0.001 rad/s, Effort=-0.069 Nm
  fl2_hip_pitch: Position=1.280 rad, Velocity=-0.001 rad/s, Effort=-0.160 Nm
  fl3_knee_pitch: Position=0.010 rad, Velocity=-0.001 rad/s, Effort=-0.032 Nm
  fl4_foot: Position=0.544 rad, Velocity=-0.003 rad/s, Effort=-0.005 Nm
  fr1_hip_roll: Position=1.195 rad, Velocity=-0.001 rad/s, Effort=-0.060 Nm
  fr2_hip_pitch: Position=-1.431 rad, Velocity=-0.001 rad/s, Effort=0.005 Nm
  fr3_knee_pitch: Position=-0.227 rad, Velocity=-0.001 rad/s, Effort=-0.087 Nm
  fr4_foot: Position=0.487 rad, Velocity=-0.003 rad/s, Effort=0.011 Nm
  bl1_hip_roll: Position=1.216 rad, Velocity=-0.001 rad/s, Effort=-0.060 Nm
  bl2_hip_pitch: Position=-1.402 rad, Velocity=-0.001 rad/s, Effort=-0.032 Nm
  bl3_knee_pitch: Position=-0.179 rad, Velocity=-0.001 rad/s, Effort=-0.041 Nm
  bl4_foot: Position=0.232 rad, Velocity=-0.003 rad/s, Effort=0.007 Nm
  br1_hip_roll: Position=-1.217 rad, Velocity=-0.001 rad/s, Effort=-0.060 Nm
  br2_hip_pitch: Position=1.452 rad, Velocity=-0.001 rad/s, Effort=-0.014 Nm
  br3_knee_pitch: Position=0.234 rad, Velocity=-0.001 rad/s, Effort=-0.023 Nm
  br4_foot: Position=0.843 rad, Velocity=-0.003 rad/s, Effort=-0.004 Nm

[JOINT STATE] Joint State Data:
  fl1_hip_roll: Position=-1.079 rad, Velocity=-0.001 rad/s, Effort=-0.005 Nm
  fl2_hip_pitch: Position=1.280 rad, Velocity=-0.001 rad/s, Effort=-0.151 Nm
  fl3_knee_pitch: Position=0.010 rad, Velocity=-0.001 rad/s, Effort=-0.032 Nm
  fl4_foot: Position=0.544 rad, Velocity=-0.003 rad/s, Effort=-0.013 Nm
  fr1_hip_roll: Position=1.195 rad, Velocity=-0.001 rad/s, Effort=-0.087 Nm
  fr2_hip_pitch: Position=-1.431 rad, Velocity=-0.001 rad/s, Effort=-0.032 Nm
  fr3_knee_pitch: Position=-0.227 rad, Velocity=-0.001 rad/s, Effort=-0.041 Nm
  fr4_foot: Position=0.487 rad, Velocity=-0.003 rad/s, Effort=-0.005 Nm
  bl1_hip_roll: Position=1.216 rad, Velocity=-0.001 rad/s, Effort=-0.060 Nm
  bl2_hip_pitch: Position=-1.402 rad, Velocity=-0.001 rad/s, Effort=0.014 Nm
  bl3_knee_pitch: Position=-0.179 rad, Velocity=-0.001 rad/s, Effort=-0.050 Nm
  bl4_foot: Position=0.232 rad, Velocity=-0.003 rad/s, Effort=0.001 Nm
  br1_hip_roll: Position=-1.217 rad, Velocity=-0.001 rad/s, Effort=-0.023 Nm
  br2_hip_pitch: Position=1.452 rad, Velocity=-0.001 rad/s, Effort=-0.078 Nm
  br3_knee_pitch: Position=0.234 rad, Velocity=-0.001 rad/s, Effort=0.014 Nm
  br4_foot: Position=0.843 rad, Velocity=-0.003 rad/s, Effort=-0.007 Nm

[JOINT STATE] Joint State Data:
  fl1_hip_roll: Position=-1.079 rad, Velocity=-0.001 rad/s, Effort=0.078 Nm
  fl2_hip_pitch: Position=1.280 rad, Velocity=-0.001 rad/s, Effort=-0.160 Nm
  fl3_knee_pitch: Position=0.010 rad, Velocity=-0.001 rad/s, Effort=-0.069 Nm
  fl4_foot: Position=0.544 rad, Velocity=-0.003 rad/s, Effort=0.002 Nm
  fr1_hip_roll: Position=1.195 rad, Velocity=-0.001 rad/s, Effort=-0.078 Nm
  fr2_hip_pitch: Position=-1.431 rad, Velocity=-0.001 rad/s, Effort=-0.032 Nm
  fr3_knee_pitch: Position=-0.227 rad, Velocity=-0.001 rad/s, Effort=-0.041 Nm
  fr4_foot: Position=0.487 rad, Velocity=-0.003 rad/s, Effort=-0.002 Nm
  bl1_hip_roll: Position=1.216 rad, Velocity=-0.001 rad/s, Effort=-0.014 Nm
  bl2_hip_pitch: Position=-1.402 rad, Velocity=-0.001 rad/s, Effort=-0.105 Nm
  bl3_knee_pitch: Position=-0.179 rad, Velocity=-0.001 rad/s, Effort=-0.032 Nm
  bl4_foot: Position=0.232 rad, Velocity=-0.003 rad/s, Effort=0.005 Nm
  br1_hip_roll: Position=-1.217 rad, Velocity=-0.001 rad/s, Effort=-0.041 Nm
  br2_hip_pitch: Position=1.452 rad, Velocity=-0.001 rad/s, Effort=-0.023 Nm
  br3_knee_pitch: Position=0.234 rad, Velocity=-0.001 rad/s, Effort=-0.014 Nm
  br4_foot: Position=0.843 rad, Velocity=-0.003 rad/s, Effort=-0.001 Nm

[JOINT STATE] Joint State Data:
  fl1_hip_roll: Position=-1.079 rad, Velocity=-0.001 rad/s, Effort=0.078 Nm
  fl2_hip_pitch: Position=1.280 rad, Velocity=-0.001 rad/s, Effort=-0.160 Nm
  fl3_knee_pitch: Position=0.010 rad, Velocity=-0.001 rad/s, Effort=-0.069 Nm
  fl4_foot: Position=0.544 rad, Velocity=-0.003 rad/s, Effort=0.002 Nm
  fr1_hip_roll: Position=1.195 rad, Velocity=-0.001 rad/s, Effort=-0.078 Nm
  fr2_hip_pitch: Position=-1.431 rad, Velocity=-0.001 rad/s, Effort=-0.032 Nm
  fr3_knee_pitch: Position=-0.227 rad, Velocity=-0.001 rad/s, Effort=-0.041 Nm
  fr4_foot: Position=0.487 rad, Velocity=-0.003 rad/s, Effort=-0.002 Nm
  bl1_hip_roll: Position=1.216 rad, Velocity=-0.001 rad/s, Effort=-0.014 Nm
  bl2_hip_pitch: Position=-1.402 rad, Velocity=-0.001 rad/s, Effort=-0.105 Nm
  bl3_knee_pitch: Position=-0.179 rad, Velocity=-0.001 rad/s, Effort=-0.032 Nm
  bl4_foot: Position=0.232 rad, Velocity=-0.003 rad/s, Effort=0.005 Nm
  br1_hip_roll: Position=-1.217 rad, Velocity=-0.001 rad/s, Effort=-0.050 Nm
  br2_hip_pitch: Position=1.452 rad, Velocity=-0.001 rad/s, Effort=-0.032 Nm
  br3_knee_pitch: Position=0.234 rad, Velocity=-0.001 rad/s, Effort=-0.032 Nm
  br4_foot: Position=0.843 rad, Velocity=-0.003 rad/s, Effort=-0.002 Nm

[JOINT STATE] Joint State Data:
  fl1_hip_roll: Position=-1.079 rad, Velocity=-0.001 rad/s, Effort=-0.023 Nm
  fl2_hip_pitch: Position=1.280 rad, Velocity=-0.001 rad/s, Effort=-0.160 Nm
  fl3_knee_pitch: Position=0.010 rad, Velocity=-0.001 rad/s, Effort=0.005 Nm
  fl4_foot: Position=0.544 rad, Velocity=-0.003 rad/s, Effort=-0.004 Nm
  fr1_hip_roll: Position=1.195 rad, Velocity=-0.001 rad/s, Effort=-0.078 Nm
  fr2_hip_pitch: Position=-1.431 rad, Velocity=-0.001 rad/s, Effort=-0.014 Nm
  fr3_knee_pitch: Position=-0.227 rad, Velocity=-0.001 rad/s, Effort=-0.069 Nm
  fr4_foot: Position=0.487 rad, Velocity=-0.003 rad/s, Effort=-0.002 Nm
  bl1_hip_roll: Position=1.216 rad, Velocity=-0.001 rad/s, Effort=-0.023 Nm
  bl2_hip_pitch: Position=-1.402 rad, Velocity=-0.001 rad/s, Effort=-0.087 Nm
  bl3_knee_pitch: Position=-0.179 rad, Velocity=-0.001 rad/s, Effort=-0.041 Nm
  bl4_foot: Position=0.232 rad, Velocity=-0.003 rad/s, Effort=-0.002 Nm
  br1_hip_roll: Position=-1.217 rad, Velocity=-0.001 rad/s, Effort=0.060 Nm
  br2_hip_pitch: Position=1.452 rad, Velocity=-0.001 rad/s, Effort=-0.050 Nm
  br3_knee_pitch: Position=0.234 rad, Velocity=-0.001 rad/s, Effort=-0.032 Nm
  br4_foot: Position=0.843 rad, Velocity=-0.003 rad/s, Effort=-0.004 Nm

[JOINT STATE] Joint State Data:
  fl1_hip_roll: Position=-1.079 rad, Velocity=-0.001 rad/s, Effort=-0.060 Nm
  fl2_hip_pitch: Position=1.280 rad, Velocity=-0.001 rad/s, Effort=-0.160 Nm
  fl3_knee_pitch: Position=0.010 rad, Velocity=-0.001 rad/s, Effort=-0.005 Nm
  fl4_foot: Position=0.544 rad, Velocity=-0.003 rad/s, Effort=-0.016 Nm
  fr1_hip_roll: Position=1.195 rad, Velocity=-0.001 rad/s, Effort=-0.050 Nm
  fr2_hip_pitch: Position=-1.431 rad, Velocity=-0.001 rad/s, Effort=-0.014 Nm
  fr3_knee_pitch: Position=-0.227 rad, Velocity=-0.001 rad/s, Effort=-0.060 Nm
  fr4_foot: Position=0.487 rad, Velocity=-0.003 rad/s, Effort=-0.007 Nm
  bl1_hip_roll: Position=1.216 rad, Velocity=-0.001 rad/s, Effort=-0.041 Nm
  bl2_hip_pitch: Position=-1.402 rad, Velocity=-0.001 rad/s, Effort=-0.005 Nm
  bl3_knee_pitch: Position=-0.179 rad, Velocity=-0.001 rad/s, Effort=-0.050 Nm
  bl4_foot: Position=0.232 rad, Velocity=-0.003 rad/s, Effort=-0.005 Nm
  br1_hip_roll: Position=-1.217 rad, Velocity=-0.001 rad/s, Effort=-0.060 Nm
  br2_hip_pitch: Position=1.452 rad, Velocity=-0.001 rad/s, Effort=-0.014 Nm
  br3_knee_pitch: Position=0.234 rad, Velocity=-0.001 rad/s, Effort=-0.041 Nm
  br4_foot: Position=0.843 rad, Velocity=-0.003 rad/s, Effort=-0.005 Nm

[JOINT STATE] Joint State Data:
  fl1_hip_roll: Position=-1.079 rad, Velocity=-0.001 rad/s, Effort=-0.050 Nm
  fl2_hip_pitch: Position=1.280 rad, Velocity=-0.001 rad/s, Effort=-0.160 Nm
  fl3_knee_pitch: Position=0.010 rad, Velocity=-0.001 rad/s, Effort=0.014 Nm
  fl4_foot: Position=0.544 rad, Velocity=-0.003 rad/s, Effort=-0.001 Nm
  fr1_hip_roll: Position=1.195 rad, Velocity=-0.001 rad/s, Effort=-0.014 Nm
  fr2_hip_pitch: Position=-1.431 rad, Velocity=-0.001 rad/s, Effort=-0.032 Nm
  fr3_knee_pitch: Position=-0.227 rad, Velocity=-0.001 rad/s, Effort=-0.060 Nm
  fr4_foot: Position=0.487 rad, Velocity=-0.003 rad/s, Effort=0.004 Nm
  bl1_hip_roll: Position=1.216 rad, Velocity=-0.001 rad/s, Effort=-0.041 Nm
  bl2_hip_pitch: Position=-1.402 rad, Velocity=-0.001 rad/s, Effort=0.014 Nm
  bl3_knee_pitch: Position=-0.179 rad, Velocity=-0.001 rad/s, Effort=-0.023 Nm
  bl4_foot: Position=0.232 rad, Velocity=-0.003 rad/s, Effort=-0.004 Nm
  br1_hip_roll: Position=-1.217 rad, Velocity=-0.001 rad/s, Effort=-0.041 Nm
  br2_hip_pitch: Position=1.452 rad, Velocity=-0.001 rad/s, Effort=0.014 Nm
  br3_knee_pitch: Position=0.234 rad, Velocity=-0.001 rad/s, Effort=-0.032 Nm
  br4_foot: Position=0.843 rad, Velocity=-0.003 rad/s, Effort=0.001 Nm

[JOINT STATE] Joint State Data:
  fl1_hip_roll: Position=-1.079 rad, Velocity=-0.001 rad/s, Effort=-0.069 Nm
  fl2_hip_pitch: Position=1.280 rad, Velocity=-0.001 rad/s, Effort=-0.160 Nm
  fl3_knee_pitch: Position=0.010 rad, Velocity=-0.001 rad/s, Effort=-0.014 Nm
  fl4_foot: Position=0.544 rad, Velocity=-0.003 rad/s, Effort=-0.016 Nm
  fr1_hip_roll: Position=1.195 rad, Velocity=-0.001 rad/s, Effort=-0.060 Nm
  fr2_hip_pitch: Position=-1.431 rad, Velocity=-0.001 rad/s, Effort=-0.005 Nm
  fr3_knee_pitch: Position=-0.227 rad, Velocity=-0.001 rad/s, Effort=-0.023 Nm
  fr4_foot: Position=0.487 rad, Velocity=-0.003 rad/s, Effort=-0.004 Nm
  bl1_hip_roll: Position=1.216 rad, Velocity=-0.001 rad/s, Effort=0.005 Nm
  bl2_hip_pitch: Position=-1.402 rad, Velocity=-0.001 rad/s, Effort=-0.050 Nm
  bl3_knee_pitch: Position=-0.179 rad, Velocity=-0.001 rad/s, Effort=-0.023 Nm
  bl4_foot: Position=0.232 rad, Velocity=-0.003 rad/s, Effort=0.002 Nm
  br1_hip_roll: Position=-1.217 rad, Velocity=-0.001 rad/s, Effort=0.014 Nm
  br2_hip_pitch: Position=1.452 rad, Velocity=-0.001 rad/s, Effort=-0.069 Nm
  br3_knee_pitch: Position=0.234 rad, Velocity=-0.001 rad/s, Effort=-0.005 Nm
  br4_foot: Position=0.843 rad, Velocity=-0.003 rad/s, Effort=-0.010 Nm

[JOINT STATE] Joint State Data:
  fl1_hip_roll: Position=-1.079 rad, Velocity=-0.001 rad/s, Effort=0.023 Nm
  fl2_hip_pitch: Position=1.280 rad, Velocity=-0.001 rad/s, Effort=-0.169 Nm
  fl3_knee_pitch: Position=0.010 rad, Velocity=-0.001 rad/s, Effort=-0.005 Nm
  fl4_foot: Position=0.544 rad, Velocity=-0.003 rad/s, Effort=-0.007 Nm
  fr1_hip_roll: Position=1.195 rad, Velocity=-0.001 rad/s, Effort=-0.023 Nm
  fr2_hip_pitch: Position=-1.431 rad, Velocity=-0.001 rad/s, Effort=-0.023 Nm
  fr3_knee_pitch: Position=-0.227 rad, Velocity=-0.001 rad/s, Effort=-0.023 Nm
  fr4_foot: Position=0.487 rad, Velocity=-0.003 rad/s, Effort=-0.001 Nm
  bl1_hip_roll: Position=1.216 rad, Velocity=-0.001 rad/s, Effort=0.032 Nm
  bl2_hip_pitch: Position=-1.402 rad, Velocity=-0.001 rad/s, Effort=-0.050 Nm
  bl3_knee_pitch: Position=-0.179 rad, Velocity=-0.001 rad/s, Effort=-0.005 Nm
  bl4_foot: Position=0.232 rad, Velocity=-0.003 rad/s, Effort=-0.016 Nm
  br1_hip_roll: Position=-1.217 rad, Velocity=-0.001 rad/s, Effort=-0.060 Nm
  br2_hip_pitch: Position=1.452 rad, Velocity=-0.001 rad/s, Effort=0.005 Nm
  br3_knee_pitch: Position=0.234 rad, Velocity=-0.001 rad/s, Effort=-0.050 Nm
  br4_foot: Position=0.843 rad, Velocity=-0.003 rad/s, Effort=-0.011 Nm

[JOINT STATE] Joint State Data:
  fl1_hip_roll: Position=-1.079 rad, Velocity=-0.001 rad/s, Effort=-0.041 Nm
  fl2_hip_pitch: Position=1.280 rad, Velocity=-0.001 rad/s, Effort=-0.160 Nm
  fl3_knee_pitch: Position=0.010 rad, Velocity=-0.001 rad/s, Effort=0.023 Nm
  fl4_foot: Position=0.544 rad, Velocity=-0.003 rad/s, Effort=-0.011 Nm
  fr1_hip_roll: Position=1.195 rad, Velocity=-0.001 rad/s, Effort=-0.087 Nm
  fr2_hip_pitch: Position=-1.431 rad, Velocity=-0.001 rad/s, Effort=0.005 Nm
  fr3_knee_pitch: Position=-0.227 rad, Velocity=-0.001 rad/s, Effort=-0.050 Nm
  fr4_foot: Position=0.487 rad, Velocity=-0.003 rad/s, Effort=-0.007 Nm
  bl1_hip_roll: Position=1.216 rad, Velocity=-0.001 rad/s, Effort=-0.014 Nm
  bl2_hip_pitch: Position=-1.402 rad, Velocity=-0.001 rad/s, Effort=-0.078 Nm
  bl3_knee_pitch: Position=-0.179 rad, Velocity=-0.001 rad/s, Effort=-0.032 Nm
  bl4_foot: Position=0.232 rad, Velocity=-0.003 rad/s, Effort=-0.002 Nm
  br1_hip_roll: Position=-1.217 rad, Velocity=-0.001 rad/s, Effort=-0.096 Nm
  br2_hip_pitch: Position=1.452 rad, Velocity=-0.001 rad/s, Effort=-0.023 Nm
  br3_knee_pitch: Position=0.234 rad, Velocity=-0.001 rad/s, Effort=-0.014 Nm
  br4_foot: Position=0.843 rad, Velocity=-0.003 rad/s, Effort=-0.001 Nm

[JOINT STATE] Joint State Data:
  fl1_hip_roll: Position=-1.079 rad, Velocity=-0.001 rad/s, Effort=0.078 Nm
  fl2_hip_pitch: Position=1.280 rad, Velocity=-0.001 rad/s, Effort=-0.188 Nm
  fl3_knee_pitch: Position=0.010 rad, Velocity=-0.001 rad/s, Effort=-0.060 Nm
  fl4_foot: Position=0.544 rad, Velocity=-0.003 rad/s, Effort=-0.004 Nm
  fr1_hip_roll: Position=1.195 rad, Velocity=-0.001 rad/s, Effort=-0.060 Nm
  fr2_hip_pitch: Position=-1.431 rad, Velocity=-0.001 rad/s, Effort=-0.014 Nm
  fr3_knee_pitch: Position=-0.227 rad, Velocity=-0.001 rad/s, Effort=-0.041 Nm
  fr4_foot: Position=0.487 rad, Velocity=-0.003 rad/s, Effort=-0.005 Nm
  bl1_hip_roll: Position=1.216 rad, Velocity=-0.001 rad/s, Effort=0.032 Nm
  bl2_hip_pitch: Position=-1.402 rad, Velocity=-0.001 rad/s, Effort=-0.041 Nm
  bl3_knee_pitch: Position=-0.179 rad, Velocity=-0.001 rad/s, Effort=-0.014 Nm
  bl4_foot: Position=0.232 rad, Velocity=-0.003 rad/s, Effort=-0.005 Nm
  br1_hip_roll: Position=-1.217 rad, Velocity=-0.001 rad/s, Effort=0.014 Nm
  br2_hip_pitch: Position=1.452 rad, Velocity=-0.001 rad/s, Effort=-0.041 Nm
  br3_knee_pitch: Position=0.234 rad, Velocity=-0.001 rad/s, Effort=-0.014 Nm
  br4_foot: Position=0.843 rad, Velocity=-0.003 rad/s, Effort=-0.005 Nm

[JOINT STATE] Joint State Data:
  fl1_hip_roll: Position=-1.079 rad, Velocity=-0.001 rad/s, Effort=-0.032 Nm
  fl2_hip_pitch: Position=1.280 rad, Velocity=-0.001 rad/s, Effort=-0.169 Nm
  fl3_knee_pitch: Position=0.010 rad, Velocity=-0.001 rad/s, Effort=-0.023 Nm
  fl4_foot: Position=0.544 rad, Velocity=-0.003 rad/s, Effort=0.007 Nm
  fr1_hip_roll: Position=1.195 rad, Velocity=-0.001 rad/s, Effort=-0.069 Nm
  fr2_hip_pitch: Position=-1.431 rad, Velocity=-0.001 rad/s, Effort=-0.050 Nm
  fr3_knee_pitch: Position=-0.227 rad, Velocity=-0.001 rad/s, Effort=-0.032 Nm
  fr4_foot: Position=0.487 rad, Velocity=-0.003 rad/s, Effort=-0.010 Nm
  bl1_hip_roll: Position=1.216 rad, Velocity=-0.001 rad/s, Effort=-0.032 Nm
  bl2_hip_pitch: Position=-1.402 rad, Velocity=-0.001 rad/s, Effort=-0.069 Nm
  bl3_knee_pitch: Position=-0.179 rad, Velocity=-0.001 rad/s, Effort=-0.005 Nm
  bl4_foot: Position=0.232 rad, Velocity=-0.003 rad/s, Effort=0.002 Nm
  br1_hip_roll: Position=-1.217 rad, Velocity=-0.001 rad/s, Effort=-0.069 Nm
  br2_hip_pitch: Position=1.452 rad, Velocity=-0.001 rad/s, Effort=-0.014 Nm
  br3_knee_pitch: Position=0.234 rad, Velocity=-0.001 rad/s, Effort=-0.014 Nm
  br4_foot: Position=0.843 rad, Velocity=-0.003 rad/s, Effort=-0.010 Nm

[JOINT STATE] Joint State Data:
  fl1_hip_roll: Position=-1.079 rad, Velocity=-0.001 rad/s, Effort=-0.032 Nm
  fl2_hip_pitch: Position=1.280 rad, Velocity=-0.001 rad/s, Effort=-0.160 Nm
  fl3_knee_pitch: Position=0.010 rad, Velocity=-0.001 rad/s, Effort=-0.032 Nm
  fl4_foot: Position=0.544 rad, Velocity=-0.003 rad/s, Effort=-0.014 Nm
  fr1_hip_roll: Position=1.195 rad, Velocity=-0.001 rad/s, Effort=-0.032 Nm
  fr2_hip_pitch: Position=-1.431 rad, Velocity=-0.001 rad/s, Effort=-0.041 Nm
  fr3_knee_pitch: Position=-0.227 rad, Velocity=-0.001 rad/s, Effort=-0.050 Nm
  fr4_foot: Position=0.487 rad, Velocity=-0.003 rad/s, Effort=-0.004 Nm
  bl1_hip_roll: Position=1.216 rad, Velocity=-0.001 rad/s, Effort=-0.014 Nm
  bl2_hip_pitch: Position=-1.402 rad, Velocity=-0.001 rad/s, Effort=-0.041 Nm
  bl3_knee_pitch: Position=-0.179 rad, Velocity=-0.001 rad/s, Effort=-0.041 Nm
  bl4_foot: Position=0.232 rad, Velocity=-0.003 rad/s, Effort=-0.002 Nm
  br1_hip_roll: Position=-1.217 rad, Velocity=-0.001 rad/s, Effort=0.041 Nm
  br2_hip_pitch: Position=1.452 rad, Velocity=-0.001 rad/s, Effort=-0.041 Nm
  br3_knee_pitch: Position=0.234 rad, Velocity=-0.001 rad/s, Effort=-0.014 Nm
  br4_foot: Position=0.843 rad, Velocity=-0.003 rad/s, Effort=-0.007 Nm

[JOINT STATE] Joint State Data:
  fl1_hip_roll: Position=-1.079 rad, Velocity=-0.001 rad/s, Effort=0.060 Nm
  fl2_hip_pitch: Position=1.280 rad, Velocity=-0.001 rad/s, Effort=-0.160 Nm
  fl3_knee_pitch: Position=0.010 rad, Velocity=-0.001 rad/s, Effort=0.050 Nm
  fl4_foot: Position=0.544 rad, Velocity=-0.003 rad/s, Effort=-0.002 Nm
  fr1_hip_roll: Position=1.195 rad, Velocity=-0.001 rad/s, Effort=-0.050 Nm
  fr2_hip_pitch: Position=-1.431 rad, Velocity=-0.001 rad/s, Effort=-0.069 Nm
  fr3_knee_pitch: Position=-0.227 rad, Velocity=-0.001 rad/s, Effort=-0.050 Nm
  fr4_foot: Position=0.487 rad, Velocity=-0.003 rad/s, Effort=-0.004 Nm
  bl1_hip_roll: Position=1.216 rad, Velocity=-0.001 rad/s, Effort=0.023 Nm
  bl2_hip_pitch: Position=-1.402 rad, Velocity=-0.001 rad/s, Effort=0.005 Nm
  bl3_knee_pitch: Position=-0.179 rad, Velocity=-0.001 rad/s, Effort=-0.023 Nm
  bl4_foot: Position=0.232 rad, Velocity=-0.003 rad/s, Effort=0.004 Nm
  br1_hip_roll: Position=-1.217 rad, Velocity=-0.003 rad/s, Effort=-0.050 Nm
  br2_hip_pitch: Position=1.452 rad, Velocity=-0.001 rad/s, Effort=-0.060 Nm
  br3_knee_pitch: Position=0.234 rad, Velocity=-0.001 rad/s, Effort=-0.041 Nm
  br4_foot: Position=0.843 rad, Velocity=-0.003 rad/s, Effort=-0.001 Nm

[JOINT STATE] Joint State Data:
  fl1_hip_roll: Position=-1.079 rad, Velocity=-0.001 rad/s, Effort=-0.032 Nm
  fl2_hip_pitch: Position=1.280 rad, Velocity=-0.001 rad/s, Effort=-0.160 Nm
  fl3_knee_pitch: Position=0.010 rad, Velocity=-0.001 rad/s, Effort=-0.023 Nm
  fl4_foot: Position=0.544 rad, Velocity=-0.003 rad/s, Effort=-0.016 Nm
  fr1_hip_roll: Position=1.195 rad, Velocity=-0.001 rad/s, Effort=-0.041 Nm
  fr2_hip_pitch: Position=-1.431 rad, Velocity=-0.001 rad/s, Effort=-0.032 Nm
  fr3_knee_pitch: Position=-0.227 rad, Velocity=-0.001 rad/s, Effort=-0.069 Nm
  fr4_foot: Position=0.487 rad, Velocity=-0.003 rad/s, Effort=-0.011 Nm
  bl1_hip_roll: Position=1.216 rad, Velocity=-0.001 rad/s, Effort=-0.023 Nm
  bl2_hip_pitch: Position=-1.402 rad, Velocity=-0.001 rad/s, Effort=-0.023 Nm
  bl3_knee_pitch: Position=-0.179 rad, Velocity=-0.001 rad/s, Effort=-0.032 Nm
  bl4_foot: Position=0.232 rad, Velocity=-0.003 rad/s, Effort=-0.004 Nm
  br1_hip_roll: Position=-1.217 rad, Velocity=-0.001 rad/s, Effort=-0.078 Nm
  br2_hip_pitch: Position=1.452 rad, Velocity=-0.001 rad/s, Effort=-0.041 Nm
  br3_knee_pitch: Position=0.234 rad, Velocity=-0.001 rad/s, Effort=-0.032 Nm
  br4_foot: Position=0.843 rad, Velocity=-0.003 rad/s, Effort=0.001 Nm

[JOINT STATE] Joint State Data:
  fl1_hip_roll: Position=-1.079 rad, Velocity=-0.001 rad/s, Effort=0.060 Nm
  fl2_hip_pitch: Position=1.280 rad, Velocity=-0.001 rad/s, Effort=-0.169 Nm
  fl3_knee_pitch: Position=0.010 rad, Velocity=-0.001 rad/s, Effort=-0.014 Nm
  fl4_foot: Position=0.544 rad, Velocity=-0.003 rad/s, Effort=-0.013 Nm
  fr1_hip_roll: Position=1.195 rad, Velocity=-0.001 rad/s, Effort=-0.032 Nm
  fr2_hip_pitch: Position=-1.431 rad, Velocity=-0.001 rad/s, Effort=0.005 Nm
  fr3_knee_pitch: Position=-0.227 rad, Velocity=-0.001 rad/s, Effort=-0.032 Nm
  fr4_foot: Position=0.487 rad, Velocity=-0.003 rad/s, Effort=-0.002 Nm
  bl1_hip_roll: Position=1.216 rad, Velocity=-0.001 rad/s, Effort=-0.023 Nm
  bl2_hip_pitch: Position=-1.402 rad, Velocity=-0.001 rad/s, Effort=0.014 Nm
  bl3_knee_pitch: Position=-0.179 rad, Velocity=-0.001 rad/s, Effort=0.005 Nm
  bl4_foot: Position=0.232 rad, Velocity=-0.003 rad/s, Effort=0.008 Nm
  br1_hip_roll: Position=-1.217 rad, Velocity=-0.001 rad/s, Effort=-0.078 Nm
  br2_hip_pitch: Position=1.452 rad, Velocity=-0.001 rad/s, Effort=-0.032 Nm
  br3_knee_pitch: Position=0.234 rad, Velocity=-0.001 rad/s, Effort=-0.005 Nm
  br4_foot: Position=0.843 rad, Velocity=-0.003 rad/s, Effort=-0.007 Nm

[JOINT STATE] Joint State Data:
  fl1_hip_roll: Position=-1.079 rad, Velocity=-0.001 rad/s, Effort=-0.005 Nm
  fl2_hip_pitch: Position=1.280 rad, Velocity=-0.001 rad/s, Effort=-0.160 Nm
  fl3_knee_pitch: Position=0.010 rad, Velocity=-0.001 rad/s, Effort=-0.078 Nm
  fl4_foot: Position=0.544 rad, Velocity=-0.003 rad/s, Effort=-0.010 Nm
  fr1_hip_roll: Position=1.195 rad, Velocity=-0.001 rad/s, Effort=-0.069 Nm
  fr2_hip_pitch: Position=-1.431 rad, Velocity=-0.001 rad/s, Effort=-0.060 Nm
  fr3_knee_pitch: Position=-0.227 rad, Velocity=-0.001 rad/s, Effort=-0.041 Nm
  fr4_foot: Position=0.487 rad, Velocity=-0.003 rad/s, Effort=-0.001 Nm
  bl1_hip_roll: Position=1.216 rad, Velocity=-0.001 rad/s, Effort=0.005 Nm
  bl2_hip_pitch: Position=-1.402 rad, Velocity=-0.001 rad/s, Effort=-0.060 Nm
  bl3_knee_pitch: Position=-0.179 rad, Velocity=-0.001 rad/s, Effort=-0.014 Nm
  bl4_foot: Position=0.232 rad, Velocity=-0.003 rad/s, Effort=-0.002 Nm
  br1_hip_roll: Position=-1.217 rad, Velocity=-0.001 rad/s, Effort=-0.032 Nm
  br2_hip_pitch: Position=1.452 rad, Velocity=-0.001 rad/s, Effort=-0.041 Nm
  br3_knee_pitch: Position=0.234 rad, Velocity=-0.001 rad/s, Effort=-0.005 Nm
  br4_foot: Position=0.843 rad, Velocity=-0.003 rad/s, Effort=-0.002 Nm

[JOINT STATE] Joint State Data:
  fl1_hip_roll: Position=-1.079 rad, Velocity=-0.001 rad/s, Effort=-0.023 Nm
  fl2_hip_pitch: Position=1.280 rad, Velocity=-0.001 rad/s, Effort=-0.160 Nm
  fl3_knee_pitch: Position=0.010 rad, Velocity=-0.001 rad/s, Effort=-0.005 Nm
  fl4_foot: Position=0.544 rad, Velocity=-0.003 rad/s, Effort=-0.001 Nm
  fr1_hip_roll: Position=1.195 rad, Velocity=-0.001 rad/s, Effort=-0.041 Nm
  fr2_hip_pitch: Position=-1.431 rad, Velocity=-0.001 rad/s, Effort=-0.032 Nm
  fr3_knee_pitch: Position=-0.227 rad, Velocity=-0.001 rad/s, Effort=-0.041 Nm
  fr4_foot: Position=0.487 rad, Velocity=-0.003 rad/s, Effort=-0.008 Nm
  bl1_hip_roll: Position=1.216 rad, Velocity=-0.001 rad/s, Effort=-0.050 Nm
  bl2_hip_pitch: Position=-1.402 rad, Velocity=-0.001 rad/s, Effort=-0.096 Nm
  bl3_knee_pitch: Position=-0.179 rad, Velocity=-0.001 rad/s, Effort=-0.032 Nm
  bl4_foot: Position=0.232 rad, Velocity=-0.003 rad/s, Effort=-0.011 Nm
  br1_hip_roll: Position=-1.217 rad, Velocity=-0.001 rad/s, Effort=-0.069 Nm
  br2_hip_pitch: Position=1.452 rad, Velocity=-0.001 rad/s, Effort=-0.014 Nm
  br3_knee_pitch: Position=0.234 rad, Velocity=-0.001 rad/s, Effort=0.014 Nm
  br4_foot: Position=0.843 rad, Velocity=-0.003 rad/s, Effort=-0.002 Nm

[JOINT STATE] Joint State Data:
  fl1_hip_roll: Position=-1.079 rad, Velocity=-0.001 rad/s, Effort=-0.023 Nm
  fl2_hip_pitch: Position=1.280 rad, Velocity=-0.001 rad/s, Effort=-0.160 Nm
  fl3_knee_pitch: Position=0.010 rad, Velocity=-0.001 rad/s, Effort=-0.023 Nm
  fl4_foot: Position=0.544 rad, Velocity=-0.003 rad/s, Effort=-0.005 Nm
  fr1_hip_roll: Position=1.195 rad, Velocity=-0.001 rad/s, Effort=-0.069 Nm
  fr2_hip_pitch: Position=-1.431 rad, Velocity=-0.001 rad/s, Effort=0.014 Nm
  fr3_knee_pitch: Position=-0.227 rad, Velocity=-0.001 rad/s, Effort=-0.060 Nm
  fr4_foot: Position=0.487 rad, Velocity=-0.003 rad/s, Effort=-0.011 Nm
  bl1_hip_roll: Position=1.216 rad, Velocity=-0.001 rad/s, Effort=0.014 Nm
  bl2_hip_pitch: Position=-1.402 rad, Velocity=-0.001 rad/s, Effort=-0.014 Nm
  bl3_knee_pitch: Position=-0.179 rad, Velocity=-0.001 rad/s, Effort=-0.005 Nm
  bl4_foot: Position=0.232 rad, Velocity=-0.003 rad/s, Effort=-0.004 Nm
  br1_hip_roll: Position=-1.217 rad, Velocity=-0.001 rad/s, Effort=-0.032 Nm
  br2_hip_pitch: Position=1.452 rad, Velocity=-0.001 rad/s, Effort=0.032 Nm
  br3_knee_pitch: Position=0.234 rad, Velocity=-0.001 rad/s, Effort=-0.014 Nm
  br4_foot: Position=0.843 rad, Velocity=-0.003 rad/s, Effort=-0.014 Nm

[JOINT STATE] Joint State Data:
  fl1_hip_roll: Position=-1.079 rad, Velocity=-0.001 rad/s, Effort=-0.041 Nm
  fl2_hip_pitch: Position=1.280 rad, Velocity=-0.001 rad/s, Effort=-0.160 Nm
  fl3_knee_pitch: Position=0.010 rad, Velocity=-0.001 rad/s, Effort=-0.023 Nm
  fl4_foot: Position=0.544 rad, Velocity=-0.003 rad/s, Effort=-0.007 Nm
  fr1_hip_roll: Position=1.195 rad, Velocity=-0.001 rad/s, Effort=-0.069 Nm
  fr2_hip_pitch: Position=-1.431 rad, Velocity=-0.001 rad/s, Effort=-0.005 Nm
  fr3_knee_pitch: Position=-0.227 rad, Velocity=-0.001 rad/s, Effort=-0.060 Nm
  fr4_foot: Position=0.487 rad, Velocity=-0.003 rad/s, Effort=-0.008 Nm
  bl1_hip_roll: Position=1.216 rad, Velocity=-0.001 rad/s, Effort=0.069 Nm
  bl2_hip_pitch: Position=-1.402 rad, Velocity=-0.001 rad/s, Effort=-0.023 Nm
  bl3_knee_pitch: Position=-0.179 rad, Velocity=-0.001 rad/s, Effort=-0.014 Nm
  bl4_foot: Position=0.232 rad, Velocity=-0.003 rad/s, Effort=-0.004 Nm
  br1_hip_roll: Position=-1.217 rad, Velocity=-0.001 rad/s, Effort=-0.069 Nm
  br2_hip_pitch: Position=1.452 rad, Velocity=-0.001 rad/s, Effort=-0.032 Nm
  br3_knee_pitch: Position=0.234 rad, Velocity=-0.001 rad/s, Effort=-0.032 Nm
  br4_foot: Position=0.843 rad, Velocity=-0.003 rad/s, Effort=-0.013 Nm

[JOINT STATE] Joint State Data:
  fl1_hip_roll: Position=-1.079 rad, Velocity=-0.001 rad/s, Effort=0.014 Nm
  fl2_hip_pitch: Position=1.280 rad, Velocity=-0.001 rad/s, Effort=-0.188 Nm
  fl3_knee_pitch: Position=0.010 rad, Velocity=-0.001 rad/s, Effort=0.014 Nm
  fl4_foot: Position=0.544 rad, Velocity=-0.003 rad/s, Effort=-0.011 Nm
  fr1_hip_roll: Position=1.195 rad, Velocity=-0.001 rad/s, Effort=-0.069 Nm
  fr2_hip_pitch: Position=-1.431 rad, Velocity=-0.001 rad/s, Effort=-0.005 Nm
  fr3_knee_pitch: Position=-0.227 rad, Velocity=-0.001 rad/s, Effort=-0.060 Nm
  fr4_foot: Position=0.487 rad, Velocity=-0.003 rad/s, Effort=-0.014 Nm
  bl1_hip_roll: Position=1.216 rad, Velocity=-0.001 rad/s, Effort=-0.023 Nm
  bl2_hip_pitch: Position=-1.402 rad, Velocity=-0.001 rad/s, Effort=-0.105 Nm
  bl3_knee_pitch: Position=-0.179 rad, Velocity=-0.001 rad/s, Effort=-0.032 Nm
  bl4_foot: Position=0.232 rad, Velocity=-0.003 rad/s, Effort=-0.002 Nm
  br1_hip_roll: Position=-1.217 rad, Velocity=-0.001 rad/s, Effort=-0.060 Nm
  br2_hip_pitch: Position=1.452 rad, Velocity=-0.001 rad/s, Effort=-0.041 Nm
  br3_knee_pitch: Position=0.234 rad, Velocity=-0.001 rad/s, Effort=0.023 Nm
  br4_foot: Position=0.843 rad, Velocity=-0.003 rad/s, Effort=-0.001 Nm

[JOINT STATE] Joint State Data:
  fl1_hip_roll: Position=-1.079 rad, Velocity=-0.001 rad/s, Effort=-0.069 Nm
  fl2_hip_pitch: Position=1.280 rad, Velocity=-0.001 rad/s, Effort=-0.169 Nm
  fl3_knee_pitch: Position=0.010 rad, Velocity=-0.001 rad/s, Effort=-0.032 Nm
  fl4_foot: Position=0.544 rad, Velocity=-0.003 rad/s, Effort=0.001 Nm
  fr1_hip_roll: Position=1.195 rad, Velocity=-0.001 rad/s, Effort=-0.050 Nm
  fr2_hip_pitch: Position=-1.431 rad, Velocity=-0.001 rad/s, Effort=0.005 Nm
  fr3_knee_pitch: Position=-0.227 rad, Velocity=-0.001 rad/s, Effort=-0.032 Nm
  fr4_foot: Position=0.487 rad, Velocity=-0.003 rad/s, Effort=-0.005 Nm
  bl1_hip_roll: Position=1.216 rad, Velocity=-0.001 rad/s, Effort=0.005 Nm
  bl2_hip_pitch: Position=-1.402 rad, Velocity=-0.001 rad/s, Effort=-0.005 Nm
  bl3_knee_pitch: Position=-0.179 rad, Velocity=-0.001 rad/s, Effort=-0.032 Nm
  bl4_foot: Position=0.232 rad, Velocity=-0.003 rad/s, Effort=-0.001 Nm
  br1_hip_roll: Position=-1.217 rad, Velocity=-0.001 rad/s, Effort=-0.078 Nm
  br2_hip_pitch: Position=1.452 rad, Velocity=-0.001 rad/s, Effort=0.014 Nm
  br3_knee_pitch: Position=0.234 rad, Velocity=-0.001 rad/s, Effort=-0.041 Nm
  br4_foot: Position=0.843 rad, Velocity=-0.003 rad/s, Effort=-0.007 Nm

[JOINT STATE] Joint State Data:
  fl1_hip_roll: Position=-1.079 rad, Velocity=-0.001 rad/s, Effort=-0.087 Nm
  fl2_hip_pitch: Position=1.280 rad, Velocity=-0.001 rad/s, Effort=-0.169 Nm
  fl3_knee_pitch: Position=0.010 rad, Velocity=-0.001 rad/s, Effort=-0.078 Nm
  fl4_foot: Position=0.544 rad, Velocity=-0.003 rad/s, Effort=-0.008 Nm
  fr1_hip_roll: Position=1.195 rad, Velocity=-0.001 rad/s, Effort=-0.005 Nm
  fr2_hip_pitch: Position=-1.431 rad, Velocity=-0.001 rad/s, Effort=0.005 Nm
  fr3_knee_pitch: Position=-0.227 rad, Velocity=-0.001 rad/s, Effort=-0.041 Nm
  fr4_foot: Position=0.487 rad, Velocity=-0.003 rad/s, Effort=-0.004 Nm
  bl1_hip_roll: Position=1.216 rad, Velocity=-0.001 rad/s, Effort=-0.041 Nm
  bl2_hip_pitch: Position=-1.402 rad, Velocity=-0.001 rad/s, Effort=-0.041 Nm
  bl3_knee_pitch: Position=-0.179 rad, Velocity=-0.001 rad/s, Effort=0.005 Nm
  bl4_foot: Position=0.232 rad, Velocity=-0.003 rad/s, Effort=0.001 Nm
  br1_hip_roll: Position=-1.217 rad, Velocity=-0.001 rad/s, Effort=-0.014 Nm
  br2_hip_pitch: Position=1.452 rad, Velocity=-0.001 rad/s, Effort=-0.060 Nm
  br3_knee_pitch: Position=0.234 rad, Velocity=-0.001 rad/s, Effort=0.005 Nm
  br4_foot: Position=0.843 rad, Velocity=-0.003 rad/s, Effort=-0.011 Nm

[JOINT STATE] Joint State Data:
  fl1_hip_roll: Position=-1.079 rad, Velocity=-0.001 rad/s, Effort=-0.078 Nm
  fl2_hip_pitch: Position=1.280 rad, Velocity=-0.001 rad/s, Effort=-0.160 Nm
  fl3_knee_pitch: Position=0.010 rad, Velocity=-0.001 rad/s, Effort=-0.032 Nm
  fl4_foot: Position=0.544 rad, Velocity=-0.003 rad/s, Effort=-0.005 Nm
  fr1_hip_roll: Position=1.195 rad, Velocity=-0.001 rad/s, Effort=-0.041 Nm
  fr2_hip_pitch: Position=-1.431 rad, Velocity=-0.001 rad/s, Effort=-0.041 Nm
  fr3_knee_pitch: Position=-0.227 rad, Velocity=-0.001 rad/s, Effort=-0.041 Nm
  fr4_foot: Position=0.487 rad, Velocity=-0.003 rad/s, Effort=0.002 Nm
  bl1_hip_roll: Position=1.216 rad, Velocity=-0.001 rad/s, Effort=0.014 Nm
  bl2_hip_pitch: Position=-1.402 rad, Velocity=-0.001 rad/s, Effort=-0.041 Nm
  bl3_knee_pitch: Position=-0.179 rad, Velocity=-0.001 rad/s, Effort=-0.032 Nm
  bl4_foot: Position=0.232 rad, Velocity=-0.003 rad/s, Effort=0.002 Nm
  br1_hip_roll: Position=-1.217 rad, Velocity=-0.001 rad/s, Effort=-0.032 Nm
  br2_hip_pitch: Position=1.452 rad, Velocity=-0.001 rad/s, Effort=-0.069 Nm
  br3_knee_pitch: Position=0.234 rad, Velocity=-0.001 rad/s, Effort=0.005 Nm
  br4_foot: Position=0.843 rad, Velocity=-0.003 rad/s, Effort=-0.013 Nm

[JOINT STATE] Joint State Data:
  fl1_hip_roll: Position=-1.079 rad, Velocity=-0.001 rad/s, Effort=-0.114 Nm
  fl2_hip_pitch: Position=1.280 rad, Velocity=-0.001 rad/s, Effort=-0.169 Nm
  fl3_knee_pitch: Position=0.010 rad, Velocity=-0.001 rad/s, Effort=-0.050 Nm
  fl4_foot: Position=0.544 rad, Velocity=-0.003 rad/s, Effort=-0.011 Nm
  fr1_hip_roll: Position=1.195 rad, Velocity=-0.001 rad/s, Effort=-0.041 Nm
  fr2_hip_pitch: Position=-1.431 rad, Velocity=-0.001 rad/s, Effort=-0.023 Nm
  fr3_knee_pitch: Position=-0.227 rad, Velocity=-0.001 rad/s, Effort=-0.032 Nm
  fr4_foot: Position=0.487 rad, Velocity=-0.003 rad/s, Effort=0.002 Nm
  bl1_hip_roll: Position=1.216 rad, Velocity=-0.001 rad/s, Effort=0.005 Nm
  bl2_hip_pitch: Position=-1.402 rad, Velocity=-0.001 rad/s, Effort=0.005 Nm
  bl3_knee_pitch: Position=-0.179 rad, Velocity=-0.001 rad/s, Effort=-0.032 Nm
  bl4_foot: Position=0.232 rad, Velocity=-0.003 rad/s, Effort=-0.004 Nm
  br1_hip_roll: Position=-1.217 rad, Velocity=-0.001 rad/s, Effort=0.032 Nm
  br2_hip_pitch: Position=1.452 rad, Velocity=-0.001 rad/s, Effort=-0.005 Nm
  br3_knee_pitch: Position=0.234 rad, Velocity=-0.001 rad/s, Effort=0.050 Nm
  br4_foot: Position=0.843 rad, Velocity=-0.003 rad/s, Effort=-0.008 Nm

[JOINT STATE] Joint State Data:
  fl1_hip_roll: Position=-1.079 rad, Velocity=-0.001 rad/s, Effort=0.032 Nm
  fl2_hip_pitch: Position=1.280 rad, Velocity=-0.001 rad/s, Effort=-0.169 Nm
  fl3_knee_pitch: Position=0.010 rad, Velocity=-0.001 rad/s, Effort=-0.078 Nm
  fl4_foot: Position=0.544 rad, Velocity=-0.003 rad/s, Effort=-0.008 Nm
  fr1_hip_roll: Position=1.195 rad, Velocity=-0.001 rad/s, Effort=-0.069 Nm
  fr2_hip_pitch: Position=-1.431 rad, Velocity=-0.001 rad/s, Effort=-0.050 Nm
  fr3_knee_pitch: Position=-0.227 rad, Velocity=-0.001 rad/s, Effort=-0.023 Nm
  fr4_foot: Position=0.487 rad, Velocity=-0.003 rad/s, Effort=-0.004 Nm
  bl1_hip_roll: Position=1.216 rad, Velocity=-0.001 rad/s, Effort=-0.032 Nm
  bl2_hip_pitch: Position=-1.402 rad, Velocity=-0.001 rad/s, Effort=-0.041 Nm
  bl3_knee_pitch: Position=-0.179 rad, Velocity=-0.001 rad/s, Effort=-0.041 Nm
  bl4_foot: Position=0.232 rad, Velocity=-0.003 rad/s, Effort=0.001 Nm
  br1_hip_roll: Position=-1.217 rad, Velocity=-0.001 rad/s, Effort=-0.041 Nm
  br2_hip_pitch: Position=1.452 rad, Velocity=-0.001 rad/s, Effort=-0.014 Nm
  br3_knee_pitch: Position=0.234 rad, Velocity=-0.001 rad/s, Effort=-0.060 Nm
  br4_foot: Position=0.843 rad, Velocity=-0.003 rad/s, Effort=-0.004 Nm

[JOINT STATE] Joint State Data:
  fl1_hip_roll: Position=-1.079 rad, Velocity=-0.001 rad/s, Effort=-0.078 Nm
  fl2_hip_pitch: Position=1.280 rad, Velocity=-0.001 rad/s, Effort=-0.160 Nm
  fl3_knee_pitch: Position=0.010 rad, Velocity=-0.001 rad/s, Effort=-0.032 Nm
  fl4_foot: Position=0.544 rad, Velocity=-0.003 rad/s, Effort=0.002 Nm
  fr1_hip_roll: Position=1.195 rad, Velocity=-0.001 rad/s, Effort=-0.041 Nm
  fr2_hip_pitch: Position=-1.431 rad, Velocity=-0.001 rad/s, Effort=-0.069 Nm
  fr3_knee_pitch: Position=-0.227 rad, Velocity=-0.001 rad/s, Effort=-0.023 Nm
  fr4_foot: Position=0.487 rad, Velocity=-0.003 rad/s, Effort=-0.008 Nm
  bl1_hip_roll: Position=1.216 rad, Velocity=-0.001 rad/s, Effort=0.050 Nm
  bl2_hip_pitch: Position=-1.402 rad, Velocity=-0.001 rad/s, Effort=-0.105 Nm
  bl3_knee_pitch: Position=-0.179 rad, Velocity=-0.001 rad/s, Effort=-0.023 Nm
  bl4_foot: Position=0.232 rad, Velocity=-0.003 rad/s, Effort=-0.001 Nm
  br1_hip_roll: Position=-1.217 rad, Velocity=-0.001 rad/s, Effort=-0.050 Nm
  br2_hip_pitch: Position=1.452 rad, Velocity=-0.001 rad/s, Effort=-0.014 Nm
  br3_knee_pitch: Position=0.234 rad, Velocity=-0.001 rad/s, Effort=0.014 Nm
  br4_foot: Position=0.843 rad, Velocity=-0.003 rad/s, Effort=-0.005 Nm

[JOINT STATE] Joint State Data:
  fl1_hip_roll: Position=-1.079 rad, Velocity=-0.001 rad/s, Effort=-0.023 Nm
  fl2_hip_pitch: Position=1.280 rad, Velocity=-0.001 rad/s, Effort=-0.160 Nm
  fl3_knee_pitch: Position=0.010 rad, Velocity=-0.001 rad/s, Effort=-0.060 Nm
  fl4_foot: Position=0.544 rad, Velocity=-0.003 rad/s, Effort=-0.013 Nm
  fr1_hip_roll: Position=1.195 rad, Velocity=-0.001 rad/s, Effort=-0.050 Nm
  fr2_hip_pitch: Position=-1.431 rad, Velocity=-0.001 rad/s, Effort=-0.014 Nm
  fr3_knee_pitch: Position=-0.227 rad, Velocity=-0.001 rad/s, Effort=-0.032 Nm
  fr4_foot: Position=0.487 rad, Velocity=-0.003 rad/s, Effort=-0.008 Nm
  bl1_hip_roll: Position=1.216 rad, Velocity=-0.001 rad/s, Effort=0.005 Nm
  bl2_hip_pitch: Position=-1.402 rad, Velocity=-0.001 rad/s, Effort=-0.023 Nm
  bl3_knee_pitch: Position=-0.179 rad, Velocity=-0.001 rad/s, Effort=-0.023 Nm
  bl4_foot: Position=0.232 rad, Velocity=-0.003 rad/s, Effort=0.002 Nm
  br1_hip_roll: Position=-1.217 rad, Velocity=-0.001 rad/s, Effort=-0.142 Nm
  br2_hip_pitch: Position=1.452 rad, Velocity=-0.001 rad/s, Effort=-0.087 Nm
  br3_knee_pitch: Position=0.234 rad, Velocity=-0.001 rad/s, Effort=-0.005 Nm
  br4_foot: Position=0.843 rad, Velocity=-0.003 rad/s, Effort=-0.005 Nm

[JOINT STATE] Joint State Data:
  fl1_hip_roll: Position=-1.079 rad, Velocity=-0.001 rad/s, Effort=-0.005 Nm
  fl2_hip_pitch: Position=1.280 rad, Velocity=-0.001 rad/s, Effort=-0.124 Nm
  fl3_knee_pitch: Position=0.010 rad, Velocity=-0.001 rad/s, Effort=0.005 Nm
  fl4_foot: Position=0.544 rad, Velocity=-0.003 rad/s, Effort=-0.013 Nm
  fr1_hip_roll: Position=1.195 rad, Velocity=-0.001 rad/s, Effort=-0.060 Nm
  fr2_hip_pitch: Position=-1.431 rad, Velocity=-0.001 rad/s, Effort=-0.014 Nm
  fr3_knee_pitch: Position=-0.227 rad, Velocity=-0.001 rad/s, Effort=-0.014 Nm
  fr4_foot: Position=0.487 rad, Velocity=-0.003 rad/s, Effort=-0.010 Nm
  bl1_hip_roll: Position=1.216 rad, Velocity=-0.001 rad/s, Effort=0.014 Nm
  bl2_hip_pitch: Position=-1.402 rad, Velocity=-0.001 rad/s, Effort=-0.014 Nm
  bl3_knee_pitch: Position=-0.179 rad, Velocity=-0.001 rad/s, Effort=-0.014 Nm
  bl4_foot: Position=0.232 rad, Velocity=-0.003 rad/s, Effort=-0.011 Nm
  br1_hip_roll: Position=-1.217 rad, Velocity=-0.001 rad/s, Effort=-0.078 Nm
  br2_hip_pitch: Position=1.452 rad, Velocity=-0.001 rad/s, Effort=-0.069 Nm
  br3_knee_pitch: Position=0.234 rad, Velocity=-0.001 rad/s, Effort=-0.060 Nm
  br4_foot: Position=0.843 rad, Velocity=-0.003 rad/s, Effort=-0.004 Nm

[JOINT STATE] Joint State Data:
  fl1_hip_roll: Position=-1.079 rad, Velocity=-0.001 rad/s, Effort=-0.078 Nm
  fl2_hip_pitch: Position=1.280 rad, Velocity=-0.001 rad/s, Effort=-0.160 Nm
  fl3_knee_pitch: Position=0.010 rad, Velocity=-0.001 rad/s, Effort=-0.005 Nm
  fl4_foot: Position=0.544 rad, Velocity=-0.003 rad/s, Effort=0.004 Nm
  fr1_hip_roll: Position=1.195 rad, Velocity=-0.001 rad/s, Effort=-0.078 Nm
  fr2_hip_pitch: Position=-1.431 rad, Velocity=-0.001 rad/s, Effort=-0.005 Nm
  fr3_knee_pitch: Position=-0.227 rad, Velocity=-0.001 rad/s, Effort=-0.014 Nm
  fr4_foot: Position=0.487 rad, Velocity=-0.003 rad/s, Effort=-0.004 Nm
  bl1_hip_roll: Position=1.216 rad, Velocity=-0.001 rad/s, Effort=-0.014 Nm
  bl2_hip_pitch: Position=-1.402 rad, Velocity=-0.001 rad/s, Effort=-0.069 Nm
  bl3_knee_pitch: Position=-0.179 rad, Velocity=-0.001 rad/s, Effort=-0.014 Nm
  bl4_foot: Position=0.232 rad, Velocity=-0.003 rad/s, Effort=-0.001 Nm
  br1_hip_roll: Position=-1.217 rad, Velocity=-0.001 rad/s, Effort=0.050 Nm
  br2_hip_pitch: Position=1.452 rad, Velocity=-0.001 rad/s, Effort=-0.032 Nm
  br3_knee_pitch: Position=0.234 rad, Velocity=-0.001 rad/s, Effort=-0.014 Nm
  br4_foot: Position=0.843 rad, Velocity=-0.003 rad/s, Effort=-0.007 Nm

[JOINT STATE] Joint State Data:
  fl1_hip_roll: Position=-1.079 rad, Velocity=-0.001 rad/s, Effort=-0.133 Nm
  fl2_hip_pitch: Position=1.280 rad, Velocity=-0.001 rad/s, Effort=-0.169 Nm
  fl3_knee_pitch: Position=0.010 rad, Velocity=-0.001 rad/s, Effort=-0.069 Nm
  fl4_foot: Position=0.544 rad, Velocity=-0.003 rad/s, Effort=-0.008 Nm
  fr1_hip_roll: Position=1.195 rad, Velocity=-0.001 rad/s, Effort=-0.078 Nm
  fr2_hip_pitch: Position=-1.431 rad, Velocity=-0.001 rad/s, Effort=-0.005 Nm
  fr3_knee_pitch: Position=-0.227 rad, Velocity=-0.001 rad/s, Effort=-0.060 Nm
  fr4_foot: Position=0.487 rad, Velocity=-0.003 rad/s, Effort=-0.001 Nm
  bl1_hip_roll: Position=1.216 rad, Velocity=-0.001 rad/s, Effort=0.041 Nm
  bl2_hip_pitch: Position=-1.402 rad, Velocity=-0.001 rad/s, Effort=-0.069 Nm
  bl3_knee_pitch: Position=-0.179 rad, Velocity=-0.001 rad/s, Effort=-0.014 Nm
  bl4_foot: Position=0.232 rad, Velocity=-0.003 rad/s, Effort=0.008 Nm
  br1_hip_roll: Position=-1.217 rad, Velocity=-0.001 rad/s, Effort=-0.050 Nm
  br2_hip_pitch: Position=1.452 rad, Velocity=-0.001 rad/s, Effort=0.005 Nm
  br3_knee_pitch: Position=0.234 rad, Velocity=-0.001 rad/s, Effort=-0.032 Nm
  br4_foot: Position=0.843 rad, Velocity=-0.003 rad/s, Effort=-0.004 Nm

[JOINT STATE] Joint State Data:
  fl1_hip_roll: Position=-1.079 rad, Velocity=-0.001 rad/s, Effort=-0.069 Nm
  fl2_hip_pitch: Position=1.280 rad, Velocity=-0.001 rad/s, Effort=-0.160 Nm
  fl3_knee_pitch: Position=0.010 rad, Velocity=-0.001 rad/s, Effort=-0.005 Nm
  fl4_foot: Position=0.544 rad, Velocity=-0.003 rad/s, Effort=0.005 Nm
  fr1_hip_roll: Position=1.195 rad, Velocity=-0.001 rad/s, Effort=0.005 Nm
  fr2_hip_pitch: Position=-1.431 rad, Velocity=-0.001 rad/s, Effort=-0.032 Nm
  fr3_knee_pitch: Position=-0.227 rad, Velocity=-0.001 rad/s, Effort=-0.032 Nm
  fr4_foot: Position=0.487 rad, Velocity=-0.003 rad/s, Effort=-0.002 Nm
  bl1_hip_roll: Position=1.216 rad, Velocity=-0.001 rad/s, Effort=0.023 Nm
  bl2_hip_pitch: Position=-1.402 rad, Velocity=-0.001 rad/s, Effort=-0.096 Nm
  bl3_knee_pitch: Position=-0.179 rad, Velocity=-0.001 rad/s, Effort=-0.032 Nm
  bl4_foot: Position=0.232 rad, Velocity=-0.003 rad/s, Effort=0.001 Nm
  br1_hip_roll: Position=-1.217 rad, Velocity=-0.001 rad/s, Effort=0.005 Nm
  br2_hip_pitch: Position=1.452 rad, Velocity=-0.001 rad/s, Effort=-0.060 Nm
  br3_knee_pitch: Position=0.234 rad, Velocity=-0.001 rad/s, Effort=0.005 Nm
  br4_foot: Position=0.843 rad, Velocity=-0.003 rad/s, Effort=-0.008 Nm

[JOINT STATE] Joint State Data:
  fl1_hip_roll: Position=-1.079 rad, Velocity=-0.001 rad/s, Effort=-0.087 Nm
  fl2_hip_pitch: Position=1.280 rad, Velocity=-0.001 rad/s, Effort=-0.169 Nm
  fl3_knee_pitch: Position=0.010 rad, Velocity=-0.001 rad/s, Effort=-0.050 Nm
  fl4_foot: Position=0.544 rad, Velocity=-0.003 rad/s, Effort=-0.010 Nm
  fr1_hip_roll: Position=1.195 rad, Velocity=-0.001 rad/s, Effort=-0.032 Nm
  fr2_hip_pitch: Position=-1.431 rad, Velocity=-0.001 rad/s, Effort=0.005 Nm
  fr3_knee_pitch: Position=-0.227 rad, Velocity=-0.001 rad/s, Effort=-0.050 Nm
  fr4_foot: Position=0.487 rad, Velocity=-0.003 rad/s, Effort=-0.004 Nm
  bl1_hip_roll: Position=1.216 rad, Velocity=-0.001 rad/s, Effort=0.014 Nm
  bl2_hip_pitch: Position=-1.402 rad, Velocity=-0.001 rad/s, Effort=-0.005 Nm
  bl3_knee_pitch: Position=-0.179 rad, Velocity=-0.001 rad/s, Effort=-0.023 Nm
  bl4_foot: Position=0.232 rad, Velocity=-0.003 rad/s, Effort=-0.010 Nm
  br1_hip_roll: Position=-1.217 rad, Velocity=-0.001 rad/s, Effort=-0.005 Nm
  br2_hip_pitch: Position=1.452 rad, Velocity=-0.001 rad/s, Effort=-0.050 Nm
  br3_knee_pitch: Position=0.234 rad, Velocity=-0.001 rad/s, Effort=-0.014 Nm
  br4_foot: Position=0.843 rad, Velocity=-0.003 rad/s, Effort=0.005 Nm

[JOINT STATE] Joint State Data:
  fl1_hip_roll: Position=-1.079 rad, Velocity=-0.001 rad/s, Effort=0.032 Nm
  fl2_hip_pitch: Position=1.280 rad, Velocity=-0.001 rad/s, Effort=-0.160 Nm
  fl3_knee_pitch: Position=0.010 rad, Velocity=-0.001 rad/s, Effort=-0.060 Nm
  fl4_foot: Position=0.544 rad, Velocity=-0.003 rad/s, Effort=-0.011 Nm
  fr1_hip_roll: Position=1.195 rad, Velocity=-0.001 rad/s, Effort=-0.060 Nm
  fr2_hip_pitch: Position=-1.431 rad, Velocity=-0.001 rad/s, Effort=-0.005 Nm
  fr3_knee_pitch: Position=-0.227 rad, Velocity=-0.001 rad/s, Effort=-0.060 Nm
  fr4_foot: Position=0.487 rad, Velocity=-0.003 rad/s, Effort=-0.007 Nm
  bl1_hip_roll: Position=1.216 rad, Velocity=-0.001 rad/s, Effort=0.050 Nm
  bl2_hip_pitch: Position=-1.402 rad, Velocity=-0.001 rad/s, Effort=-0.078 Nm
  bl3_knee_pitch: Position=-0.179 rad, Velocity=-0.001 rad/s, Effort=-0.014 Nm
  bl4_foot: Position=0.232 rad, Velocity=-0.003 rad/s, Effort=-0.001 Nm
  br1_hip_roll: Position=-1.217 rad, Velocity=-0.001 rad/s, Effort=-0.078 Nm
  br2_hip_pitch: Position=1.452 rad, Velocity=-0.001 rad/s, Effort=-0.032 Nm
  br3_knee_pitch: Position=0.234 rad, Velocity=-0.001 rad/s, Effort=0.005 Nm
  br4_foot: Position=0.843 rad, Velocity=-0.003 rad/s, Effort=0.002 Nm

[JOINT STATE] Joint State Data:
  fl1_hip_roll: Position=-1.079 rad, Velocity=-0.001 rad/s, Effort=-0.023 Nm
  fl2_hip_pitch: Position=1.280 rad, Velocity=-0.001 rad/s, Effort=-0.160 Nm
  fl3_knee_pitch: Position=0.010 rad, Velocity=-0.001 rad/s, Effort=-0.023 Nm
  fl4_foot: Position=0.544 rad, Velocity=-0.003 rad/s, Effort=0.005 Nm
  fr1_hip_roll: Position=1.195 rad, Velocity=-0.001 rad/s, Effort=-0.050 Nm
  fr2_hip_pitch: Position=-1.431 rad, Velocity=-0.001 rad/s, Effort=-0.032 Nm
  fr3_knee_pitch: Position=-0.227 rad, Velocity=-0.001 rad/s, Effort=-0.060 Nm
  fr4_foot: Position=0.487 rad, Velocity=-0.003 rad/s, Effort=-0.008 Nm
  bl1_hip_roll: Position=1.216 rad, Velocity=-0.001 rad/s, Effort=-0.041 Nm
  bl2_hip_pitch: Position=-1.402 rad, Velocity=-0.001 rad/s, Effort=-0.087 Nm
  bl3_knee_pitch: Position=-0.179 rad, Velocity=-0.001 rad/s, Effort=-0.014 Nm
  bl4_foot: Position=0.232 rad, Velocity=-0.003 rad/s, Effort=0.001 Nm
  br1_hip_roll: Position=-1.217 rad, Velocity=-0.001 rad/s, Effort=-0.124 Nm
  br2_hip_pitch: Position=1.452 rad, Velocity=-0.001 rad/s, Effort=-0.014 Nm
  br3_knee_pitch: Position=0.234 rad, Velocity=-0.001 rad/s, Effort=-0.032 Nm
  br4_foot: Position=0.843 rad, Velocity=-0.003 rad/s, Effort=-0.007 Nm

[JOINT STATE] Joint State Data:
  fl1_hip_roll: Position=-1.079 rad, Velocity=-0.001 rad/s, Effort=-0.078 Nm
  fl2_hip_pitch: Position=1.280 rad, Velocity=-0.001 rad/s, Effort=-0.142 Nm
  fl3_knee_pitch: Position=0.010 rad, Velocity=-0.001 rad/s, Effort=0.032 Nm
  fl4_foot: Position=0.544 rad, Velocity=-0.003 rad/s, Effort=-0.001 Nm
  fr1_hip_roll: Position=1.195 rad, Velocity=-0.001 rad/s, Effort=-0.041 Nm
  fr2_hip_pitch: Position=-1.431 rad, Velocity=-0.001 rad/s, Effort=0.014 Nm
  fr3_knee_pitch: Position=-0.227 rad, Velocity=-0.001 rad/s, Effort=-0.087 Nm
  fr4_foot: Position=0.487 rad, Velocity=-0.003 rad/s, Effort=-0.016 Nm
  bl1_hip_roll: Position=1.216 rad, Velocity=-0.001 rad/s, Effort=-0.005 Nm
  bl2_hip_pitch: Position=-1.402 rad, Velocity=-0.001 rad/s, Effort=0.014 Nm
  bl3_knee_pitch: Position=-0.179 rad, Velocity=-0.001 rad/s, Effort=-0.023 Nm
  bl4_foot: Position=0.232 rad, Velocity=-0.003 rad/s, Effort=0.001 Nm
  br1_hip_roll: Position=-1.217 rad, Velocity=-0.001 rad/s, Effort=0.005 Nm
  br2_hip_pitch: Position=1.452 rad, Velocity=-0.001 rad/s, Effort=-0.050 Nm
  br3_knee_pitch: Position=0.234 rad, Velocity=-0.001 rad/s, Effort=-0.005 Nm
  br4_foot: Position=0.843 rad, Velocity=-0.003 rad/s, Effort=-0.002 Nm

[JOINT STATE] Joint State Data:
  fl1_hip_roll: Position=-1.079 rad, Velocity=-0.001 rad/s, Effort=-0.014 Nm
  fl2_hip_pitch: Position=1.280 rad, Velocity=-0.001 rad/s, Effort=-0.151 Nm
  fl3_knee_pitch: Position=0.010 rad, Velocity=-0.001 rad/s, Effort=-0.069 Nm
  fl4_foot: Position=0.544 rad, Velocity=-0.003 rad/s, Effort=-0.011 Nm
  fr1_hip_roll: Position=1.195 rad, Velocity=-0.001 rad/s, Effort=-0.041 Nm
  fr2_hip_pitch: Position=-1.431 rad, Velocity=-0.001 rad/s, Effort=0.023 Nm
  fr3_knee_pitch: Position=-0.227 rad, Velocity=-0.001 rad/s, Effort=-0.050 Nm
  fr4_foot: Position=0.487 rad, Velocity=-0.003 rad/s, Effort=-0.005 Nm
  bl1_hip_roll: Position=1.216 rad, Velocity=-0.001 rad/s, Effort=-0.041 Nm
  bl2_hip_pitch: Position=-1.402 rad, Velocity=-0.001 rad/s, Effort=0.014 Nm
  bl3_knee_pitch: Position=-0.179 rad, Velocity=-0.001 rad/s, Effort=-0.014 Nm
  bl4_foot: Position=0.232 rad, Velocity=-0.003 rad/s, Effort=-0.004 Nm
  br1_hip_roll: Position=-1.217 rad, Velocity=-0.001 rad/s, Effort=-0.105 Nm
  br2_hip_pitch: Position=1.452 rad, Velocity=-0.001 rad/s, Effort=-0.087 Nm
  br3_knee_pitch: Position=0.234 rad, Velocity=-0.001 rad/s, Effort=0.023 Nm
  br4_foot: Position=0.843 rad, Velocity=-0.003 rad/s, Effort=0.002 Nm

[JOINT STATE] Joint State Data:
  fl1_hip_roll: Position=-1.079 rad, Velocity=-0.001 rad/s, Effort=-0.060 Nm
  fl2_hip_pitch: Position=1.280 rad, Velocity=-0.001 rad/s, Effort=-0.160 Nm
  fl3_knee_pitch: Position=0.010 rad, Velocity=-0.001 rad/s, Effort=-0.041 Nm
  fl4_foot: Position=0.544 rad, Velocity=-0.003 rad/s, Effort=0.008 Nm
  fr1_hip_roll: Position=1.195 rad, Velocity=-0.001 rad/s, Effort=-0.041 Nm
  fr2_hip_pitch: Position=-1.431 rad, Velocity=-0.001 rad/s, Effort=0.014 Nm
  fr3_knee_pitch: Position=-0.227 rad, Velocity=-0.001 rad/s, Effort=-0.078 Nm
  fr4_foot: Position=0.487 rad, Velocity=-0.003 rad/s, Effort=-0.007 Nm
  bl1_hip_roll: Position=1.216 rad, Velocity=-0.001 rad/s, Effort=-0.023 Nm
  bl2_hip_pitch: Position=-1.402 rad, Velocity=-0.001 rad/s, Effort=-0.014 Nm
  bl3_knee_pitch: Position=-0.179 rad, Velocity=-0.001 rad/s, Effort=-0.023 Nm
  bl4_foot: Position=0.232 rad, Velocity=-0.003 rad/s, Effort=-0.004 Nm
  br1_hip_roll: Position=-1.217 rad, Velocity=-0.001 rad/s, Effort=-0.023 Nm
  br2_hip_pitch: Position=1.452 rad, Velocity=-0.001 rad/s, Effort=-0.060 Nm
  br3_knee_pitch: Position=0.234 rad, Velocity=-0.001 rad/s, Effort=-0.005 Nm
  br4_foot: Position=0.843 rad, Velocity=-0.003 rad/s, Effort=-0.014 Nm

[JOINT STATE] Joint State Data:
  fl1_hip_roll: Position=-1.079 rad, Velocity=-0.001 rad/s, Effort=0.005 Nm
  fl2_hip_pitch: Position=1.280 rad, Velocity=-0.001 rad/s, Effort=-0.160 Nm
  fl3_knee_pitch: Position=0.010 rad, Velocity=-0.001 rad/s, Effort=-0.041 Nm
  fl4_foot: Position=0.544 rad, Velocity=-0.003 rad/s, Effort=-0.004 Nm
  fr1_hip_roll: Position=1.195 rad, Velocity=-0.001 rad/s, Effort=-0.060 Nm
  fr2_hip_pitch: Position=-1.431 rad, Velocity=-0.001 rad/s, Effort=0.014 Nm
  fr3_knee_pitch: Position=-0.227 rad, Velocity=-0.001 rad/s, Effort=-0.069 Nm
  fr4_foot: Position=0.487 rad, Velocity=-0.003 rad/s, Effort=-0.002 Nm
  bl1_hip_roll: Position=1.216 rad, Velocity=-0.001 rad/s, Effort=0.014 Nm
  bl2_hip_pitch: Position=-1.402 rad, Velocity=-0.001 rad/s, Effort=-0.023 Nm
  bl3_knee_pitch: Position=-0.179 rad, Velocity=-0.001 rad/s, Effort=0.005 Nm
  bl4_foot: Position=0.232 rad, Velocity=-0.003 rad/s, Effort=-0.002 Nm
  br1_hip_roll: Position=-1.217 rad, Velocity=-0.001 rad/s, Effort=-0.005 Nm
  br2_hip_pitch: Position=1.452 rad, Velocity=-0.001 rad/s, Effort=-0.050 Nm
  br3_knee_pitch: Position=0.234 rad, Velocity=-0.001 rad/s, Effort=-0.014 Nm
  br4_foot: Position=0.843 rad, Velocity=-0.003 rad/s, Effort=-0.008 Nm

[JOINT STATE] Joint State Data:
  fl1_hip_roll: Position=-1.079 rad, Velocity=-0.001 rad/s, Effort=-0.142 Nm
  fl2_hip_pitch: Position=1.280 rad, Velocity=-0.001 rad/s, Effort=-0.160 Nm
  fl3_knee_pitch: Position=0.010 rad, Velocity=-0.001 rad/s, Effort=-0.014 Nm
  fl4_foot: Position=0.544 rad, Velocity=-0.003 rad/s, Effort=0.005 Nm
  fr1_hip_roll: Position=1.195 rad, Velocity=-0.001 rad/s, Effort=-0.087 Nm
  fr2_hip_pitch: Position=-1.431 rad, Velocity=-0.001 rad/s, Effort=-0.041 Nm
  fr3_knee_pitch: Position=-0.227 rad, Velocity=-0.001 rad/s, Effort=-0.041 Nm
  fr4_foot: Position=0.487 rad, Velocity=-0.003 rad/s, Effort=-0.011 Nm
  bl1_hip_roll: Position=1.216 rad, Velocity=-0.001 rad/s, Effort=-0.005 Nm
  bl2_hip_pitch: Position=-1.402 rad, Velocity=-0.001 rad/s, Effort=-0.014 Nm
  bl3_knee_pitch: Position=-0.179 rad, Velocity=-0.001 rad/s, Effort=0.032 Nm
  bl4_foot: Position=0.232 rad, Velocity=-0.003 rad/s, Effort=-0.004 Nm
  br1_hip_roll: Position=-1.217 rad, Velocity=-0.001 rad/s, Effort=-0.114 Nm
  br2_hip_pitch: Position=1.452 rad, Velocity=-0.001 rad/s, Effort=-0.041 Nm
  br3_knee_pitch: Position=0.234 rad, Velocity=-0.001 rad/s, Effort=0.014 Nm
  br4_foot: Position=0.843 rad, Velocity=-0.003 rad/s, Effort=0.005 Nm

[JOINT STATE] Joint State Data:
  fl1_hip_roll: Position=-1.079 rad, Velocity=-0.001 rad/s, Effort=0.032 Nm
  fl2_hip_pitch: Position=1.280 rad, Velocity=-0.001 rad/s, Effort=-0.160 Nm
  fl3_knee_pitch: Position=0.010 rad, Velocity=-0.001 rad/s, Effort=-0.023 Nm
  fl4_foot: Position=0.544 rad, Velocity=-0.003 rad/s, Effort=-0.008 Nm
  fr1_hip_roll: Position=1.195 rad, Velocity=-0.001 rad/s, Effort=-0.041 Nm
  fr2_hip_pitch: Position=-1.431 rad, Velocity=-0.001 rad/s, Effort=0.005 Nm
  fr3_knee_pitch: Position=-0.227 rad, Velocity=-0.001 rad/s, Effort=-0.069 Nm
  fr4_foot: Position=0.487 rad, Velocity=-0.003 rad/s, Effort=-0.002 Nm
  bl1_hip_roll: Position=1.216 rad, Velocity=-0.001 rad/s, Effort=0.014 Nm
  bl2_hip_pitch: Position=-1.402 rad, Velocity=-0.001 rad/s, Effort=-0.005 Nm
  bl3_knee_pitch: Position=-0.179 rad, Velocity=-0.001 rad/s, Effort=-0.005 Nm
  bl4_foot: Position=0.232 rad, Velocity=-0.003 rad/s, Effort=-0.004 Nm
  br1_hip_roll: Position=-1.217 rad, Velocity=-0.001 rad/s, Effort=-0.032 Nm
  br2_hip_pitch: Position=1.452 rad, Velocity=-0.001 rad/s, Effort=-0.032 Nm
  br3_knee_pitch: Position=0.234 rad, Velocity=-0.001 rad/s, Effort=-0.005 Nm
  br4_foot: Position=0.843 rad, Velocity=-0.003 rad/s, Effort=-0.001 Nm

[JOINT STATE] Joint State Data:
  fl1_hip_roll: Position=-1.079 rad, Velocity=-0.001 rad/s, Effort=-0.032 Nm
  fl2_hip_pitch: Position=1.280 rad, Velocity=-0.001 rad/s, Effort=-0.160 Nm
  fl3_knee_pitch: Position=0.010 rad, Velocity=-0.001 rad/s, Effort=-0.050 Nm
  fl4_foot: Position=0.544 rad, Velocity=-0.003 rad/s, Effort=-0.013 Nm
  fr1_hip_roll: Position=1.195 rad, Velocity=-0.001 rad/s, Effort=-0.032 Nm
  fr2_hip_pitch: Position=-1.431 rad, Velocity=-0.001 rad/s, Effort=0.014 Nm
  fr3_knee_pitch: Position=-0.227 rad, Velocity=-0.001 rad/s, Effort=-0.050 Nm
  fr4_foot: Position=0.487 rad, Velocity=-0.003 rad/s, Effort=0.001 Nm
  bl1_hip_roll: Position=1.216 rad, Velocity=-0.001 rad/s, Effort=-0.096 Nm
  bl2_hip_pitch: Position=-1.402 rad, Velocity=-0.001 rad/s, Effort=-0.041 Nm
  bl3_knee_pitch: Position=-0.179 rad, Velocity=-0.001 rad/s, Effort=-0.005 Nm
  bl4_foot: Position=0.232 rad, Velocity=-0.003 rad/s, Effort=-0.002 Nm
  br1_hip_roll: Position=-1.217 rad, Velocity=-0.001 rad/s, Effort=-0.023 Nm
  br2_hip_pitch: Position=1.452 rad, Velocity=-0.001 rad/s, Effort=-0.014 Nm
  br3_knee_pitch: Position=0.234 rad, Velocity=-0.001 rad/s, Effort=0.032 Nm
  br4_foot: Position=0.843 rad, Velocity=-0.003 rad/s, Effort=-0.010 Nm

[JOINT STATE] Joint State Data:
  fl1_hip_roll: Position=-1.079 rad, Velocity=-0.001 rad/s, Effort=-0.023 Nm
  fl2_hip_pitch: Position=1.280 rad, Velocity=-0.001 rad/s, Effort=-0.160 Nm
  fl3_knee_pitch: Position=0.010 rad, Velocity=-0.001 rad/s, Effort=-0.032 Nm
  fl4_foot: Position=0.544 rad, Velocity=-0.003 rad/s, Effort=0.005 Nm
  fr1_hip_roll: Position=1.195 rad, Velocity=-0.001 rad/s, Effort=-0.069 Nm
  fr2_hip_pitch: Position=-1.431 rad, Velocity=-0.001 rad/s, Effort=0.014 Nm
  fr3_knee_pitch: Position=-0.227 rad, Velocity=-0.001 rad/s, Effort=-0.060 Nm
  fr4_foot: Position=0.487 rad, Velocity=-0.003 rad/s, Effort=-0.004 Nm
  bl1_hip_roll: Position=1.216 rad, Velocity=-0.001 rad/s, Effort=-0.005 Nm
  bl2_hip_pitch: Position=-1.402 rad, Velocity=-0.001 rad/s, Effort=-0.023 Nm
  bl3_knee_pitch: Position=-0.179 rad, Velocity=-0.001 rad/s, Effort=-0.014 Nm
  bl4_foot: Position=0.232 rad, Velocity=-0.003 rad/s, Effort=0.001 Nm
  br1_hip_roll: Position=-1.217 rad, Velocity=-0.001 rad/s, Effort=-0.078 Nm
  br2_hip_pitch: Position=1.452 rad, Velocity=-0.001 rad/s, Effort=-0.060 Nm
  br3_knee_pitch: Position=0.234 rad, Velocity=-0.001 rad/s, Effort=-0.050 Nm
  br4_foot: Position=0.843 rad, Velocity=-0.003 rad/s, Effort=-0.005 Nm

[JOINT STATE] Joint State Data:
  fl1_hip_roll: Position=-1.079 rad, Velocity=-0.001 rad/s, Effort=-0.050 Nm
  fl2_hip_pitch: Position=1.280 rad, Velocity=-0.001 rad/s, Effort=-0.160 Nm
  fl3_knee_pitch: Position=0.010 rad, Velocity=-0.001 rad/s, Effort=-0.005 Nm
  fl4_foot: Position=0.544 rad, Velocity=-0.003 rad/s, Effort=-0.002 Nm
  fr1_hip_roll: Position=1.195 rad, Velocity=-0.001 rad/s, Effort=-0.041 Nm
  fr2_hip_pitch: Position=-1.431 rad, Velocity=-0.001 rad/s, Effort=-0.032 Nm
  fr3_knee_pitch: Position=-0.227 rad, Velocity=-0.001 rad/s, Effort=-0.069 Nm
  fr4_foot: Position=0.487 rad, Velocity=-0.003 rad/s, Effort=-0.002 Nm
  bl1_hip_roll: Position=1.216 rad, Velocity=-0.001 rad/s, Effort=-0.005 Nm
  bl2_hip_pitch: Position=-1.402 rad, Velocity=-0.001 rad/s, Effort=-0.005 Nm
  bl3_knee_pitch: Position=-0.179 rad, Velocity=-0.001 rad/s, Effort=-0.014 Nm
  bl4_foot: Position=0.232 rad, Velocity=-0.003 rad/s, Effort=-0.005 Nm
  br1_hip_roll: Position=-1.217 rad, Velocity=-0.001 rad/s, Effort=-0.050 Nm
  br2_hip_pitch: Position=1.452 rad, Velocity=-0.001 rad/s, Effort=-0.078 Nm
  br3_knee_pitch: Position=0.234 rad, Velocity=-0.001 rad/s, Effort=-0.032 Nm
  br4_foot: Position=0.843 rad, Velocity=-0.003 rad/s, Effort=-0.011 Nm

[JOINT STATE] Joint State Data:
  fl1_hip_roll: Position=-1.079 rad, Velocity=-0.001 rad/s, Effort=-0.014 Nm
  fl2_hip_pitch: Position=1.280 rad, Velocity=-0.001 rad/s, Effort=-0.169 Nm
  fl3_knee_pitch: Position=0.010 rad, Velocity=-0.001 rad/s, Effort=-0.041 Nm
  fl4_foot: Position=0.544 rad, Velocity=-0.003 rad/s, Effort=-0.004 Nm
  fr1_hip_roll: Position=1.195 rad, Velocity=-0.001 rad/s, Effort=-0.060 Nm
  fr2_hip_pitch: Position=-1.431 rad, Velocity=-0.001 rad/s, Effort=-0.014 Nm
  fr3_knee_pitch: Position=-0.227 rad, Velocity=-0.001 rad/s, Effort=-0.060 Nm
  fr4_foot: Position=0.487 rad, Velocity=-0.003 rad/s, Effort=-0.005 Nm
  bl1_hip_roll: Position=1.216 rad, Velocity=-0.001 rad/s, Effort=-0.014 Nm
  bl2_hip_pitch: Position=-1.402 rad, Velocity=-0.001 rad/s, Effort=-0.023 Nm
  bl3_knee_pitch: Position=-0.179 rad, Velocity=-0.001 rad/s, Effort=0.005 Nm
  bl4_foot: Position=0.232 rad, Velocity=-0.003 rad/s, Effort=-0.001 Nm
  br1_hip_roll: Position=-1.217 rad, Velocity=-0.001 rad/s, Effort=-0.060 Nm
  br2_hip_pitch: Position=1.452 rad, Velocity=-0.001 rad/s, Effort=-0.041 Nm
  br3_knee_pitch: Position=0.234 rad, Velocity=-0.001 rad/s, Effort=-0.005 Nm
  br4_foot: Position=0.843 rad, Velocity=-0.003 rad/s, Effort=-0.005 Nm

[JOINT STATE] Joint State Data:
  fl1_hip_roll: Position=-1.079 rad, Velocity=-0.001 rad/s, Effort=-0.041 Nm
  fl2_hip_pitch: Position=1.280 rad, Velocity=-0.001 rad/s, Effort=-0.160 Nm
  fl3_knee_pitch: Position=0.010 rad, Velocity=-0.001 rad/s, Effort=-0.060 Nm
  fl4_foot: Position=0.544 rad, Velocity=-0.003 rad/s, Effort=-0.001 Nm
  fr1_hip_roll: Position=1.195 rad, Velocity=-0.001 rad/s, Effort=-0.032 Nm
  fr2_hip_pitch: Position=-1.431 rad, Velocity=-0.001 rad/s, Effort=-0.014 Nm
  fr3_knee_pitch: Position=-0.227 rad, Velocity=-0.001 rad/s, Effort=-0.078 Nm
  fr4_foot: Position=0.487 rad, Velocity=-0.003 rad/s, Effort=-0.001 Nm
  bl1_hip_roll: Position=1.216 rad, Velocity=-0.001 rad/s, Effort=0.069 Nm
  bl2_hip_pitch: Position=-1.402 rad, Velocity=-0.001 rad/s, Effort=0.005 Nm
  bl3_knee_pitch: Position=-0.179 rad, Velocity=-0.001 rad/s, Effort=-0.032 Nm
  bl4_foot: Position=0.232 rad, Velocity=-0.003 rad/s, Effort=-0.011 Nm
  br1_hip_roll: Position=-1.217 rad, Velocity=-0.001 rad/s, Effort=-0.050 Nm
  br2_hip_pitch: Position=1.452 rad, Velocity=-0.001 rad/s, Effort=-0.032 Nm
  br3_knee_pitch: Position=0.234 rad, Velocity=-0.001 rad/s, Effort=-0.014 Nm
  br4_foot: Position=0.843 rad, Velocity=-0.003 rad/s, Effort=-0.007 Nm

[JOINT STATE] Joint State Data:
  fl1_hip_roll: Position=-1.079 rad, Velocity=-0.001 rad/s, Effort=-0.142 Nm
  fl2_hip_pitch: Position=1.280 rad, Velocity=-0.001 rad/s, Effort=-0.179 Nm
  fl3_knee_pitch: Position=0.010 rad, Velocity=-0.001 rad/s, Effort=0.023 Nm
  fl4_foot: Position=0.544 rad, Velocity=-0.003 rad/s, Effort=-0.013 Nm
  fr1_hip_roll: Position=1.195 rad, Velocity=-0.001 rad/s, Effort=0.005 Nm
  fr2_hip_pitch: Position=-1.431 rad, Velocity=-0.001 rad/s, Effort=-0.041 Nm
  fr3_knee_pitch: Position=-0.227 rad, Velocity=-0.001 rad/s, Effort=-0.041 Nm
  fr4_foot: Position=0.487 rad, Velocity=-0.003 rad/s, Effort=-0.007 Nm
  bl1_hip_roll: Position=1.216 rad, Velocity=-0.001 rad/s, Effort=-0.005 Nm
  bl2_hip_pitch: Position=-1.402 rad, Velocity=-0.001 rad/s, Effort=-0.078 Nm
  bl3_knee_pitch: Position=-0.179 rad, Velocity=-0.001 rad/s, Effort=-0.032 Nm
  bl4_foot: Position=0.232 rad, Velocity=-0.003 rad/s, Effort=-0.005 Nm
  br1_hip_roll: Position=-1.217 rad, Velocity=-0.001 rad/s, Effort=-0.014 Nm
  br2_hip_pitch: Position=1.452 rad, Velocity=-0.001 rad/s, Effort=-0.032 Nm
  br3_knee_pitch: Position=0.234 rad, Velocity=-0.001 rad/s, Effort=-0.014 Nm
  br4_foot: Position=0.843 rad, Velocity=-0.003 rad/s, Effort=-0.011 Nm

[JOINT STATE] Joint State Data:
  fl1_hip_roll: Position=-1.079 rad, Velocity=-0.001 rad/s, Effort=-0.069 Nm
  fl2_hip_pitch: Position=1.280 rad, Velocity=-0.001 rad/s, Effort=-0.160 Nm
  fl3_knee_pitch: Position=0.010 rad, Velocity=-0.001 rad/s, Effort=-0.060 Nm
  fl4_foot: Position=0.544 rad, Velocity=-0.003 rad/s, Effort=-0.016 Nm
  fr1_hip_roll: Position=1.195 rad, Velocity=-0.001 rad/s, Effort=-0.032 Nm
  fr2_hip_pitch: Position=-1.431 rad, Velocity=-0.001 rad/s, Effort=-0.023 Nm
  fr3_knee_pitch: Position=-0.227 rad, Velocity=-0.001 rad/s, Effort=-0.041 Nm
  fr4_foot: Position=0.487 rad, Velocity=-0.003 rad/s, Effort=-0.008 Nm
  bl1_hip_roll: Position=1.216 rad, Velocity=-0.001 rad/s, Effort=0.041 Nm
  bl2_hip_pitch: Position=-1.402 rad, Velocity=-0.001 rad/s, Effort=-0.087 Nm
  bl3_knee_pitch: Position=-0.179 rad, Velocity=-0.001 rad/s, Effort=-0.005 Nm
  bl4_foot: Position=0.232 rad, Velocity=-0.003 rad/s, Effort=0.001 Nm
  br1_hip_roll: Position=-1.217 rad, Velocity=-0.001 rad/s, Effort=0.005 Nm
  br2_hip_pitch: Position=1.452 rad, Velocity=-0.001 rad/s, Effort=-0.041 Nm
  br3_knee_pitch: Position=0.234 rad, Velocity=-0.001 rad/s, Effort=-0.041 Nm
  br4_foot: Position=0.843 rad, Velocity=-0.003 rad/s, Effort=-0.005 Nm

[JOINT STATE] Joint State Data:
  fl1_hip_roll: Position=-1.079 rad, Velocity=-0.001 rad/s, Effort=-0.023 Nm
  fl2_hip_pitch: Position=1.280 rad, Velocity=-0.001 rad/s, Effort=-0.160 Nm
  fl3_knee_pitch: Position=0.010 rad, Velocity=-0.001 rad/s, Effort=-0.087 Nm
  fl4_foot: Position=0.544 rad, Velocity=-0.003 rad/s, Effort=-0.001 Nm
  fr1_hip_roll: Position=1.195 rad, Velocity=-0.001 rad/s, Effort=-0.069 Nm
  fr2_hip_pitch: Position=-1.431 rad, Velocity=-0.001 rad/s, Effort=-0.014 Nm
  fr3_knee_pitch: Position=-0.227 rad, Velocity=-0.001 rad/s, Effort=-0.069 Nm
  fr4_foot: Position=0.487 rad, Velocity=-0.003 rad/s, Effort=-0.008 Nm
  bl1_hip_roll: Position=1.216 rad, Velocity=-0.001 rad/s, Effort=-0.014 Nm
  bl2_hip_pitch: Position=-1.402 rad, Velocity=-0.001 rad/s, Effort=-0.023 Nm
  bl3_knee_pitch: Position=-0.179 rad, Velocity=-0.001 rad/s, Effort=-0.060 Nm
  bl4_foot: Position=0.232 rad, Velocity=-0.003 rad/s, Effort=-0.001 Nm
  br1_hip_roll: Position=-1.217 rad, Velocity=-0.001 rad/s, Effort=0.005 Nm
  br2_hip_pitch: Position=1.452 rad, Velocity=-0.001 rad/s, Effort=-0.069 Nm
  br3_knee_pitch: Position=0.234 rad, Velocity=-0.001 rad/s, Effort=-0.023 Nm
  br4_foot: Position=0.843 rad, Velocity=-0.003 rad/s, Effort=-0.005 Nm

[JOINT STATE] Joint State Data:
  fl1_hip_roll: Position=-1.079 rad, Velocity=-0.001 rad/s, Effort=-0.078 Nm
  fl2_hip_pitch: Position=1.280 rad, Velocity=-0.001 rad/s, Effort=-0.169 Nm
  fl3_knee_pitch: Position=0.010 rad, Velocity=-0.001 rad/s, Effort=0.014 Nm
  fl4_foot: Position=0.544 rad, Velocity=-0.003 rad/s, Effort=-0.001 Nm
  fr1_hip_roll: Position=1.195 rad, Velocity=-0.001 rad/s, Effort=-0.023 Nm
  fr2_hip_pitch: Position=-1.431 rad, Velocity=-0.001 rad/s, Effort=-0.023 Nm
  fr3_knee_pitch: Position=-0.227 rad, Velocity=-0.001 rad/s, Effort=-0.060 Nm
  fr4_foot: Position=0.487 rad, Velocity=-0.003 rad/s, Effort=0.002 Nm
  bl1_hip_roll: Position=1.216 rad, Velocity=-0.001 rad/s, Effort=-0.060 Nm
  bl2_hip_pitch: Position=-1.402 rad, Velocity=-0.001 rad/s, Effort=-0.041 Nm
  bl3_knee_pitch: Position=-0.179 rad, Velocity=-0.001 rad/s, Effort=-0.014 Nm
  bl4_foot: Position=0.232 rad, Velocity=-0.003 rad/s, Effort=0.007 Nm
  br1_hip_roll: Position=-1.217 rad, Velocity=-0.001 rad/s, Effort=-0.050 Nm
  br2_hip_pitch: Position=1.452 rad, Velocity=-0.001 rad/s, Effort=-0.014 Nm
  br3_knee_pitch: Position=0.234 rad, Velocity=-0.001 rad/s, Effort=0.014 Nm
  br4_foot: Position=0.843 rad, Velocity=-0.003 rad/s, Effort=-0.008 Nm

[JOINT STATE] Joint State Data:
  fl1_hip_roll: Position=-1.079 rad, Velocity=-0.001 rad/s, Effort=-0.023 Nm
  fl2_hip_pitch: Position=1.280 rad, Velocity=-0.001 rad/s, Effort=-0.160 Nm
  fl3_knee_pitch: Position=0.010 rad, Velocity=-0.001 rad/s, Effort=-0.060 Nm
  fl4_foot: Position=0.544 rad, Velocity=-0.003 rad/s, Effort=0.004 Nm
  fr1_hip_roll: Position=1.195 rad, Velocity=-0.001 rad/s, Effort=-0.078 Nm
  fr2_hip_pitch: Position=-1.431 rad, Velocity=-0.001 rad/s, Effort=-0.023 Nm
  fr3_knee_pitch: Position=-0.227 rad, Velocity=-0.001 rad/s, Effort=-0.041 Nm
  fr4_foot: Position=0.487 rad, Velocity=-0.003 rad/s, Effort=-0.010 Nm
  bl1_hip_roll: Position=1.216 rad, Velocity=-0.001 rad/s, Effort=0.023 Nm
  bl2_hip_pitch: Position=-1.402 rad, Velocity=-0.001 rad/s, Effort=-0.041 Nm
  bl3_knee_pitch: Position=-0.179 rad, Velocity=-0.001 rad/s, Effort=-0.023 Nm
  bl4_foot: Position=0.232 rad, Velocity=-0.003 rad/s, Effort=-0.005 Nm
  br1_hip_roll: Position=-1.217 rad, Velocity=-0.001 rad/s, Effort=-0.105 Nm
  br2_hip_pitch: Position=1.452 rad, Velocity=-0.001 rad/s, Effort=-0.060 Nm
  br3_knee_pitch: Position=0.234 rad, Velocity=-0.001 rad/s, Effort=0.005 Nm
  br4_foot: Position=0.843 rad, Velocity=-0.003 rad/s, Effort=-0.011 Nm

[JOINT STATE] Joint State Data:
  fl1_hip_roll: Position=-1.079 rad, Velocity=-0.001 rad/s, Effort=0.032 Nm
  fl2_hip_pitch: Position=1.280 rad, Velocity=-0.001 rad/s, Effort=-0.160 Nm
  fl3_knee_pitch: Position=0.010 rad, Velocity=-0.001 rad/s, Effort=-0.060 Nm
  fl4_foot: Position=0.544 rad, Velocity=-0.003 rad/s, Effort=-0.008 Nm
  fr1_hip_roll: Position=1.195 rad, Velocity=-0.001 rad/s, Effort=-0.050 Nm
  fr2_hip_pitch: Position=-1.431 rad, Velocity=-0.001 rad/s, Effort=-0.023 Nm
  fr3_knee_pitch: Position=-0.227 rad, Velocity=-0.001 rad/s, Effort=-0.060 Nm
  fr4_foot: Position=0.487 rad, Velocity=-0.003 rad/s, Effort=-0.004 Nm
  bl1_hip_roll: Position=1.216 rad, Velocity=-0.001 rad/s, Effort=0.069 Nm
  bl2_hip_pitch: Position=-1.402 rad, Velocity=-0.001 rad/s, Effort=-0.114 Nm
  bl3_knee_pitch: Position=-0.179 rad, Velocity=-0.001 rad/s, Effort=-0.005 Nm
  bl4_foot: Position=0.232 rad, Velocity=-0.003 rad/s, Effort=-0.001 Nm
  br1_hip_roll: Position=-1.217 rad, Velocity=-0.001 rad/s, Effort=-0.041 Nm
  br2_hip_pitch: Position=1.452 rad, Velocity=-0.001 rad/s, Effort=-0.023 Nm
  br3_knee_pitch: Position=0.234 rad, Velocity=-0.001 rad/s, Effort=-0.014 Nm
  br4_foot: Position=0.843 rad, Velocity=-0.003 rad/s, Effort=-0.002 Nm

[JOINT STATE] Joint State Data:
  fl1_hip_roll: Position=-1.079 rad, Velocity=-0.001 rad/s, Effort=-0.050 Nm
  fl2_hip_pitch: Position=1.280 rad, Velocity=-0.001 rad/s, Effort=-0.169 Nm
  fl3_knee_pitch: Position=0.010 rad, Velocity=-0.001 rad/s, Effort=-0.005 Nm
  fl4_foot: Position=0.544 rad, Velocity=-0.003 rad/s, Effort=0.002 Nm
  fr1_hip_roll: Position=1.195 rad, Velocity=-0.001 rad/s, Effort=-0.050 Nm
  fr2_hip_pitch: Position=-1.431 rad, Velocity=-0.001 rad/s, Effort=0.005 Nm
  fr3_knee_pitch: Position=-0.227 rad, Velocity=-0.001 rad/s, Effort=-0.041 Nm
  fr4_foot: Position=0.487 rad, Velocity=-0.003 rad/s, Effort=-0.001 Nm
  bl1_hip_roll: Position=1.216 rad, Velocity=-0.001 rad/s, Effort=-0.014 Nm
  bl2_hip_pitch: Position=-1.402 rad, Velocity=-0.001 rad/s, Effort=-0.069 Nm
  bl3_knee_pitch: Position=-0.179 rad, Velocity=-0.001 rad/s, Effort=0.005 Nm
  bl4_foot: Position=0.232 rad, Velocity=-0.003 rad/s, Effort=0.004 Nm
  br1_hip_roll: Position=-1.217 rad, Velocity=-0.001 rad/s, Effort=-0.041 Nm
  br2_hip_pitch: Position=1.452 rad, Velocity=-0.001 rad/s, Effort=-0.032 Nm
  br3_knee_pitch: Position=0.234 rad, Velocity=-0.001 rad/s, Effort=0.014 Nm
  br4_foot: Position=0.843 rad, Velocity=-0.003 rad/s, Effort=-0.007 Nm

[JOINT STATE] Joint State Data:
  fl1_hip_roll: Position=-1.079 rad, Velocity=-0.001 rad/s, Effort=0.023 Nm
  fl2_hip_pitch: Position=1.280 rad, Velocity=-0.001 rad/s, Effort=-0.160 Nm
  fl3_knee_pitch: Position=0.010 rad, Velocity=-0.001 rad/s, Effort=-0.032 Nm
  fl4_foot: Position=0.544 rad, Velocity=-0.003 rad/s, Effort=-0.007 Nm
  fr1_hip_roll: Position=1.195 rad, Velocity=-0.001 rad/s, Effort=-0.023 Nm
  fr2_hip_pitch: Position=-1.431 rad, Velocity=-0.001 rad/s, Effort=0.014 Nm
  fr3_knee_pitch: Position=-0.227 rad, Velocity=-0.001 rad/s, Effort=-0.041 Nm
  fr4_foot: Position=0.487 rad, Velocity=-0.003 rad/s, Effort=-0.007 Nm
  bl1_hip_roll: Position=1.216 rad, Velocity=-0.001 rad/s, Effort=0.041 Nm
  bl2_hip_pitch: Position=-1.402 rad, Velocity=-0.001 rad/s, Effort=-0.105 Nm
  bl3_knee_pitch: Position=-0.179 rad, Velocity=-0.001 rad/s, Effort=-0.023 Nm
  bl4_foot: Position=0.232 rad, Velocity=-0.003 rad/s, Effort=0.005 Nm
  br1_hip_roll: Position=-1.217 rad, Velocity=-0.001 rad/s, Effort=-0.114 Nm
  br2_hip_pitch: Position=1.452 rad, Velocity=-0.001 rad/s, Effort=-0.069 Nm
  br3_knee_pitch: Position=0.234 rad, Velocity=-0.001 rad/s, Effort=-0.014 Nm
  br4_foot: Position=0.843 rad, Velocity=-0.003 rad/s, Effort=-0.002 Nm

[JOINT STATE] Joint State Data:
  fl1_hip_roll: Position=-1.079 rad, Velocity=-0.001 rad/s, Effort=-0.032 Nm
  fl2_hip_pitch: Position=1.280 rad, Velocity=-0.001 rad/s, Effort=-0.160 Nm
  fl3_knee_pitch: Position=0.010 rad, Velocity=-0.001 rad/s, Effort=-0.032 Nm
  fl4_foot: Position=0.544 rad, Velocity=-0.003 rad/s, Effort=-0.013 Nm
  fr1_hip_roll: Position=1.195 rad, Velocity=-0.001 rad/s, Effort=-0.014 Nm
  fr2_hip_pitch: Position=-1.431 rad, Velocity=-0.001 rad/s, Effort=-0.005 Nm
  fr3_knee_pitch: Position=-0.227 rad, Velocity=-0.001 rad/s, Effort=-0.041 Nm
  fr4_foot: Position=0.487 rad, Velocity=-0.003 rad/s, Effort=-0.004 Nm
  bl1_hip_roll: Position=1.216 rad, Velocity=-0.001 rad/s, Effort=-0.032 Nm
  bl2_hip_pitch: Position=-1.402 rad, Velocity=-0.001 rad/s, Effort=-0.032 Nm
  bl3_knee_pitch: Position=-0.179 rad, Velocity=-0.001 rad/s, Effort=0.014 Nm
  bl4_foot: Position=0.232 rad, Velocity=-0.003 rad/s, Effort=-0.014 Nm
  br1_hip_roll: Position=-1.217 rad, Velocity=-0.001 rad/s, Effort=-0.087 Nm
  br2_hip_pitch: Position=1.452 rad, Velocity=-0.001 rad/s, Effort=-0.050 Nm
  br3_knee_pitch: Position=0.234 rad, Velocity=-0.001 rad/s, Effort=0.005 Nm
  br4_foot: Position=0.843 rad, Velocity=-0.003 rad/s, Effort=-0.010 Nm

[JOINT STATE] Joint State Data:
  fl1_hip_roll: Position=-1.079 rad, Velocity=-0.001 rad/s, Effort=-0.032 Nm
  fl2_hip_pitch: Position=1.280 rad, Velocity=-0.001 rad/s, Effort=-0.169 Nm
  fl3_knee_pitch: Position=0.010 rad, Velocity=-0.001 rad/s, Effort=-0.023 Nm
  fl4_foot: Position=0.544 rad, Velocity=-0.003 rad/s, Effort=-0.010 Nm
  fr1_hip_roll: Position=1.195 rad, Velocity=-0.001 rad/s, Effort=-0.050 Nm
  fr2_hip_pitch: Position=-1.431 rad, Velocity=-0.001 rad/s, Effort=-0.023 Nm
  fr3_knee_pitch: Position=-0.227 rad, Velocity=-0.001 rad/s, Effort=-0.078 Nm
  fr4_foot: Position=0.487 rad, Velocity=-0.003 rad/s, Effort=-0.005 Nm
  bl1_hip_roll: Position=1.216 rad, Velocity=-0.001 rad/s, Effort=0.050 Nm
  bl2_hip_pitch: Position=-1.402 rad, Velocity=-0.001 rad/s, Effort=-0.050 Nm
  bl3_knee_pitch: Position=-0.179 rad, Velocity=-0.001 rad/s, Effort=-0.014 Nm
  bl4_foot: Position=0.232 rad, Velocity=-0.003 rad/s, Effort=-0.004 Nm
  br1_hip_roll: Position=-1.217 rad, Velocity=-0.001 rad/s, Effort=0.023 Nm
  br2_hip_pitch: Position=1.452 rad, Velocity=-0.001 rad/s, Effort=-0.069 Nm
  br3_knee_pitch: Position=0.234 rad, Velocity=-0.001 rad/s, Effort=-0.060 Nm
  br4_foot: Position=0.843 rad, Velocity=-0.003 rad/s, Effort=-0.010 Nm

[JOINT STATE] Joint State Data:
  fl1_hip_roll: Position=-1.079 rad, Velocity=-0.001 rad/s, Effort=0.041 Nm
  fl2_hip_pitch: Position=1.280 rad, Velocity=-0.001 rad/s, Effort=-0.160 Nm
  fl3_knee_pitch: Position=0.010 rad, Velocity=-0.001 rad/s, Effort=-0.050 Nm
  fl4_foot: Position=0.544 rad, Velocity=-0.003 rad/s, Effort=-0.007 Nm
  fr1_hip_roll: Position=1.195 rad, Velocity=-0.001 rad/s, Effort=-0.087 Nm
  fr2_hip_pitch: Position=-1.431 rad, Velocity=-0.001 rad/s, Effort=0.041 Nm
  fr3_knee_pitch: Position=-0.227 rad, Velocity=-0.001 rad/s, Effort=-0.041 Nm
  fr4_foot: Position=0.487 rad, Velocity=-0.003 rad/s, Effort=0.004 Nm
  bl1_hip_roll: Position=1.216 rad, Velocity=-0.001 rad/s, Effort=-0.032 Nm
  bl2_hip_pitch: Position=-1.402 rad, Velocity=-0.001 rad/s, Effort=-0.050 Nm
  bl3_knee_pitch: Position=-0.179 rad, Velocity=-0.001 rad/s, Effort=0.005 Nm
  bl4_foot: Position=0.232 rad, Velocity=-0.003 rad/s, Effort=0.005 Nm
  br1_hip_roll: Position=-1.217 rad, Velocity=-0.001 rad/s, Effort=-0.078 Nm
  br2_hip_pitch: Position=1.452 rad, Velocity=-0.001 rad/s, Effort=-0.023 Nm
  br3_knee_pitch: Position=0.234 rad, Velocity=-0.001 rad/s, Effort=-0.005 Nm
  br4_foot: Position=0.843 rad, Velocity=-0.003 rad/s, Effort=-0.007 Nm

[JOINT STATE] Joint State Data:
  fl1_hip_roll: Position=-1.079 rad, Velocity=-0.001 rad/s, Effort=-0.050 Nm
  fl2_hip_pitch: Position=1.280 rad, Velocity=-0.001 rad/s, Effort=-0.160 Nm
  fl3_knee_pitch: Position=0.010 rad, Velocity=-0.001 rad/s, Effort=-0.023 Nm
  fl4_foot: Position=0.544 rad, Velocity=-0.003 rad/s, Effort=-0.007 Nm
  fr1_hip_roll: Position=1.195 rad, Velocity=-0.001 rad/s, Effort=-0.050 Nm
  fr2_hip_pitch: Position=-1.431 rad, Velocity=-0.001 rad/s, Effort=0.005 Nm
  fr3_knee_pitch: Position=-0.227 rad, Velocity=-0.001 rad/s, Effort=-0.069 Nm
  fr4_foot: Position=0.487 rad, Velocity=-0.003 rad/s, Effort=0.001 Nm
  bl1_hip_roll: Position=1.216 rad, Velocity=-0.001 rad/s, Effort=-0.041 Nm
  bl2_hip_pitch: Position=-1.402 rad, Velocity=-0.001 rad/s, Effort=-0.032 Nm
  bl3_knee_pitch: Position=-0.179 rad, Velocity=-0.001 rad/s, Effort=-0.023 Nm
  bl4_foot: Position=0.232 rad, Velocity=-0.003 rad/s, Effort=0.001 Nm
  br1_hip_roll: Position=-1.217 rad, Velocity=0.005 rad/s, Effort=-0.023 Nm
  br2_hip_pitch: Position=1.452 rad, Velocity=-0.001 rad/s, Effort=-0.069 Nm
  br3_knee_pitch: Position=0.234 rad, Velocity=-0.001 rad/s, Effort=-0.050 Nm
  br4_foot: Position=0.843 rad, Velocity=-0.003 rad/s, Effort=-0.007 Nm

[JOINT STATE] Joint State Data:
  fl1_hip_roll: Position=-1.079 rad, Velocity=-0.001 rad/s, Effort=0.023 Nm
  fl2_hip_pitch: Position=1.280 rad, Velocity=-0.001 rad/s, Effort=-0.169 Nm
  fl3_knee_pitch: Position=0.010 rad, Velocity=-0.001 rad/s, Effort=-0.041 Nm
  fl4_foot: Position=0.544 rad, Velocity=-0.003 rad/s, Effort=-0.010 Nm
  fr1_hip_roll: Position=1.195 rad, Velocity=-0.001 rad/s, Effort=-0.041 Nm
  fr2_hip_pitch: Position=-1.431 rad, Velocity=-0.001 rad/s, Effort=0.005 Nm
  fr3_knee_pitch: Position=-0.227 rad, Velocity=-0.001 rad/s, Effort=-0.069 Nm
  fr4_foot: Position=0.487 rad, Velocity=-0.003 rad/s, Effort=-0.005 Nm
  bl1_hip_roll: Position=1.216 rad, Velocity=-0.001 rad/s, Effort=-0.014 Nm
  bl2_hip_pitch: Position=-1.402 rad, Velocity=-0.001 rad/s, Effort=-0.014 Nm
  bl3_knee_pitch: Position=-0.179 rad, Velocity=-0.001 rad/s, Effort=-0.014 Nm
  bl4_foot: Position=0.232 rad, Velocity=-0.003 rad/s, Effort=-0.005 Nm
  br1_hip_roll: Position=-1.217 rad, Velocity=-0.009 rad/s, Effort=-0.005 Nm
  br2_hip_pitch: Position=1.452 rad, Velocity=-0.001 rad/s, Effort=-0.050 Nm
  br3_knee_pitch: Position=0.234 rad, Velocity=-0.001 rad/s, Effort=0.005 Nm
  br4_foot: Position=0.843 rad, Velocity=-0.003 rad/s, Effort=-0.007 Nm

[JOINT STATE] Joint State Data:
  fl1_hip_roll: Position=-1.079 rad, Velocity=-0.001 rad/s, Effort=-0.078 Nm
  fl2_hip_pitch: Position=1.280 rad, Velocity=-0.001 rad/s, Effort=-0.160 Nm
  fl3_knee_pitch: Position=0.010 rad, Velocity=-0.001 rad/s, Effort=-0.032 Nm
  fl4_foot: Position=0.544 rad, Velocity=-0.003 rad/s, Effort=-0.004 Nm
  fr1_hip_roll: Position=1.195 rad, Velocity=-0.001 rad/s, Effort=-0.014 Nm
  fr2_hip_pitch: Position=-1.431 rad, Velocity=-0.001 rad/s, Effort=-0.014 Nm
  fr3_knee_pitch: Position=-0.227 rad, Velocity=-0.001 rad/s, Effort=-0.050 Nm
  fr4_foot: Position=0.487 rad, Velocity=-0.003 rad/s, Effort=-0.001 Nm
  bl1_hip_roll: Position=1.216 rad, Velocity=-0.001 rad/s, Effort=-0.050 Nm
  bl2_hip_pitch: Position=-1.402 rad, Velocity=-0.001 rad/s, Effort=-0.050 Nm
  bl3_knee_pitch: Position=-0.179 rad, Velocity=-0.001 rad/s, Effort=-0.023 Nm
  bl4_foot: Position=0.232 rad, Velocity=-0.003 rad/s, Effort=0.001 Nm
  br1_hip_roll: Position=-1.217 rad, Velocity=-0.001 rad/s, Effort=-0.114 Nm
  br2_hip_pitch: Position=1.452 rad, Velocity=-0.001 rad/s, Effort=-0.041 Nm
  br3_knee_pitch: Position=0.234 rad, Velocity=-0.001 rad/s, Effort=-0.032 Nm
  br4_foot: Position=0.843 rad, Velocity=-0.003 rad/s, Effort=-0.007 Nm

[JOINT STATE] Joint State Data:
  fl1_hip_roll: Position=-1.079 rad, Velocity=-0.001 rad/s, Effort=-0.014 Nm
  fl2_hip_pitch: Position=1.280 rad, Velocity=-0.001 rad/s, Effort=-0.169 Nm
  fl3_knee_pitch: Position=0.010 rad, Velocity=-0.001 rad/s, Effort=0.014 Nm
  fl4_foot: Position=0.544 rad, Velocity=-0.003 rad/s, Effort=-0.002 Nm
  fr1_hip_roll: Position=1.195 rad, Velocity=-0.001 rad/s, Effort=-0.014 Nm
  fr2_hip_pitch: Position=-1.431 rad, Velocity=-0.001 rad/s, Effort=0.023 Nm
  fr3_knee_pitch: Position=-0.227 rad, Velocity=-0.001 rad/s, Effort=-0.050 Nm
  fr4_foot: Position=0.487 rad, Velocity=-0.003 rad/s, Effort=-0.007 Nm
  bl1_hip_roll: Position=1.216 rad, Velocity=-0.001 rad/s, Effort=0.032 Nm
  bl2_hip_pitch: Position=-1.402 rad, Velocity=-0.001 rad/s, Effort=-0.032 Nm
  bl3_knee_pitch: Position=-0.179 rad, Velocity=-0.001 rad/s, Effort=-0.014 Nm
  bl4_foot: Position=0.232 rad, Velocity=-0.003 rad/s, Effort=-0.002 Nm
  br1_hip_roll: Position=-1.217 rad, Velocity=-0.001 rad/s, Effort=-0.087 Nm
  br2_hip_pitch: Position=1.452 rad, Velocity=-0.001 rad/s, Effort=-0.050 Nm
  br3_knee_pitch: Position=0.234 rad, Velocity=-0.001 rad/s, Effort=0.032 Nm
  br4_foot: Position=0.843 rad, Velocity=-0.003 rad/s, Effort=-0.016 Nm

[JOINT STATE] Joint State Data:
  fl1_hip_roll: Position=-1.079 rad, Velocity=-0.001 rad/s, Effort=0.041 Nm
  fl2_hip_pitch: Position=1.280 rad, Velocity=-0.001 rad/s, Effort=-0.169 Nm
  fl3_knee_pitch: Position=0.010 rad, Velocity=-0.001 rad/s, Effort=-0.032 Nm
  fl4_foot: Position=0.544 rad, Velocity=-0.003 rad/s, Effort=-0.002 Nm
  fr1_hip_roll: Position=1.195 rad, Velocity=-0.001 rad/s, Effort=-0.041 Nm
  fr2_hip_pitch: Position=-1.431 rad, Velocity=-0.001 rad/s, Effort=-0.041 Nm
  fr3_knee_pitch: Position=-0.227 rad, Velocity=-0.001 rad/s, Effort=-0.078 Nm
  fr4_foot: Position=0.487 rad, Velocity=-0.003 rad/s, Effort=-0.011 Nm
  bl1_hip_roll: Position=1.216 rad, Velocity=-0.001 rad/s, Effort=-0.023 Nm
  bl2_hip_pitch: Position=-1.402 rad, Velocity=-0.001 rad/s, Effort=-0.032 Nm
  bl3_knee_pitch: Position=-0.179 rad, Velocity=-0.001 rad/s, Effort=-0.014 Nm
  bl4_foot: Position=0.232 rad, Velocity=-0.003 rad/s, Effort=0.001 Nm
  br1_hip_roll: Position=-1.217 rad, Velocity=0.003 rad/s, Effort=-0.105 Nm
  br2_hip_pitch: Position=1.452 rad, Velocity=-0.001 rad/s, Effort=-0.050 Nm
  br3_knee_pitch: Position=0.234 rad, Velocity=-0.001 rad/s, Effort=-0.014 Nm
  br4_foot: Position=0.843 rad, Velocity=-0.003 rad/s, Effort=-0.004 Nm

[JOINT STATE] Joint State Data:
  fl1_hip_roll: Position=-1.079 rad, Velocity=-0.001 rad/s, Effort=0.005 Nm
  fl2_hip_pitch: Position=1.280 rad, Velocity=-0.001 rad/s, Effort=-0.160 Nm
  fl3_knee_pitch: Position=0.010 rad, Velocity=-0.001 rad/s, Effort=-0.014 Nm
  fl4_foot: Position=0.544 rad, Velocity=-0.003 rad/s, Effort=0.002 Nm
  fr1_hip_roll: Position=1.195 rad, Velocity=-0.001 rad/s, Effort=-0.041 Nm
  fr2_hip_pitch: Position=-1.431 rad, Velocity=-0.001 rad/s, Effort=0.005 Nm
  fr3_knee_pitch: Position=-0.227 rad, Velocity=-0.001 rad/s, Effort=-0.041 Nm
  fr4_foot: Position=0.487 rad, Velocity=-0.003 rad/s, Effort=-0.008 Nm
  bl1_hip_roll: Position=1.216 rad, Velocity=-0.001 rad/s, Effort=-0.032 Nm
  bl2_hip_pitch: Position=-1.402 rad, Velocity=-0.001 rad/s, Effort=-0.023 Nm
  bl3_knee_pitch: Position=-0.179 rad, Velocity=-0.001 rad/s, Effort=-0.014 Nm
  bl4_foot: Position=0.232 rad, Velocity=-0.003 rad/s, Effort=0.005 Nm
  br1_hip_roll: Position=-1.217 rad, Velocity=-0.005 rad/s, Effort=-0.041 Nm
  br2_hip_pitch: Position=1.452 rad, Velocity=-0.001 rad/s, Effort=-0.050 Nm
  br3_knee_pitch: Position=0.234 rad, Velocity=-0.001 rad/s, Effort=-0.041 Nm
  br4_foot: Position=0.843 rad, Velocity=-0.003 rad/s, Effort=-0.002 Nm

[JOINT STATE] Joint State Data:
  fl1_hip_roll: Position=-1.079 rad, Velocity=-0.001 rad/s, Effort=-0.069 Nm
  fl2_hip_pitch: Position=1.280 rad, Velocity=-0.001 rad/s, Effort=-0.160 Nm
  fl3_knee_pitch: Position=0.010 rad, Velocity=-0.001 rad/s, Effort=-0.014 Nm
  fl4_foot: Position=0.544 rad, Velocity=-0.003 rad/s, Effort=-0.011 Nm
  fr1_hip_roll: Position=1.195 rad, Velocity=-0.001 rad/s, Effort=-0.023 Nm
  fr2_hip_pitch: Position=-1.431 rad, Velocity=-0.001 rad/s, Effort=-0.023 Nm
  fr3_knee_pitch: Position=-0.227 rad, Velocity=-0.001 rad/s, Effort=-0.032 Nm
  fr4_foot: Position=0.487 rad, Velocity=-0.003 rad/s, Effort=-0.004 Nm
  bl1_hip_roll: Position=1.216 rad, Velocity=-0.001 rad/s, Effort=-0.023 Nm
  bl2_hip_pitch: Position=-1.402 rad, Velocity=-0.001 rad/s, Effort=0.014 Nm
  bl3_knee_pitch: Position=-0.179 rad, Velocity=-0.001 rad/s, Effort=-0.032 Nm
  bl4_foot: Position=0.232 rad, Velocity=-0.003 rad/s, Effort=0.004 Nm
  br1_hip_roll: Position=-1.217 rad, Velocity=-0.001 rad/s, Effort=-0.032 Nm
  br2_hip_pitch: Position=1.452 rad, Velocity=-0.001 rad/s, Effort=-0.050 Nm
  br3_knee_pitch: Position=0.234 rad, Velocity=-0.001 rad/s, Effort=-0.041 Nm
  br4_foot: Position=0.843 rad, Velocity=-0.003 rad/s, Effort=-0.007 Nm

[JOINT STATE] Joint State Data:
  fl1_hip_roll: Position=-1.079 rad, Velocity=-0.001 rad/s, Effort=0.060 Nm
  fl2_hip_pitch: Position=1.280 rad, Velocity=-0.001 rad/s, Effort=-0.160 Nm
  fl3_knee_pitch: Position=0.010 rad, Velocity=-0.001 rad/s, Effort=-0.032 Nm
  fl4_foot: Position=0.544 rad, Velocity=-0.003 rad/s, Effort=-0.008 Nm
  fr1_hip_roll: Position=1.195 rad, Velocity=-0.001 rad/s, Effort=-0.041 Nm
  fr2_hip_pitch: Position=-1.431 rad, Velocity=-0.001 rad/s, Effort=-0.050 Nm
  fr3_knee_pitch: Position=-0.227 rad, Velocity=-0.001 rad/s, Effort=-0.041 Nm
  fr4_foot: Position=0.487 rad, Velocity=-0.003 rad/s, Effort=-0.004 Nm
  bl1_hip_roll: Position=1.216 rad, Velocity=-0.001 rad/s, Effort=-0.005 Nm
  bl2_hip_pitch: Position=-1.402 rad, Velocity=-0.001 rad/s, Effort=-0.032 Nm
  bl3_knee_pitch: Position=-0.179 rad, Velocity=-0.001 rad/s, Effort=-0.014 Nm
  bl4_foot: Position=0.232 rad, Velocity=-0.003 rad/s, Effort=0.005 Nm
  br1_hip_roll: Position=-1.217 rad, Velocity=-0.001 rad/s, Effort=0.023 Nm
  br2_hip_pitch: Position=1.452 rad, Velocity=-0.001 rad/s, Effort=-0.060 Nm
  br3_knee_pitch: Position=0.234 rad, Velocity=-0.001 rad/s, Effort=-0.023 Nm
  br4_foot: Position=0.843 rad, Velocity=-0.003 rad/s, Effort=-0.002 Nm

[JOINT STATE] Joint State Data:
  fl1_hip_roll: Position=-1.079 rad, Velocity=-0.001 rad/s, Effort=0.041 Nm
  fl2_hip_pitch: Position=1.280 rad, Velocity=-0.001 rad/s, Effort=-0.160 Nm
  fl3_knee_pitch: Position=0.010 rad, Velocity=-0.001 rad/s, Effort=-0.050 Nm
  fl4_foot: Position=0.544 rad, Velocity=-0.003 rad/s, Effort=-0.018 Nm
  fr1_hip_roll: Position=1.195 rad, Velocity=-0.001 rad/s, Effort=-0.023 Nm
  fr2_hip_pitch: Position=-1.431 rad, Velocity=-0.001 rad/s, Effort=-0.014 Nm
  fr3_knee_pitch: Position=-0.227 rad, Velocity=-0.001 rad/s, Effort=-0.078 Nm
  fr4_foot: Position=0.487 rad, Velocity=-0.003 rad/s, Effort=0.005 Nm
  bl1_hip_roll: Position=1.216 rad, Velocity=-0.001 rad/s, Effort=0.005 Nm
  bl2_hip_pitch: Position=-1.402 rad, Velocity=-0.001 rad/s, Effort=-0.005 Nm
  bl3_knee_pitch: Position=-0.179 rad, Velocity=-0.001 rad/s, Effort=-0.050 Nm
  bl4_foot: Position=0.232 rad, Velocity=-0.003 rad/s, Effort=-0.008 Nm
  br1_hip_roll: Position=-1.217 rad, Velocity=-0.001 rad/s, Effort=-0.105 Nm
  br2_hip_pitch: Position=1.452 rad, Velocity=-0.001 rad/s, Effort=-0.041 Nm
  br3_knee_pitch: Position=0.234 rad, Velocity=-0.001 rad/s, Effort=-0.005 Nm
  br4_foot: Position=0.843 rad, Velocity=-0.003 rad/s, Effort=-0.010 Nm

[JOINT STATE] Joint State Data:
  fl1_hip_roll: Position=-1.079 rad, Velocity=-0.001 rad/s, Effort=0.014 Nm
  fl2_hip_pitch: Position=1.280 rad, Velocity=-0.001 rad/s, Effort=-0.169 Nm
  fl3_knee_pitch: Position=0.010 rad, Velocity=-0.001 rad/s, Effort=-0.005 Nm
  fl4_foot: Position=0.544 rad, Velocity=-0.003 rad/s, Effort=-0.022 Nm
  fr1_hip_roll: Position=1.195 rad, Velocity=-0.001 rad/s, Effort=-0.133 Nm
  fr2_hip_pitch: Position=-1.431 rad, Velocity=-0.001 rad/s, Effort=-0.014 Nm
  fr3_knee_pitch: Position=-0.227 rad, Velocity=-0.001 rad/s, Effort=-0.069 Nm
  fr4_foot: Position=0.487 rad, Velocity=-0.003 rad/s, Effort=-0.007 Nm
  bl1_hip_roll: Position=1.216 rad, Velocity=-0.001 rad/s, Effort=-0.005 Nm
  bl2_hip_pitch: Position=-1.402 rad, Velocity=-0.001 rad/s, Effort=-0.005 Nm
  bl3_knee_pitch: Position=-0.179 rad, Velocity=-0.001 rad/s, Effort=-0.005 Nm
  bl4_foot: Position=0.232 rad, Velocity=-0.003 rad/s, Effort=0.001 Nm
  br1_hip_roll: Position=-1.217 rad, Velocity=-0.001 rad/s, Effort=-0.041 Nm
  br2_hip_pitch: Position=1.452 rad, Velocity=-0.001 rad/s, Effort=-0.060 Nm
  br3_knee_pitch: Position=0.234 rad, Velocity=-0.001 rad/s, Effort=-0.005 Nm
  br4_foot: Position=0.843 rad, Velocity=-0.003 rad/s, Effort=-0.011 Nm

[JOINT STATE] Joint State Data:
  fl1_hip_roll: Position=-1.079 rad, Velocity=-0.001 rad/s, Effort=-0.041 Nm
  fl2_hip_pitch: Position=1.280 rad, Velocity=-0.001 rad/s, Effort=-0.160 Nm
  fl3_knee_pitch: Position=0.010 rad, Velocity=-0.001 rad/s, Effort=-0.060 Nm
  fl4_foot: Position=0.544 rad, Velocity=-0.003 rad/s, Effort=-0.011 Nm
  fr1_hip_roll: Position=1.195 rad, Velocity=-0.001 rad/s, Effort=-0.087 Nm
  fr2_hip_pitch: Position=-1.431 rad, Velocity=-0.001 rad/s, Effort=-0.041 Nm
  fr3_knee_pitch: Position=-0.227 rad, Velocity=-0.001 rad/s, Effort=-0.050 Nm
  fr4_foot: Position=0.487 rad, Velocity=-0.003 rad/s, Effort=-0.010 Nm
  bl1_hip_roll: Position=1.216 rad, Velocity=-0.001 rad/s, Effort=-0.041 Nm
  bl2_hip_pitch: Position=-1.402 rad, Velocity=-0.001 rad/s, Effort=-0.005 Nm
  bl3_knee_pitch: Position=-0.179 rad, Velocity=-0.001 rad/s, Effort=0.005 Nm
  bl4_foot: Position=0.232 rad, Velocity=-0.003 rad/s, Effort=0.001 Nm
  br1_hip_roll: Position=-1.217 rad, Velocity=-0.001 rad/s, Effort=-0.069 Nm
  br2_hip_pitch: Position=1.452 rad, Velocity=-0.001 rad/s, Effort=-0.023 Nm
  br3_knee_pitch: Position=0.234 rad, Velocity=-0.001 rad/s, Effort=0.032 Nm
  br4_foot: Position=0.843 rad, Velocity=-0.003 rad/s, Effort=-0.005 Nm

[JOINT STATE] Joint State Data:
  fl1_hip_roll: Position=-1.079 rad, Velocity=-0.001 rad/s, Effort=-0.114 Nm
  fl2_hip_pitch: Position=1.280 rad, Velocity=-0.001 rad/s, Effort=-0.160 Nm
  fl3_knee_pitch: Position=0.010 rad, Velocity=-0.001 rad/s, Effort=-0.023 Nm
  fl4_foot: Position=0.544 rad, Velocity=-0.003 rad/s, Effort=-0.002 Nm
  fr1_hip_roll: Position=1.195 rad, Velocity=-0.001 rad/s, Effort=-0.032 Nm
  fr2_hip_pitch: Position=-1.431 rad, Velocity=-0.001 rad/s, Effort=-0.005 Nm
  fr3_knee_pitch: Position=-0.227 rad, Velocity=-0.001 rad/s, Effort=-0.032 Nm
  fr4_foot: Position=0.487 rad, Velocity=-0.003 rad/s, Effort=0.004 Nm
  bl1_hip_roll: Position=1.216 rad, Velocity=-0.001 rad/s, Effort=-0.005 Nm
  bl2_hip_pitch: Position=-1.402 rad, Velocity=-0.001 rad/s, Effort=-0.069 Nm
  bl3_knee_pitch: Position=-0.179 rad, Velocity=-0.001 rad/s, Effort=-0.032 Nm
  bl4_foot: Position=0.232 rad, Velocity=-0.003 rad/s, Effort=-0.004 Nm
  br1_hip_roll: Position=-1.217 rad, Velocity=-0.001 rad/s, Effort=0.060 Nm
  br2_hip_pitch: Position=1.452 rad, Velocity=-0.001 rad/s, Effort=-0.005 Nm
  br3_knee_pitch: Position=0.234 rad, Velocity=-0.001 rad/s, Effort=-0.023 Nm
  br4_foot: Position=0.843 rad, Velocity=-0.003 rad/s, Effort=-0.002 Nm

[JOINT STATE] Joint State Data:
  fl1_hip_roll: Position=-1.079 rad, Velocity=-0.001 rad/s, Effort=0.069 Nm
  fl2_hip_pitch: Position=1.280 rad, Velocity=-0.001 rad/s, Effort=-0.169 Nm
  fl3_knee_pitch: Position=0.010 rad, Velocity=-0.001 rad/s, Effort=-0.087 Nm
  fl4_foot: Position=0.544 rad, Velocity=-0.003 rad/s, Effort=-0.005 Nm
  fr1_hip_roll: Position=1.195 rad, Velocity=-0.001 rad/s, Effort=-0.050 Nm
  fr2_hip_pitch: Position=-1.431 rad, Velocity=-0.001 rad/s, Effort=-0.041 Nm
  fr3_knee_pitch: Position=-0.227 rad, Velocity=-0.001 rad/s, Effort=-0.041 Nm
  fr4_foot: Position=0.487 rad, Velocity=-0.003 rad/s, Effort=-0.002 Nm
  bl1_hip_roll: Position=1.216 rad, Velocity=-0.001 rad/s, Effort=0.005 Nm
  bl2_hip_pitch: Position=-1.402 rad, Velocity=-0.001 rad/s, Effort=-0.096 Nm
  bl3_knee_pitch: Position=-0.179 rad, Velocity=-0.001 rad/s, Effort=-0.032 Nm
  bl4_foot: Position=0.232 rad, Velocity=-0.003 rad/s, Effort=-0.002 Nm
  br1_hip_roll: Position=-1.217 rad, Velocity=-0.001 rad/s, Effort=-0.050 Nm
  br2_hip_pitch: Position=1.452 rad, Velocity=-0.001 rad/s, Effort=-0.041 Nm
  br3_knee_pitch: Position=0.234 rad, Velocity=-0.001 rad/s, Effort=-0.023 Nm
  br4_foot: Position=0.843 rad, Velocity=-0.003 rad/s, Effort=-0.004 Nm

[JOINT STATE] Joint State Data:
  fl1_hip_roll: Position=-1.079 rad, Velocity=-0.001 rad/s, Effort=-0.105 Nm
  fl2_hip_pitch: Position=1.280 rad, Velocity=-0.001 rad/s, Effort=-0.114 Nm
  fl3_knee_pitch: Position=0.010 rad, Velocity=-0.001 rad/s, Effort=-0.041 Nm
  fl4_foot: Position=0.544 rad, Velocity=-0.003 rad/s, Effort=0.018 Nm
  fr1_hip_roll: Position=1.195 rad, Velocity=-0.001 rad/s, Effort=-0.005 Nm
  fr2_hip_pitch: Position=-1.431 rad, Velocity=-0.001 rad/s, Effort=-0.014 Nm
  fr3_knee_pitch: Position=-0.227 rad, Velocity=-0.001 rad/s, Effort=-0.078 Nm
  fr4_foot: Position=0.487 rad, Velocity=-0.003 rad/s, Effort=-0.001 Nm
  bl1_hip_roll: Position=1.216 rad, Velocity=-0.001 rad/s, Effort=-0.069 Nm
  bl2_hip_pitch: Position=-1.402 rad, Velocity=-0.001 rad/s, Effort=-0.023 Nm
  bl3_knee_pitch: Position=-0.179 rad, Velocity=-0.001 rad/s, Effort=-0.041 Nm
  bl4_foot: Position=0.232 rad, Velocity=-0.003 rad/s, Effort=0.002 Nm
  br1_hip_roll: Position=-1.217 rad, Velocity=-0.001 rad/s, Effort=-0.023 Nm
  br2_hip_pitch: Position=1.452 rad, Velocity=-0.001 rad/s, Effort=-0.023 Nm
  br3_knee_pitch: Position=0.234 rad, Velocity=-0.001 rad/s, Effort=0.023 Nm
  br4_foot: Position=0.843 rad, Velocity=-0.003 rad/s, Effort=-0.007 Nm

[JOINT STATE] Joint State Data:
  fl1_hip_roll: Position=-1.079 rad, Velocity=-0.001 rad/s, Effort=0.023 Nm
  fl2_hip_pitch: Position=1.280 rad, Velocity=-0.001 rad/s, Effort=-0.160 Nm
  fl3_knee_pitch: Position=0.010 rad, Velocity=-0.001 rad/s, Effort=-0.014 Nm
  fl4_foot: Position=0.544 rad, Velocity=-0.003 rad/s, Effort=-0.007 Nm
  fr1_hip_roll: Position=1.195 rad, Velocity=-0.001 rad/s, Effort=-0.032 Nm
  fr2_hip_pitch: Position=-1.431 rad, Velocity=-0.001 rad/s, Effort=-0.005 Nm
  fr3_knee_pitch: Position=-0.227 rad, Velocity=-0.001 rad/s, Effort=-0.069 Nm
  fr4_foot: Position=0.487 rad, Velocity=-0.003 rad/s, Effort=-0.004 Nm
  bl1_hip_roll: Position=1.216 rad, Velocity=-0.001 rad/s, Effort=-0.014 Nm
  bl2_hip_pitch: Position=-1.402 rad, Velocity=-0.001 rad/s, Effort=0.014 Nm
  bl3_knee_pitch: Position=-0.179 rad, Velocity=-0.001 rad/s, Effort=-0.023 Nm
  bl4_foot: Position=0.232 rad, Velocity=-0.003 rad/s, Effort=-0.005 Nm
  br1_hip_roll: Position=-1.217 rad, Velocity=-0.001 rad/s, Effort=-0.078 Nm
  br2_hip_pitch: Position=1.452 rad, Velocity=-0.001 rad/s, Effort=-0.087 Nm
  br3_knee_pitch: Position=0.234 rad, Velocity=-0.001 rad/s, Effort=0.032 Nm
  br4_foot: Position=0.843 rad, Velocity=-0.003 rad/s, Effort=-0.013 Nm

[JOINT STATE] Joint State Data:
  fl1_hip_roll: Position=-1.079 rad, Velocity=-0.001 rad/s, Effort=-0.032 Nm
  fl2_hip_pitch: Position=1.280 rad, Velocity=-0.001 rad/s, Effort=-0.151 Nm
  fl3_knee_pitch: Position=0.010 rad, Velocity=-0.001 rad/s, Effort=0.032 Nm
  fl4_foot: Position=0.544 rad, Velocity=-0.003 rad/s, Effort=0.001 Nm
  fr1_hip_roll: Position=1.195 rad, Velocity=-0.001 rad/s, Effort=-0.023 Nm
  fr2_hip_pitch: Position=-1.431 rad, Velocity=-0.001 rad/s, Effort=-0.014 Nm
  fr3_knee_pitch: Position=-0.227 rad, Velocity=-0.001 rad/s, Effort=-0.069 Nm
  fr4_foot: Position=0.487 rad, Velocity=-0.003 rad/s, Effort=-0.007 Nm
  bl1_hip_roll: Position=1.216 rad, Velocity=-0.001 rad/s, Effort=0.005 Nm
  bl2_hip_pitch: Position=-1.402 rad, Velocity=-0.001 rad/s, Effort=-0.096 Nm
  bl3_knee_pitch: Position=-0.179 rad, Velocity=-0.001 rad/s, Effort=-0.032 Nm
  bl4_foot: Position=0.232 rad, Velocity=-0.003 rad/s, Effort=0.008 Nm
  br1_hip_roll: Position=-1.217 rad, Velocity=-0.001 rad/s, Effort=-0.105 Nm
  br2_hip_pitch: Position=1.452 rad, Velocity=-0.001 rad/s, Effort=-0.032 Nm
  br3_knee_pitch: Position=0.234 rad, Velocity=-0.001 rad/s, Effort=0.041 Nm
  br4_foot: Position=0.843 rad, Velocity=-0.003 rad/s, Effort=-0.004 Nm

[JOINT STATE] Joint State Data:
  fl1_hip_roll: Position=-1.079 rad, Velocity=-0.001 rad/s, Effort=-0.014 Nm
  fl2_hip_pitch: Position=1.280 rad, Velocity=-0.001 rad/s, Effort=-0.160 Nm
  fl3_knee_pitch: Position=0.010 rad, Velocity=-0.001 rad/s, Effort=-0.050 Nm
  fl4_foot: Position=0.544 rad, Velocity=-0.003 rad/s, Effort=-0.024 Nm
  fr1_hip_roll: Position=1.195 rad, Velocity=-0.001 rad/s, Effort=-0.032 Nm
  fr2_hip_pitch: Position=-1.431 rad, Velocity=-0.001 rad/s, Effort=-0.032 Nm
  fr3_knee_pitch: Position=-0.227 rad, Velocity=-0.001 rad/s, Effort=-0.078 Nm
  fr4_foot: Position=0.487 rad, Velocity=-0.003 rad/s, Effort=0.004 Nm
  bl1_hip_roll: Position=1.216 rad, Velocity=-0.001 rad/s, Effort=-0.023 Nm
  bl2_hip_pitch: Position=-1.402 rad, Velocity=-0.001 rad/s, Effort=-0.124 Nm
  bl3_knee_pitch: Position=-0.179 rad, Velocity=-0.001 rad/s, Effort=-0.023 Nm
  bl4_foot: Position=0.232 rad, Velocity=-0.003 rad/s, Effort=-0.008 Nm
  br1_hip_roll: Position=-1.217 rad, Velocity=-0.001 rad/s, Effort=-0.069 Nm
  br2_hip_pitch: Position=1.452 rad, Velocity=-0.001 rad/s, Effort=-0.041 Nm
  br3_knee_pitch: Position=0.234 rad, Velocity=-0.001 rad/s, Effort=-0.005 Nm
  br4_foot: Position=0.843 rad, Velocity=-0.003 rad/s, Effort=-0.002 Nm

[JOINT STATE] Joint State Data:
  fl1_hip_roll: Position=-1.079 rad, Velocity=-0.001 rad/s, Effort=0.032 Nm
  fl2_hip_pitch: Position=1.280 rad, Velocity=-0.001 rad/s, Effort=-0.142 Nm
  fl3_knee_pitch: Position=0.010 rad, Velocity=-0.001 rad/s, Effort=-0.041 Nm
  fl4_foot: Position=0.544 rad, Velocity=-0.003 rad/s, Effort=-0.014 Nm
  fr1_hip_roll: Position=1.195 rad, Velocity=-0.001 rad/s, Effort=-0.041 Nm
  fr2_hip_pitch: Position=-1.431 rad, Velocity=-0.001 rad/s, Effort=0.005 Nm
  fr3_knee_pitch: Position=-0.227 rad, Velocity=-0.001 rad/s, Effort=-0.087 Nm
  fr4_foot: Position=0.487 rad, Velocity=-0.003 rad/s, Effort=-0.005 Nm
  bl1_hip_roll: Position=1.216 rad, Velocity=-0.001 rad/s, Effort=-0.014 Nm
  bl2_hip_pitch: Position=-1.402 rad, Velocity=-0.001 rad/s, Effort=-0.032 Nm
  bl3_knee_pitch: Position=-0.179 rad, Velocity=-0.001 rad/s, Effort=0.014 Nm
  bl4_foot: Position=0.232 rad, Velocity=-0.003 rad/s, Effort=0.002 Nm
  br1_hip_roll: Position=-1.217 rad, Velocity=-0.001 rad/s, Effort=-0.078 Nm
  br2_hip_pitch: Position=1.452 rad, Velocity=-0.001 rad/s, Effort=-0.023 Nm
  br3_knee_pitch: Position=0.234 rad, Velocity=-0.001 rad/s, Effort=-0.041 Nm
  br4_foot: Position=0.843 rad, Velocity=-0.003 rad/s, Effort=-0.002 Nm

[JOINT STATE] Joint State Data:
  fl1_hip_roll: Position=-1.079 rad, Velocity=-0.001 rad/s, Effort=-0.041 Nm
  fl2_hip_pitch: Position=1.280 rad, Velocity=-0.001 rad/s, Effort=-0.169 Nm
  fl3_knee_pitch: Position=0.010 rad, Velocity=-0.001 rad/s, Effort=-0.005 Nm
  fl4_foot: Position=0.544 rad, Velocity=-0.003 rad/s, Effort=-0.001 Nm
  fr1_hip_roll: Position=1.195 rad, Velocity=-0.001 rad/s, Effort=-0.078 Nm
  fr2_hip_pitch: Position=-1.431 rad, Velocity=-0.001 rad/s, Effort=-0.032 Nm
  fr3_knee_pitch: Position=-0.227 rad, Velocity=-0.001 rad/s, Effort=-0.050 Nm
  fr4_foot: Position=0.487 rad, Velocity=-0.003 rad/s, Effort=-0.008 Nm
  bl1_hip_roll: Position=1.216 rad, Velocity=-0.001 rad/s, Effort=0.032 Nm
  bl2_hip_pitch: Position=-1.402 rad, Velocity=-0.001 rad/s, Effort=-0.014 Nm
  bl3_knee_pitch: Position=-0.179 rad, Velocity=-0.001 rad/s, Effort=-0.023 Nm
  bl4_foot: Position=0.232 rad, Velocity=-0.003 rad/s, Effort=-0.008 Nm
  br1_hip_roll: Position=-1.217 rad, Velocity=-0.001 rad/s, Effort=-0.005 Nm
  br2_hip_pitch: Position=1.452 rad, Velocity=-0.001 rad/s, Effort=-0.023 Nm
  br3_knee_pitch: Position=0.234 rad, Velocity=-0.001 rad/s, Effort=0.023 Nm
  br4_foot: Position=0.843 rad, Velocity=-0.003 rad/s, Effort=-0.005 Nm

[JOINT STATE] Joint State Data:
  fl1_hip_roll: Position=-1.079 rad, Velocity=-0.001 rad/s, Effort=-0.014 Nm
  fl2_hip_pitch: Position=1.280 rad, Velocity=-0.001 rad/s, Effort=-0.169 Nm
  fl3_knee_pitch: Position=0.010 rad, Velocity=-0.001 rad/s, Effort=-0.069 Nm
  fl4_foot: Position=0.544 rad, Velocity=-0.003 rad/s, Effort=0.002 Nm
  fr1_hip_roll: Position=1.195 rad, Velocity=-0.001 rad/s, Effort=-0.096 Nm
  fr2_hip_pitch: Position=-1.431 rad, Velocity=-0.001 rad/s, Effort=-0.005 Nm
  fr3_knee_pitch: Position=-0.227 rad, Velocity=-0.001 rad/s, Effort=-0.060 Nm
  fr4_foot: Position=0.487 rad, Velocity=-0.003 rad/s, Effort=-0.004 Nm
  bl1_hip_roll: Position=1.216 rad, Velocity=-0.001 rad/s, Effort=-0.014 Nm
  bl2_hip_pitch: Position=-1.402 rad, Velocity=-0.001 rad/s, Effort=-0.050 Nm
  bl3_knee_pitch: Position=-0.179 rad, Velocity=-0.001 rad/s, Effort=-0.014 Nm
  bl4_foot: Position=0.232 rad, Velocity=-0.003 rad/s, Effort=-0.001 Nm
  br1_hip_roll: Position=-1.217 rad, Velocity=-0.001 rad/s, Effort=-0.023 Nm
  br2_hip_pitch: Position=1.452 rad, Velocity=-0.001 rad/s, Effort=-0.005 Nm
  br3_knee_pitch: Position=0.234 rad, Velocity=-0.001 rad/s, Effort=-0.050 Nm
  br4_foot: Position=0.843 rad, Velocity=-0.003 rad/s, Effort=-0.005 Nm

[JOINT STATE] Joint State Data:
  fl1_hip_roll: Position=-1.079 rad, Velocity=-0.001 rad/s, Effort=0.023 Nm
  fl2_hip_pitch: Position=1.280 rad, Velocity=-0.001 rad/s, Effort=-0.160 Nm
  fl3_knee_pitch: Position=0.010 rad, Velocity=-0.001 rad/s, Effort=-0.005 Nm
  fl4_foot: Position=0.544 rad, Velocity=-0.003 rad/s, Effort=-0.004 Nm
  fr1_hip_roll: Position=1.195 rad, Velocity=-0.001 rad/s, Effort=-0.060 Nm
  fr2_hip_pitch: Position=-1.431 rad, Velocity=-0.001 rad/s, Effort=-0.050 Nm
  fr3_knee_pitch: Position=-0.227 rad, Velocity=-0.001 rad/s, Effort=-0.069 Nm
  fr4_foot: Position=0.487 rad, Velocity=-0.003 rad/s, Effort=-0.005 Nm
  bl1_hip_roll: Position=1.216 rad, Velocity=-0.001 rad/s, Effort=-0.041 Nm
  bl2_hip_pitch: Position=-1.402 rad, Velocity=-0.001 rad/s, Effort=-0.041 Nm
  bl3_knee_pitch: Position=-0.179 rad, Velocity=-0.001 rad/s, Effort=-0.032 Nm
  bl4_foot: Position=0.232 rad, Velocity=-0.003 rad/s, Effort=-0.001 Nm
  br1_hip_roll: Position=-1.217 rad, Velocity=-0.001 rad/s, Effort=-0.105 Nm
  br2_hip_pitch: Position=1.452 rad, Velocity=-0.001 rad/s, Effort=-0.032 Nm
  br3_knee_pitch: Position=0.234 rad, Velocity=-0.001 rad/s, Effort=-0.005 Nm
  br4_foot: Position=0.843 rad, Velocity=-0.003 rad/s, Effort=-0.014 Nm

[JOINT STATE] Joint State Data:
  fl1_hip_roll: Position=-1.079 rad, Velocity=-0.001 rad/s, Effort=-0.032 Nm
  fl2_hip_pitch: Position=1.280 rad, Velocity=-0.001 rad/s, Effort=-0.114 Nm
  fl3_knee_pitch: Position=0.010 rad, Velocity=-0.001 rad/s, Effort=-0.078 Nm
  fl4_foot: Position=0.544 rad, Velocity=-0.003 rad/s, Effort=0.001 Nm
  fr1_hip_roll: Position=1.195 rad, Velocity=-0.001 rad/s, Effort=-0.005 Nm
  fr2_hip_pitch: Position=-1.431 rad, Velocity=-0.001 rad/s, Effort=-0.050 Nm
  fr3_knee_pitch: Position=-0.227 rad, Velocity=-0.001 rad/s, Effort=-0.032 Nm
  fr4_foot: Position=0.487 rad, Velocity=-0.003 rad/s, Effort=0.002 Nm
  bl1_hip_roll: Position=1.216 rad, Velocity=-0.001 rad/s, Effort=-0.023 Nm
  bl2_hip_pitch: Position=-1.402 rad, Velocity=-0.001 rad/s, Effort=0.005 Nm
  bl3_knee_pitch: Position=-0.179 rad, Velocity=-0.001 rad/s, Effort=-0.005 Nm
  bl4_foot: Position=0.232 rad, Velocity=-0.003 rad/s, Effort=-0.002 Nm
  br1_hip_roll: Position=-1.217 rad, Velocity=-0.001 rad/s, Effort=-0.032 Nm
  br2_hip_pitch: Position=1.452 rad, Velocity=-0.001 rad/s, Effort=-0.105 Nm
  br3_knee_pitch: Position=0.234 rad, Velocity=-0.001 rad/s, Effort=0.032 Nm
  br4_foot: Position=0.843 rad, Velocity=-0.003 rad/s, Effort=-0.001 Nm

[JOINT STATE] Joint State Data:
  fl1_hip_roll: Position=-1.079 rad, Velocity=-0.001 rad/s, Effort=-0.032 Nm
  fl2_hip_pitch: Position=1.280 rad, Velocity=-0.001 rad/s, Effort=-0.160 Nm
  fl3_knee_pitch: Position=0.010 rad, Velocity=-0.001 rad/s, Effort=-0.023 Nm
  fl4_foot: Position=0.544 rad, Velocity=-0.003 rad/s, Effort=-0.010 Nm
  fr1_hip_roll: Position=1.195 rad, Velocity=-0.001 rad/s, Effort=-0.078 Nm
  fr2_hip_pitch: Position=-1.431 rad, Velocity=-0.001 rad/s, Effort=-0.041 Nm
  fr3_knee_pitch: Position=-0.227 rad, Velocity=-0.001 rad/s, Effort=-0.050 Nm
  fr4_foot: Position=0.487 rad, Velocity=-0.003 rad/s, Effort=-0.001 Nm
  bl1_hip_roll: Position=1.216 rad, Velocity=-0.001 rad/s, Effort=0.032 Nm
  bl2_hip_pitch: Position=-1.402 rad, Velocity=-0.001 rad/s, Effort=-0.041 Nm
  bl3_knee_pitch: Position=-0.179 rad, Velocity=-0.001 rad/s, Effort=-0.050 Nm
  bl4_foot: Position=0.232 rad, Velocity=-0.003 rad/s, Effort=0.002 Nm
  br1_hip_roll: Position=-1.217 rad, Velocity=-0.001 rad/s, Effort=-0.105 Nm
  br2_hip_pitch: Position=1.452 rad, Velocity=-0.001 rad/s, Effort=-0.032 Nm
  br3_knee_pitch: Position=0.234 rad, Velocity=-0.001 rad/s, Effort=0.005 Nm
  br4_foot: Position=0.843 rad, Velocity=-0.003 rad/s, Effort=-0.013 Nm

[JOINT STATE] Joint State Data:
  fl1_hip_roll: Position=-1.079 rad, Velocity=-0.001 rad/s, Effort=-0.087 Nm
  fl2_hip_pitch: Position=1.280 rad, Velocity=-0.001 rad/s, Effort=-0.160 Nm
  fl3_knee_pitch: Position=0.010 rad, Velocity=-0.001 rad/s, Effort=-0.041 Nm
  fl4_foot: Position=0.544 rad, Velocity=-0.003 rad/s, Effort=0.002 Nm
  fr1_hip_roll: Position=1.195 rad, Velocity=-0.001 rad/s, Effort=-0.087 Nm
  fr2_hip_pitch: Position=-1.431 rad, Velocity=-0.001 rad/s, Effort=-0.014 Nm
  fr3_knee_pitch: Position=-0.227 rad, Velocity=-0.001 rad/s, Effort=-0.087 Nm
  fr4_foot: Position=0.487 rad, Velocity=-0.003 rad/s, Effort=-0.004 Nm
  bl1_hip_roll: Position=1.216 rad, Velocity=-0.001 rad/s, Effort=-0.023 Nm
  bl2_hip_pitch: Position=-1.402 rad, Velocity=-0.001 rad/s, Effort=-0.060 Nm
  bl3_knee_pitch: Position=-0.179 rad, Velocity=-0.001 rad/s, Effort=0.005 Nm
  bl4_foot: Position=0.232 rad, Velocity=-0.003 rad/s, Effort=0.010 Nm
  br1_hip_roll: Position=-1.217 rad, Velocity=-0.001 rad/s, Effort=-0.023 Nm
  br2_hip_pitch: Position=1.452 rad, Velocity=-0.001 rad/s, Effort=-0.041 Nm
  br3_knee_pitch: Position=0.234 rad, Velocity=-0.001 rad/s, Effort=0.014 Nm
  br4_foot: Position=0.843 rad, Velocity=-0.003 rad/s, Effort=-0.007 Nm

[JOINT STATE] Joint State Data:
  fl1_hip_roll: Position=-1.079 rad, Velocity=-0.001 rad/s, Effort=-0.078 Nm
  fl2_hip_pitch: Position=1.280 rad, Velocity=-0.001 rad/s, Effort=-0.160 Nm
  fl3_knee_pitch: Position=0.010 rad, Velocity=-0.001 rad/s, Effort=0.032 Nm
  fl4_foot: Position=0.544 rad, Velocity=-0.003 rad/s, Effort=-0.004 Nm
  fr1_hip_roll: Position=1.195 rad, Velocity=-0.001 rad/s, Effort=-0.041 Nm
  fr2_hip_pitch: Position=-1.431 rad, Velocity=-0.001 rad/s, Effort=-0.050 Nm
  fr3_knee_pitch: Position=-0.227 rad, Velocity=-0.001 rad/s, Effort=-0.060 Nm
  fr4_foot: Position=0.487 rad, Velocity=-0.003 rad/s, Effort=-0.008 Nm
  bl1_hip_roll: Position=1.216 rad, Velocity=-0.001 rad/s, Effort=0.014 Nm
  bl2_hip_pitch: Position=-1.402 rad, Velocity=-0.001 rad/s, Effort=-0.005 Nm
  bl3_knee_pitch: Position=-0.179 rad, Velocity=-0.001 rad/s, Effort=-0.041 Nm
  bl4_foot: Position=0.232 rad, Velocity=-0.003 rad/s, Effort=-0.005 Nm
  br1_hip_roll: Position=-1.217 rad, Velocity=-0.001 rad/s, Effort=-0.014 Nm
  br2_hip_pitch: Position=1.452 rad, Velocity=-0.001 rad/s, Effort=-0.041 Nm
  br3_knee_pitch: Position=0.234 rad, Velocity=-0.001 rad/s, Effort=-0.032 Nm
  br4_foot: Position=0.843 rad, Velocity=-0.003 rad/s, Effort=-0.002 Nm

[JOINT STATE] Joint State Data:
  fl1_hip_roll: Position=-1.079 rad, Velocity=-0.001 rad/s, Effort=0.069 Nm
  fl2_hip_pitch: Position=1.280 rad, Velocity=-0.001 rad/s, Effort=-0.169 Nm
  fl3_knee_pitch: Position=0.010 rad, Velocity=-0.001 rad/s, Effort=-0.005 Nm
  fl4_foot: Position=0.544 rad, Velocity=-0.003 rad/s, Effort=0.008 Nm
  fr1_hip_roll: Position=1.195 rad, Velocity=-0.001 rad/s, Effort=-0.078 Nm
  fr2_hip_pitch: Position=-1.431 rad, Velocity=-0.001 rad/s, Effort=-0.041 Nm
  fr3_knee_pitch: Position=-0.227 rad, Velocity=-0.001 rad/s, Effort=-0.050 Nm
  fr4_foot: Position=0.487 rad, Velocity=-0.003 rad/s, Effort=-0.008 Nm
  bl1_hip_roll: Position=1.216 rad, Velocity=-0.001 rad/s, Effort=-0.014 Nm
  bl2_hip_pitch: Position=-1.402 rad, Velocity=-0.001 rad/s, Effort=-0.060 Nm
  bl3_knee_pitch: Position=-0.179 rad, Velocity=-0.001 rad/s, Effort=-0.032 Nm
  bl4_foot: Position=0.232 rad, Velocity=-0.003 rad/s, Effort=-0.004 Nm
  br1_hip_roll: Position=-1.217 rad, Velocity=-0.001 rad/s, Effort=0.023 Nm
  br2_hip_pitch: Position=1.452 rad, Velocity=-0.001 rad/s, Effort=-0.050 Nm
  br3_knee_pitch: Position=0.234 rad, Velocity=-0.001 rad/s, Effort=0.023 Nm
  br4_foot: Position=0.843 rad, Velocity=-0.003 rad/s, Effort=-0.008 Nm

[JOINT STATE] Joint State Data:
  fl1_hip_roll: Position=-1.079 rad, Velocity=-0.001 rad/s, Effort=-0.050 Nm
  fl2_hip_pitch: Position=1.280 rad, Velocity=-0.001 rad/s, Effort=-0.160 Nm
  fl3_knee_pitch: Position=0.010 rad, Velocity=-0.001 rad/s, Effort=-0.032 Nm
  fl4_foot: Position=0.544 rad, Velocity=-0.003 rad/s, Effort=-0.014 Nm
  fr1_hip_roll: Position=1.195 rad, Velocity=-0.001 rad/s, Effort=-0.041 Nm
  fr2_hip_pitch: Position=-1.431 rad, Velocity=-0.001 rad/s, Effort=-0.050 Nm
  fr3_knee_pitch: Position=-0.227 rad, Velocity=-0.001 rad/s, Effort=-0.069 Nm
  fr4_foot: Position=0.487 rad, Velocity=-0.003 rad/s, Effort=-0.010 Nm
  bl1_hip_roll: Position=1.216 rad, Velocity=-0.001 rad/s, Effort=0.041 Nm
  bl2_hip_pitch: Position=-1.402 rad, Velocity=-0.001 rad/s, Effort=0.014 Nm
  bl3_knee_pitch: Position=-0.179 rad, Velocity=-0.001 rad/s, Effort=-0.032 Nm
  bl4_foot: Position=0.232 rad, Velocity=-0.003 rad/s, Effort=0.001 Nm
  br1_hip_roll: Position=-1.217 rad, Velocity=-0.001 rad/s, Effort=-0.114 Nm
  br2_hip_pitch: Position=1.452 rad, Velocity=-0.001 rad/s, Effort=-0.005 Nm
  br3_knee_pitch: Position=0.234 rad, Velocity=-0.001 rad/s, Effort=-0.032 Nm
  br4_foot: Position=0.843 rad, Velocity=-0.003 rad/s, Effort=-0.008 Nm

[JOINT STATE] Joint State Data:
  fl1_hip_roll: Position=-1.079 rad, Velocity=-0.001 rad/s, Effort=-0.014 Nm
  fl2_hip_pitch: Position=1.280 rad, Velocity=-0.001 rad/s, Effort=-0.151 Nm
  fl3_knee_pitch: Position=0.010 rad, Velocity=-0.001 rad/s, Effort=0.032 Nm
  fl4_foot: Position=0.544 rad, Velocity=-0.003 rad/s, Effort=0.004 Nm
  fr1_hip_roll: Position=1.195 rad, Velocity=-0.001 rad/s, Effort=-0.078 Nm
  fr2_hip_pitch: Position=-1.431 rad, Velocity=-0.001 rad/s, Effort=0.023 Nm
  fr3_knee_pitch: Position=-0.227 rad, Velocity=-0.001 rad/s, Effort=-0.014 Nm
  fr4_foot: Position=0.487 rad, Velocity=-0.003 rad/s, Effort=-0.004 Nm
  bl1_hip_roll: Position=1.216 rad, Velocity=-0.001 rad/s, Effort=0.041 Nm
  bl2_hip_pitch: Position=-1.402 rad, Velocity=-0.001 rad/s, Effort=-0.087 Nm
  bl3_knee_pitch: Position=-0.179 rad, Velocity=-0.001 rad/s, Effort=-0.041 Nm
  bl4_foot: Position=0.232 rad, Velocity=-0.003 rad/s, Effort=-0.010 Nm
  br1_hip_roll: Position=-1.217 rad, Velocity=-0.001 rad/s, Effort=-0.041 Nm
  br2_hip_pitch: Position=1.452 rad, Velocity=-0.001 rad/s, Effort=-0.069 Nm
  br3_knee_pitch: Position=0.234 rad, Velocity=-0.001 rad/s, Effort=-0.050 Nm
  br4_foot: Position=0.843 rad, Velocity=-0.003 rad/s, Effort=0.004 Nm

[JOINT STATE] Joint State Data:
  fl1_hip_roll: Position=-1.079 rad, Velocity=-0.001 rad/s, Effort=-0.032 Nm
  fl2_hip_pitch: Position=1.280 rad, Velocity=-0.001 rad/s, Effort=-0.169 Nm
  fl3_knee_pitch: Position=0.010 rad, Velocity=-0.001 rad/s, Effort=0.014 Nm
  fl4_foot: Position=0.544 rad, Velocity=-0.003 rad/s, Effort=-0.007 Nm
  fr1_hip_roll: Position=1.195 rad, Velocity=-0.001 rad/s, Effort=-0.060 Nm
  fr2_hip_pitch: Position=-1.431 rad, Velocity=-0.001 rad/s, Effort=-0.023 Nm
  fr3_knee_pitch: Position=-0.227 rad, Velocity=-0.001 rad/s, Effort=-0.050 Nm
  fr4_foot: Position=0.487 rad, Velocity=-0.003 rad/s, Effort=0.001 Nm
  bl1_hip_roll: Position=1.216 rad, Velocity=-0.001 rad/s, Effort=0.014 Nm
  bl2_hip_pitch: Position=-1.402 rad, Velocity=-0.001 rad/s, Effort=0.005 Nm
  bl3_knee_pitch: Position=-0.179 rad, Velocity=-0.001 rad/s, Effort=-0.023 Nm
  bl4_foot: Position=0.232 rad, Velocity=-0.003 rad/s, Effort=0.007 Nm
  br1_hip_roll: Position=-1.217 rad, Velocity=-0.001 rad/s, Effort=-0.032 Nm
  br2_hip_pitch: Position=1.452 rad, Velocity=-0.001 rad/s, Effort=-0.041 Nm
  br3_knee_pitch: Position=0.234 rad, Velocity=-0.001 rad/s, Effort=-0.041 Nm
  br4_foot: Position=0.843 rad, Velocity=-0.003 rad/s, Effort=-0.004 Nm

[JOINT STATE] Joint State Data:
  fl1_hip_roll: Position=-1.079 rad, Velocity=-0.001 rad/s, Effort=-0.078 Nm
  fl2_hip_pitch: Position=1.280 rad, Velocity=-0.001 rad/s, Effort=-0.169 Nm
  fl3_knee_pitch: Position=0.010 rad, Velocity=-0.001 rad/s, Effort=-0.050 Nm
  fl4_foot: Position=0.544 rad, Velocity=-0.003 rad/s, Effort=-0.010 Nm
  fr1_hip_roll: Position=1.195 rad, Velocity=-0.001 rad/s, Effort=-0.069 Nm
  fr2_hip_pitch: Position=-1.431 rad, Velocity=-0.001 rad/s, Effort=-0.060 Nm
  fr3_knee_pitch: Position=-0.227 rad, Velocity=-0.001 rad/s, Effort=-0.032 Nm
  fr4_foot: Position=0.487 rad, Velocity=-0.003 rad/s, Effort=-0.002 Nm
  bl1_hip_roll: Position=1.216 rad, Velocity=-0.001 rad/s, Effort=0.005 Nm
  bl2_hip_pitch: Position=-1.402 rad, Velocity=-0.001 rad/s, Effort=-0.041 Nm
  bl3_knee_pitch: Position=-0.179 rad, Velocity=-0.001 rad/s, Effort=-0.023 Nm
  bl4_foot: Position=0.232 rad, Velocity=-0.003 rad/s, Effort=-0.001 Nm
  br1_hip_roll: Position=-1.217 rad, Velocity=-0.001 rad/s, Effort=-0.105 Nm
  br2_hip_pitch: Position=1.452 rad, Velocity=-0.001 rad/s, Effort=-0.041 Nm
  br3_knee_pitch: Position=0.234 rad, Velocity=-0.001 rad/s, Effort=-0.032 Nm
  br4_foot: Position=0.843 rad, Velocity=-0.003 rad/s, Effort=-0.008 Nm

[JOINT STATE] Joint State Data:
  fl1_hip_roll: Position=-1.079 rad, Velocity=-0.001 rad/s, Effort=-0.041 Nm
  fl2_hip_pitch: Position=1.280 rad, Velocity=-0.001 rad/s, Effort=-0.160 Nm
  fl3_knee_pitch: Position=0.010 rad, Velocity=-0.001 rad/s, Effort=0.005 Nm
  fl4_foot: Position=0.544 rad, Velocity=-0.003 rad/s, Effort=0.001 Nm
  fr1_hip_roll: Position=1.195 rad, Velocity=-0.001 rad/s, Effort=-0.096 Nm
  fr2_hip_pitch: Position=-1.431 rad, Velocity=-0.001 rad/s, Effort=-0.014 Nm
  fr3_knee_pitch: Position=-0.227 rad, Velocity=-0.001 rad/s, Effort=-0.032 Nm
  fr4_foot: Position=0.487 rad, Velocity=-0.003 rad/s, Effort=-0.005 Nm
  bl1_hip_roll: Position=1.216 rad, Velocity=-0.001 rad/s, Effort=-0.023 Nm
  bl2_hip_pitch: Position=-1.402 rad, Velocity=-0.001 rad/s, Effort=-0.078 Nm
  bl3_knee_pitch: Position=-0.179 rad, Velocity=-0.001 rad/s, Effort=-0.023 Nm
  bl4_foot: Position=0.232 rad, Velocity=-0.003 rad/s, Effort=-0.005 Nm
  br1_hip_roll: Position=-1.217 rad, Velocity=-0.001 rad/s, Effort=-0.032 Nm
  br2_hip_pitch: Position=1.452 rad, Velocity=-0.001 rad/s, Effort=-0.087 Nm
  br3_knee_pitch: Position=0.234 rad, Velocity=-0.001 rad/s, Effort=-0.023 Nm
  br4_foot: Position=0.843 rad, Velocity=-0.003 rad/s, Effort=-0.002 Nm

[JOINT STATE] Joint State Data:
  fl1_hip_roll: Position=-1.079 rad, Velocity=-0.001 rad/s, Effort=-0.032 Nm
  fl2_hip_pitch: Position=1.280 rad, Velocity=-0.001 rad/s, Effort=-0.169 Nm
  fl3_knee_pitch: Position=0.010 rad, Velocity=-0.001 rad/s, Effort=-0.050 Nm
  fl4_foot: Position=0.544 rad, Velocity=-0.003 rad/s, Effort=0.001 Nm
  fr1_hip_roll: Position=1.195 rad, Velocity=-0.001 rad/s, Effort=-0.050 Nm
  fr2_hip_pitch: Position=-1.431 rad, Velocity=-0.001 rad/s, Effort=-0.041 Nm
  fr3_knee_pitch: Position=-0.227 rad, Velocity=-0.001 rad/s, Effort=-0.023 Nm
  fr4_foot: Position=0.487 rad, Velocity=-0.003 rad/s, Effort=-0.007 Nm
  bl1_hip_roll: Position=1.216 rad, Velocity=-0.001 rad/s, Effort=0.014 Nm
  bl2_hip_pitch: Position=-1.402 rad, Velocity=-0.001 rad/s, Effort=-0.032 Nm
  bl3_knee_pitch: Position=-0.179 rad, Velocity=-0.001 rad/s, Effort=-0.041 Nm
  bl4_foot: Position=0.232 rad, Velocity=-0.003 rad/s, Effort=0.014 Nm
  br1_hip_roll: Position=-1.217 rad, Velocity=-0.001 rad/s, Effort=-0.041 Nm
  br2_hip_pitch: Position=1.452 rad, Velocity=-0.001 rad/s, Effort=-0.050 Nm
  br3_knee_pitch: Position=0.234 rad, Velocity=-0.001 rad/s, Effort=0.005 Nm
  br4_foot: Position=0.843 rad, Velocity=-0.003 rad/s, Effort=-0.004 Nm

[JOINT STATE] Joint State Data:
  fl1_hip_roll: Position=-1.079 rad, Velocity=-0.001 rad/s, Effort=-0.041 Nm
  fl2_hip_pitch: Position=1.280 rad, Velocity=-0.001 rad/s, Effort=-0.160 Nm
  fl3_knee_pitch: Position=0.010 rad, Velocity=-0.001 rad/s, Effort=-0.041 Nm
  fl4_foot: Position=0.544 rad, Velocity=-0.003 rad/s, Effort=-0.005 Nm
  fr1_hip_roll: Position=1.195 rad, Velocity=-0.001 rad/s, Effort=-0.114 Nm
  fr2_hip_pitch: Position=-1.431 rad, Velocity=-0.001 rad/s, Effort=-0.041 Nm
  fr3_knee_pitch: Position=-0.227 rad, Velocity=-0.001 rad/s, Effort=-0.032 Nm
  fr4_foot: Position=0.487 rad, Velocity=-0.003 rad/s, Effort=-0.002 Nm
  bl1_hip_roll: Position=1.216 rad, Velocity=-0.001 rad/s, Effort=-0.014 Nm
  bl2_hip_pitch: Position=-1.402 rad, Velocity=-0.001 rad/s, Effort=-0.050 Nm
  bl3_knee_pitch: Position=-0.179 rad, Velocity=-0.001 rad/s, Effort=-0.041 Nm
  bl4_foot: Position=0.232 rad, Velocity=-0.003 rad/s, Effort=0.004 Nm
  br1_hip_roll: Position=-1.217 rad, Velocity=-0.001 rad/s, Effort=-0.096 Nm
  br2_hip_pitch: Position=1.452 rad, Velocity=-0.001 rad/s, Effort=-0.032 Nm
  br3_knee_pitch: Position=0.234 rad, Velocity=-0.001 rad/s, Effort=-0.014 Nm
  br4_foot: Position=0.843 rad, Velocity=-0.003 rad/s, Effort=0.001 Nm

[JOINT STATE] Joint State Data:
  fl1_hip_roll: Position=-1.079 rad, Velocity=-0.001 rad/s, Effort=0.023 Nm
  fl2_hip_pitch: Position=1.280 rad, Velocity=-0.001 rad/s, Effort=-0.151 Nm
  fl3_knee_pitch: Position=0.010 rad, Velocity=-0.001 rad/s, Effort=-0.023 Nm
  fl4_foot: Position=0.544 rad, Velocity=-0.003 rad/s, Effort=-0.019 Nm
  fr1_hip_roll: Position=1.195 rad, Velocity=-0.001 rad/s, Effort=-0.014 Nm
  fr2_hip_pitch: Position=-1.431 rad, Velocity=-0.001 rad/s, Effort=-0.023 Nm
  fr3_knee_pitch: Position=-0.227 rad, Velocity=-0.001 rad/s, Effort=-0.023 Nm
  fr4_foot: Position=0.487 rad, Velocity=-0.003 rad/s, Effort=0.007 Nm
  bl1_hip_roll: Position=1.216 rad, Velocity=-0.001 rad/s, Effort=0.014 Nm
  bl2_hip_pitch: Position=-1.402 rad, Velocity=-0.001 rad/s, Effort=-0.069 Nm
  bl3_knee_pitch: Position=-0.179 rad, Velocity=-0.001 rad/s, Effort=-0.032 Nm
  bl4_foot: Position=0.232 rad, Velocity=-0.003 rad/s, Effort=0.005 Nm
  br1_hip_roll: Position=-1.217 rad, Velocity=-0.001 rad/s, Effort=0.032 Nm
  br2_hip_pitch: Position=1.452 rad, Velocity=-0.001 rad/s, Effort=-0.087 Nm
  br3_knee_pitch: Position=0.234 rad, Velocity=-0.001 rad/s, Effort=-0.032 Nm
  br4_foot: Position=0.843 rad, Velocity=-0.003 rad/s, Effort=-0.011 Nm

[JOINT STATE] Joint State Data:
  fl1_hip_roll: Position=-1.079 rad, Velocity=-0.001 rad/s, Effort=0.060 Nm
  fl2_hip_pitch: Position=1.280 rad, Velocity=-0.001 rad/s, Effort=-0.160 Nm
  fl3_knee_pitch: Position=0.010 rad, Velocity=-0.001 rad/s, Effort=-0.069 Nm
  fl4_foot: Position=0.544 rad, Velocity=-0.003 rad/s, Effort=0.008 Nm
  fr1_hip_roll: Position=1.195 rad, Velocity=-0.001 rad/s, Effort=-0.060 Nm
  fr2_hip_pitch: Position=-1.431 rad, Velocity=-0.001 rad/s, Effort=-0.023 Nm
  fr3_knee_pitch: Position=-0.227 rad, Velocity=-0.001 rad/s, Effort=-0.069 Nm
  fr4_foot: Position=0.487 rad, Velocity=-0.003 rad/s, Effort=-0.005 Nm
  bl1_hip_roll: Position=1.216 rad, Velocity=-0.001 rad/s, Effort=0.050 Nm
  bl2_hip_pitch: Position=-1.402 rad, Velocity=-0.001 rad/s, Effort=-0.005 Nm
  bl3_knee_pitch: Position=-0.179 rad, Velocity=-0.001 rad/s, Effort=-0.050 Nm
  bl4_foot: Position=0.232 rad, Velocity=-0.003 rad/s, Effort=0.001 Nm
  br1_hip_roll: Position=-1.217 rad, Velocity=-0.001 rad/s, Effort=-0.151 Nm
  br2_hip_pitch: Position=1.452 rad, Velocity=-0.001 rad/s, Effort=-0.050 Nm
  br3_knee_pitch: Position=0.234 rad, Velocity=-0.001 rad/s, Effort=0.005 Nm
  br4_foot: Position=0.843 rad, Velocity=-0.003 rad/s, Effort=-0.007 Nm

[JOINT STATE] Joint State Data:
  fl1_hip_roll: Position=-1.079 rad, Velocity=-0.001 rad/s, Effort=-0.087 Nm
  fl2_hip_pitch: Position=1.280 rad, Velocity=-0.001 rad/s, Effort=-0.160 Nm
  fl3_knee_pitch: Position=0.010 rad, Velocity=-0.001 rad/s, Effort=-0.069 Nm
  fl4_foot: Position=0.544 rad, Velocity=-0.003 rad/s, Effort=-0.014 Nm
  fr1_hip_roll: Position=1.195 rad, Velocity=-0.001 rad/s, Effort=-0.032 Nm
  fr2_hip_pitch: Position=-1.431 rad, Velocity=-0.001 rad/s, Effort=0.014 Nm
  fr3_knee_pitch: Position=-0.227 rad, Velocity=-0.001 rad/s, Effort=-0.060 Nm
  fr4_foot: Position=0.487 rad, Velocity=-0.003 rad/s, Effort=-0.004 Nm
  bl1_hip_roll: Position=1.216 rad, Velocity=-0.001 rad/s, Effort=0.014 Nm
  bl2_hip_pitch: Position=-1.402 rad, Velocity=-0.001 rad/s, Effort=-0.041 Nm
  bl3_knee_pitch: Position=-0.179 rad, Velocity=-0.001 rad/s, Effort=-0.041 Nm
  bl4_foot: Position=0.232 rad, Velocity=-0.003 rad/s, Effort=-0.005 Nm
  br1_hip_roll: Position=-1.217 rad, Velocity=-0.001 rad/s, Effort=-0.050 Nm
  br2_hip_pitch: Position=1.452 rad, Velocity=-0.001 rad/s, Effort=-0.060 Nm
  br3_knee_pitch: Position=0.234 rad, Velocity=-0.001 rad/s, Effort=-0.023 Nm
  br4_foot: Position=0.843 rad, Velocity=-0.003 rad/s, Effort=-0.004 Nm

[JOINT STATE] Joint State Data:
  fl1_hip_roll: Position=-1.079 rad, Velocity=-0.001 rad/s, Effort=-0.005 Nm
  fl2_hip_pitch: Position=1.280 rad, Velocity=-0.001 rad/s, Effort=-0.160 Nm
  fl3_knee_pitch: Position=0.010 rad, Velocity=-0.001 rad/s, Effort=-0.023 Nm
  fl4_foot: Position=0.544 rad, Velocity=-0.003 rad/s, Effort=-0.010 Nm
  fr1_hip_roll: Position=1.195 rad, Velocity=-0.001 rad/s, Effort=-0.096 Nm
  fr2_hip_pitch: Position=-1.431 rad, Velocity=-0.001 rad/s, Effort=0.014 Nm
  fr3_knee_pitch: Position=-0.227 rad, Velocity=-0.001 rad/s, Effort=-0.041 Nm
  fr4_foot: Position=0.487 rad, Velocity=-0.003 rad/s, Effort=-0.014 Nm
  bl1_hip_roll: Position=1.216 rad, Velocity=-0.001 rad/s, Effort=0.014 Nm
  bl2_hip_pitch: Position=-1.402 rad, Velocity=-0.001 rad/s, Effort=-0.105 Nm
  bl3_knee_pitch: Position=-0.179 rad, Velocity=-0.001 rad/s, Effort=-0.032 Nm
  bl4_foot: Position=0.232 rad, Velocity=-0.003 rad/s, Effort=-0.008 Nm
  br1_hip_roll: Position=-1.217 rad, Velocity=-0.001 rad/s, Effort=-0.014 Nm
  br2_hip_pitch: Position=1.452 rad, Velocity=-0.001 rad/s, Effort=-0.032 Nm
  br3_knee_pitch: Position=0.234 rad, Velocity=-0.001 rad/s, Effort=-0.041 Nm
  br4_foot: Position=0.843 rad, Velocity=-0.003 rad/s, Effort=0.002 Nm

[JOINT STATE] Joint State Data:
  fl1_hip_roll: Position=-1.079 rad, Velocity=-0.001 rad/s, Effort=-0.124 Nm
  fl2_hip_pitch: Position=1.280 rad, Velocity=-0.001 rad/s, Effort=-0.160 Nm
  fl3_knee_pitch: Position=0.010 rad, Velocity=-0.001 rad/s, Effort=-0.060 Nm
  fl4_foot: Position=0.544 rad, Velocity=-0.003 rad/s, Effort=0.002 Nm
  fr1_hip_roll: Position=1.195 rad, Velocity=-0.001 rad/s, Effort=-0.096 Nm
  fr2_hip_pitch: Position=-1.431 rad, Velocity=-0.001 rad/s, Effort=-0.041 Nm
  fr3_knee_pitch: Position=-0.227 rad, Velocity=-0.001 rad/s, Effort=-0.041 Nm
  fr4_foot: Position=0.487 rad, Velocity=-0.003 rad/s, Effort=-0.011 Nm
  bl1_hip_roll: Position=1.216 rad, Velocity=-0.001 rad/s, Effort=-0.014 Nm
  bl2_hip_pitch: Position=-1.402 rad, Velocity=-0.001 rad/s, Effort=-0.105 Nm
  bl3_knee_pitch: Position=-0.179 rad, Velocity=-0.001 rad/s, Effort=-0.014 Nm
  bl4_foot: Position=0.232 rad, Velocity=-0.003 rad/s, Effort=-0.001 Nm
  br1_hip_roll: Position=-1.217 rad, Velocity=-0.001 rad/s, Effort=0.005 Nm
  br2_hip_pitch: Position=1.452 rad, Velocity=-0.001 rad/s, Effort=-0.060 Nm
  br3_knee_pitch: Position=0.234 rad, Velocity=-0.001 rad/s, Effort=-0.005 Nm
  br4_foot: Position=0.843 rad, Velocity=-0.003 rad/s, Effort=0.002 Nm

[JOINT STATE] Joint State Data:
  fl1_hip_roll: Position=-1.079 rad, Velocity=-0.001 rad/s, Effort=-0.005 Nm
  fl2_hip_pitch: Position=1.280 rad, Velocity=-0.001 rad/s, Effort=-0.142 Nm
  fl3_knee_pitch: Position=0.010 rad, Velocity=-0.001 rad/s, Effort=-0.069 Nm
  fl4_foot: Position=0.544 rad, Velocity=-0.003 rad/s, Effort=-0.007 Nm
  fr1_hip_roll: Position=1.195 rad, Velocity=-0.001 rad/s, Effort=-0.041 Nm
  fr2_hip_pitch: Position=-1.431 rad, Velocity=-0.001 rad/s, Effort=-0.014 Nm
  fr3_knee_pitch: Position=-0.227 rad, Velocity=-0.001 rad/s, Effort=-0.050 Nm
  fr4_foot: Position=0.487 rad, Velocity=-0.003 rad/s, Effort=-0.001 Nm
  bl1_hip_roll: Position=1.216 rad, Velocity=-0.001 rad/s, Effort=0.005 Nm
  bl2_hip_pitch: Position=-1.402 rad, Velocity=-0.001 rad/s, Effort=-0.096 Nm
  bl3_knee_pitch: Position=-0.179 rad, Velocity=-0.001 rad/s, Effort=-0.032 Nm
  bl4_foot: Position=0.232 rad, Velocity=-0.003 rad/s, Effort=-0.005 Nm
  br1_hip_roll: Position=-1.217 rad, Velocity=-0.001 rad/s, Effort=0.023 Nm
  br2_hip_pitch: Position=1.452 rad, Velocity=-0.001 rad/s, Effort=-0.078 Nm
  br3_knee_pitch: Position=0.234 rad, Velocity=-0.001 rad/s, Effort=-0.023 Nm
  br4_foot: Position=0.843 rad, Velocity=-0.003 rad/s, Effort=-0.002 Nm

[JOINT STATE] Joint State Data:
  fl1_hip_roll: Position=-1.079 rad, Velocity=-0.001 rad/s, Effort=0.032 Nm
  fl2_hip_pitch: Position=1.280 rad, Velocity=-0.001 rad/s, Effort=-0.169 Nm
  fl3_knee_pitch: Position=0.010 rad, Velocity=-0.001 rad/s, Effort=0.023 Nm
  fl4_foot: Position=0.544 rad, Velocity=-0.003 rad/s, Effort=-0.013 Nm
  fr1_hip_roll: Position=1.195 rad, Velocity=-0.001 rad/s, Effort=-0.023 Nm
  fr2_hip_pitch: Position=-1.431 rad, Velocity=-0.001 rad/s, Effort=-0.023 Nm
  fr3_knee_pitch: Position=-0.227 rad, Velocity=-0.001 rad/s, Effort=-0.060 Nm
  fr4_foot: Position=0.487 rad, Velocity=-0.003 rad/s, Effort=-0.005 Nm
  bl1_hip_roll: Position=1.216 rad, Velocity=-0.001 rad/s, Effort=-0.005 Nm
  bl2_hip_pitch: Position=-1.402 rad, Velocity=-0.001 rad/s, Effort=-0.014 Nm
  bl3_knee_pitch: Position=-0.179 rad, Velocity=-0.001 rad/s, Effort=-0.060 Nm
  bl4_foot: Position=0.232 rad, Velocity=-0.003 rad/s, Effort=-0.007 Nm
  br1_hip_roll: Position=-1.217 rad, Velocity=-0.001 rad/s, Effort=-0.060 Nm
  br2_hip_pitch: Position=1.452 rad, Velocity=-0.001 rad/s, Effort=-0.050 Nm
  br3_knee_pitch: Position=0.234 rad, Velocity=-0.001 rad/s, Effort=-0.005 Nm
  br4_foot: Position=0.843 rad, Velocity=-0.003 rad/s, Effort=-0.002 Nm

[JOINT STATE] Joint State Data:
  fl1_hip_roll: Position=-1.079 rad, Velocity=-0.001 rad/s, Effort=-0.014 Nm
  fl2_hip_pitch: Position=1.280 rad, Velocity=-0.001 rad/s, Effort=-0.160 Nm
  fl3_knee_pitch: Position=0.010 rad, Velocity=-0.001 rad/s, Effort=-0.014 Nm
  fl4_foot: Position=0.544 rad, Velocity=-0.003 rad/s, Effort=-0.001 Nm
  fr1_hip_roll: Position=1.195 rad, Velocity=-0.001 rad/s, Effort=-0.014 Nm
  fr2_hip_pitch: Position=-1.431 rad, Velocity=-0.001 rad/s, Effort=-0.041 Nm
  fr3_knee_pitch: Position=-0.227 rad, Velocity=-0.001 rad/s, Effort=-0.050 Nm
  fr4_foot: Position=0.487 rad, Velocity=-0.003 rad/s, Effort=0.007 Nm
  bl1_hip_roll: Position=1.216 rad, Velocity=-0.001 rad/s, Effort=0.005 Nm
  bl2_hip_pitch: Position=-1.402 rad, Velocity=-0.001 rad/s, Effort=-0.060 Nm
  bl3_knee_pitch: Position=-0.179 rad, Velocity=-0.001 rad/s, Effort=-0.050 Nm
  bl4_foot: Position=0.232 rad, Velocity=-0.003 rad/s, Effort=0.007 Nm
  br1_hip_roll: Position=-1.217 rad, Velocity=-0.001 rad/s, Effort=-0.078 Nm
  br2_hip_pitch: Position=1.452 rad, Velocity=-0.001 rad/s, Effort=-0.060 Nm
  br3_knee_pitch: Position=0.234 rad, Velocity=-0.001 rad/s, Effort=0.005 Nm
  br4_foot: Position=0.843 rad, Velocity=-0.003 rad/s, Effort=-0.008 Nm

[JOINT STATE] Joint State Data:
  fl1_hip_roll: Position=-1.079 rad, Velocity=-0.001 rad/s, Effort=-0.032 Nm
  fl2_hip_pitch: Position=1.280 rad, Velocity=-0.001 rad/s, Effort=-0.160 Nm
  fl3_knee_pitch: Position=0.010 rad, Velocity=-0.001 rad/s, Effort=-0.014 Nm
  fl4_foot: Position=0.544 rad, Velocity=-0.003 rad/s, Effort=-0.005 Nm
  fr1_hip_roll: Position=1.195 rad, Velocity=-0.001 rad/s, Effort=-0.078 Nm
  fr2_hip_pitch: Position=-1.431 rad, Velocity=-0.001 rad/s, Effort=-0.014 Nm
  fr3_knee_pitch: Position=-0.227 rad, Velocity=-0.001 rad/s, Effort=-0.050 Nm
  fr4_foot: Position=0.487 rad, Velocity=-0.003 rad/s, Effort=-0.008 Nm
  bl1_hip_roll: Position=1.216 rad, Velocity=-0.001 rad/s, Effort=0.060 Nm
  bl2_hip_pitch: Position=-1.402 rad, Velocity=-0.001 rad/s, Effort=-0.060 Nm
  bl3_knee_pitch: Position=-0.179 rad, Velocity=-0.001 rad/s, Effort=-0.032 Nm
  bl4_foot: Position=0.232 rad, Velocity=-0.003 rad/s, Effort=0.001 Nm
  br1_hip_roll: Position=-1.217 rad, Velocity=-0.001 rad/s, Effort=-0.041 Nm
  br2_hip_pitch: Position=1.452 rad, Velocity=-0.001 rad/s, Effort=-0.032 Nm
  br3_knee_pitch: Position=0.234 rad, Velocity=-0.001 rad/s, Effort=-0.032 Nm
  br4_foot: Position=0.843 rad, Velocity=-0.003 rad/s, Effort=-0.008 Nm

[JOINT STATE] Joint State Data:
  fl1_hip_roll: Position=-1.079 rad, Velocity=-0.001 rad/s, Effort=-0.050 Nm
  fl2_hip_pitch: Position=1.280 rad, Velocity=-0.001 rad/s, Effort=-0.179 Nm
  fl3_knee_pitch: Position=0.010 rad, Velocity=-0.001 rad/s, Effort=-0.005 Nm
  fl4_foot: Position=0.544 rad, Velocity=-0.003 rad/s, Effort=-0.008 Nm
  fr1_hip_roll: Position=1.195 rad, Velocity=-0.001 rad/s, Effort=-0.078 Nm
  fr2_hip_pitch: Position=-1.431 rad, Velocity=-0.001 rad/s, Effort=-0.005 Nm
  fr3_knee_pitch: Position=-0.227 rad, Velocity=-0.001 rad/s, Effort=-0.041 Nm
  fr4_foot: Position=0.487 rad, Velocity=-0.003 rad/s, Effort=-0.008 Nm
  bl1_hip_roll: Position=1.216 rad, Velocity=-0.001 rad/s, Effort=-0.014 Nm
  bl2_hip_pitch: Position=-1.402 rad, Velocity=-0.001 rad/s, Effort=-0.014 Nm
  bl3_knee_pitch: Position=-0.179 rad, Velocity=-0.001 rad/s, Effort=-0.050 Nm
  bl4_foot: Position=0.232 rad, Velocity=-0.003 rad/s, Effort=-0.021 Nm
  br1_hip_roll: Position=-1.217 rad, Velocity=-0.001 rad/s, Effort=0.069 Nm
  br2_hip_pitch: Position=1.452 rad, Velocity=-0.001 rad/s, Effort=-0.032 Nm
  br3_knee_pitch: Position=0.234 rad, Velocity=-0.001 rad/s, Effort=0.005 Nm
  br4_foot: Position=0.843 rad, Velocity=-0.003 rad/s, Effort=-0.011 Nm

[JOINT STATE] Joint State Data:
  fl1_hip_roll: Position=-1.079 rad, Velocity=-0.001 rad/s, Effort=-0.005 Nm
  fl2_hip_pitch: Position=1.280 rad, Velocity=-0.001 rad/s, Effort=-0.169 Nm
  fl3_knee_pitch: Position=0.010 rad, Velocity=-0.001 rad/s, Effort=0.023 Nm
  fl4_foot: Position=0.544 rad, Velocity=-0.003 rad/s, Effort=-0.002 Nm
  fr1_hip_roll: Position=1.195 rad, Velocity=-0.001 rad/s, Effort=-0.087 Nm
  fr2_hip_pitch: Position=-1.431 rad, Velocity=-0.001 rad/s, Effort=-0.032 Nm
  fr3_knee_pitch: Position=-0.227 rad, Velocity=-0.001 rad/s, Effort=-0.023 Nm
  fr4_foot: Position=0.487 rad, Velocity=-0.003 rad/s, Effort=-0.004 Nm
  bl1_hip_roll: Position=1.216 rad, Velocity=-0.001 rad/s, Effort=0.032 Nm
  bl2_hip_pitch: Position=-1.402 rad, Velocity=-0.001 rad/s, Effort=-0.114 Nm
  bl3_knee_pitch: Position=-0.179 rad, Velocity=-0.001 rad/s, Effort=-0.014 Nm
  bl4_foot: Position=0.232 rad, Velocity=-0.003 rad/s, Effort=0.001 Nm
  br1_hip_roll: Position=-1.217 rad, Velocity=-0.001 rad/s, Effort=-0.041 Nm
  br2_hip_pitch: Position=1.452 rad, Velocity=-0.001 rad/s, Effort=-0.078 Nm
  br3_knee_pitch: Position=0.234 rad, Velocity=-0.001 rad/s, Effort=-0.032 Nm
  br4_foot: Position=0.843 rad, Velocity=-0.003 rad/s, Effort=-0.005 Nm

[JOINT STATE] Joint State Data:
  fl1_hip_roll: Position=-1.079 rad, Velocity=-0.001 rad/s, Effort=-0.014 Nm
  fl2_hip_pitch: Position=1.280 rad, Velocity=-0.001 rad/s, Effort=-0.160 Nm
  fl3_knee_pitch: Position=0.010 rad, Velocity=-0.001 rad/s, Effort=-0.014 Nm
  fl4_foot: Position=0.544 rad, Velocity=-0.003 rad/s, Effort=-0.018 Nm
  fr1_hip_roll: Position=1.195 rad, Velocity=-0.001 rad/s, Effort=-0.050 Nm
  fr2_hip_pitch: Position=-1.431 rad, Velocity=-0.001 rad/s, Effort=-0.032 Nm
  fr3_knee_pitch: Position=-0.227 rad, Velocity=-0.001 rad/s, Effort=-0.041 Nm
  fr4_foot: Position=0.487 rad, Velocity=-0.003 rad/s, Effort=-0.005 Nm
  bl1_hip_roll: Position=1.216 rad, Velocity=-0.001 rad/s, Effort=0.014 Nm
  bl2_hip_pitch: Position=-1.402 rad, Velocity=-0.001 rad/s, Effort=-0.060 Nm
  bl3_knee_pitch: Position=-0.179 rad, Velocity=-0.001 rad/s, Effort=-0.032 Nm
  bl4_foot: Position=0.232 rad, Velocity=-0.003 rad/s, Effort=0.004 Nm
  br1_hip_roll: Position=-1.217 rad, Velocity=-0.001 rad/s, Effort=-0.078 Nm
  br2_hip_pitch: Position=1.452 rad, Velocity=-0.001 rad/s, Effort=-0.050 Nm
  br3_knee_pitch: Position=0.234 rad, Velocity=-0.001 rad/s, Effort=0.014 Nm
  br4_foot: Position=0.843 rad, Velocity=-0.003 rad/s, Effort=-0.005 Nm

[JOINT STATE] Joint State Data:
  fl1_hip_roll: Position=-1.079 rad, Velocity=-0.001 rad/s, Effort=-0.087 Nm
  fl2_hip_pitch: Position=1.280 rad, Velocity=-0.001 rad/s, Effort=-0.169 Nm
  fl3_knee_pitch: Position=0.010 rad, Velocity=-0.001 rad/s, Effort=0.005 Nm
  fl4_foot: Position=0.544 rad, Velocity=-0.003 rad/s, Effort=-0.005 Nm
  fr1_hip_roll: Position=1.195 rad, Velocity=-0.001 rad/s, Effort=-0.078 Nm
  fr2_hip_pitch: Position=-1.431 rad, Velocity=-0.001 rad/s, Effort=0.014 Nm
  fr3_knee_pitch: Position=-0.227 rad, Velocity=-0.001 rad/s, Effort=-0.069 Nm
  fr4_foot: Position=0.487 rad, Velocity=-0.003 rad/s, Effort=0.007 Nm
  bl1_hip_roll: Position=1.216 rad, Velocity=-0.001 rad/s, Effort=0.005 Nm
  bl2_hip_pitch: Position=-1.402 rad, Velocity=-0.001 rad/s, Effort=-0.069 Nm
  bl3_knee_pitch: Position=-0.179 rad, Velocity=-0.001 rad/s, Effort=-0.041 Nm
  bl4_foot: Position=0.232 rad, Velocity=-0.003 rad/s, Effort=-0.007 Nm
  br1_hip_roll: Position=-1.217 rad, Velocity=-0.001 rad/s, Effort=-0.014 Nm
  br2_hip_pitch: Position=1.452 rad, Velocity=-0.001 rad/s, Effort=-0.023 Nm
  br3_knee_pitch: Position=0.234 rad, Velocity=-0.001 rad/s, Effort=-0.050 Nm
  br4_foot: Position=0.843 rad, Velocity=-0.003 rad/s, Effort=-0.008 Nm

[JOINT STATE] Joint State Data:
  fl1_hip_roll: Position=-1.079 rad, Velocity=-0.001 rad/s, Effort=-0.032 Nm
  fl2_hip_pitch: Position=1.280 rad, Velocity=-0.001 rad/s, Effort=-0.160 Nm
  fl3_knee_pitch: Position=0.010 rad, Velocity=-0.001 rad/s, Effort=-0.050 Nm
  fl4_foot: Position=0.544 rad, Velocity=-0.003 rad/s, Effort=-0.001 Nm
  fr1_hip_roll: Position=1.195 rad, Velocity=-0.001 rad/s, Effort=-0.014 Nm
  fr2_hip_pitch: Position=-1.431 rad, Velocity=-0.001 rad/s, Effort=-0.014 Nm
  fr3_knee_pitch: Position=-0.227 rad, Velocity=-0.001 rad/s, Effort=-0.050 Nm
  fr4_foot: Position=0.487 rad, Velocity=-0.003 rad/s, Effort=-0.005 Nm
  bl1_hip_roll: Position=1.216 rad, Velocity=-0.001 rad/s, Effort=0.060 Nm
  bl2_hip_pitch: Position=-1.402 rad, Velocity=-0.001 rad/s, Effort=-0.014 Nm
  bl3_knee_pitch: Position=-0.179 rad, Velocity=-0.001 rad/s, Effort=-0.069 Nm
  bl4_foot: Position=0.232 rad, Velocity=-0.003 rad/s, Effort=-0.002 Nm
  br1_hip_roll: Position=-1.217 rad, Velocity=-0.001 rad/s, Effort=0.032 Nm
  br2_hip_pitch: Position=1.452 rad, Velocity=-0.001 rad/s, Effort=-0.050 Nm
  br3_knee_pitch: Position=0.234 rad, Velocity=-0.001 rad/s, Effort=-0.014 Nm
  br4_foot: Position=0.843 rad, Velocity=-0.003 rad/s, Effort=-0.008 Nm

[JOINT STATE] Joint State Data:
  fl1_hip_roll: Position=-1.079 rad, Velocity=-0.001 rad/s, Effort=0.005 Nm
  fl2_hip_pitch: Position=1.280 rad, Velocity=-0.001 rad/s, Effort=-0.169 Nm
  fl3_knee_pitch: Position=0.010 rad, Velocity=-0.001 rad/s, Effort=-0.069 Nm
  fl4_foot: Position=0.544 rad, Velocity=-0.003 rad/s, Effort=-0.022 Nm
  fr1_hip_roll: Position=1.195 rad, Velocity=-0.001 rad/s, Effort=-0.078 Nm
  fr2_hip_pitch: Position=-1.431 rad, Velocity=-0.001 rad/s, Effort=-0.005 Nm
  fr3_knee_pitch: Position=-0.227 rad, Velocity=-0.001 rad/s, Effort=-0.078 Nm
  fr4_foot: Position=0.487 rad, Velocity=-0.003 rad/s, Effort=0.002 Nm
  bl1_hip_roll: Position=1.216 rad, Velocity=-0.001 rad/s, Effort=-0.023 Nm
  bl2_hip_pitch: Position=-1.402 rad, Velocity=-0.001 rad/s, Effort=-0.032 Nm
  bl3_knee_pitch: Position=-0.179 rad, Velocity=-0.001 rad/s, Effort=-0.041 Nm
  bl4_foot: Position=0.232 rad, Velocity=-0.003 rad/s, Effort=-0.005 Nm
  br1_hip_roll: Position=-1.217 rad, Velocity=-0.001 rad/s, Effort=-0.060 Nm
  br2_hip_pitch: Position=1.452 rad, Velocity=-0.001 rad/s, Effort=-0.096 Nm
  br3_knee_pitch: Position=0.234 rad, Velocity=-0.001 rad/s, Effort=-0.023 Nm
  br4_foot: Position=0.843 rad, Velocity=-0.003 rad/s, Effort=-0.007 Nm

[JOINT STATE] Joint State Data:
  fl1_hip_roll: Position=-1.079 rad, Velocity=-0.001 rad/s, Effort=-0.005 Nm
  fl2_hip_pitch: Position=1.280 rad, Velocity=-0.001 rad/s, Effort=-0.160 Nm
  fl3_knee_pitch: Position=0.010 rad, Velocity=-0.001 rad/s, Effort=-0.032 Nm
  fl4_foot: Position=0.544 rad, Velocity=-0.003 rad/s, Effort=-0.008 Nm
  fr1_hip_roll: Position=1.195 rad, Velocity=-0.001 rad/s, Effort=-0.069 Nm
  fr2_hip_pitch: Position=-1.431 rad, Velocity=-0.001 rad/s, Effort=-0.060 Nm
  fr3_knee_pitch: Position=-0.227 rad, Velocity=-0.001 rad/s, Effort=-0.023 Nm
  fr4_foot: Position=0.487 rad, Velocity=-0.003 rad/s, Effort=-0.013 Nm
  bl1_hip_roll: Position=1.216 rad, Velocity=-0.001 rad/s, Effort=-0.005 Nm
  bl2_hip_pitch: Position=-1.402 rad, Velocity=-0.001 rad/s, Effort=-0.050 Nm
  bl3_knee_pitch: Position=-0.179 rad, Velocity=-0.001 rad/s, Effort=-0.050 Nm
  bl4_foot: Position=0.232 rad, Velocity=-0.003 rad/s, Effort=-0.004 Nm
  br1_hip_roll: Position=-1.217 rad, Velocity=-0.001 rad/s, Effort=0.014 Nm
  br2_hip_pitch: Position=1.452 rad, Velocity=-0.001 rad/s, Effort=0.005 Nm
  br3_knee_pitch: Position=0.234 rad, Velocity=-0.001 rad/s, Effort=0.023 Nm
  br4_foot: Position=0.843 rad, Velocity=-0.003 rad/s, Effort=-0.010 Nm

[JOINT STATE] Joint State Data:
  fl1_hip_roll: Position=-1.079 rad, Velocity=-0.001 rad/s, Effort=-0.023 Nm
  fl2_hip_pitch: Position=1.280 rad, Velocity=-0.001 rad/s, Effort=-0.124 Nm
  fl3_knee_pitch: Position=0.010 rad, Velocity=-0.001 rad/s, Effort=-0.041 Nm
  fl4_foot: Position=0.544 rad, Velocity=-0.003 rad/s, Effort=-0.010 Nm
  fr1_hip_roll: Position=1.195 rad, Velocity=-0.001 rad/s, Effort=-0.014 Nm
  fr2_hip_pitch: Position=-1.431 rad, Velocity=-0.001 rad/s, Effort=-0.023 Nm
  fr3_knee_pitch: Position=-0.227 rad, Velocity=-0.001 rad/s, Effort=-0.041 Nm
  fr4_foot: Position=0.487 rad, Velocity=-0.003 rad/s, Effort=-0.004 Nm
  bl1_hip_roll: Position=1.216 rad, Velocity=-0.001 rad/s, Effort=-0.060 Nm
  bl2_hip_pitch: Position=-1.402 rad, Velocity=-0.001 rad/s, Effort=-0.041 Nm
  bl3_knee_pitch: Position=-0.179 rad, Velocity=-0.001 rad/s, Effort=-0.069 Nm
  bl4_foot: Position=0.232 rad, Velocity=-0.003 rad/s, Effort=-0.008 Nm
  br1_hip_roll: Position=-1.217 rad, Velocity=-0.001 rad/s, Effort=-0.050 Nm
  br2_hip_pitch: Position=1.452 rad, Velocity=-0.001 rad/s, Effort=-0.050 Nm
  br3_knee_pitch: Position=0.234 rad, Velocity=-0.001 rad/s, Effort=-0.005 Nm
  br4_foot: Position=0.843 rad, Velocity=-0.003 rad/s, Effort=-0.004 Nm

[JOINT STATE] Joint State Data:
  fl1_hip_roll: Position=-1.079 rad, Velocity=-0.001 rad/s, Effort=0.050 Nm
  fl2_hip_pitch: Position=1.280 rad, Velocity=-0.001 rad/s, Effort=-0.151 Nm
  fl3_knee_pitch: Position=0.010 rad, Velocity=-0.001 rad/s, Effort=-0.050 Nm
  fl4_foot: Position=0.544 rad, Velocity=-0.003 rad/s, Effort=-0.010 Nm
  fr1_hip_roll: Position=1.195 rad, Velocity=-0.001 rad/s, Effort=-0.032 Nm
  fr2_hip_pitch: Position=-1.431 rad, Velocity=-0.001 rad/s, Effort=0.032 Nm
  fr3_knee_pitch: Position=-0.227 rad, Velocity=-0.001 rad/s, Effort=-0.078 Nm
  fr4_foot: Position=0.487 rad, Velocity=-0.003 rad/s, Effort=-0.004 Nm
  bl1_hip_roll: Position=1.216 rad, Velocity=-0.001 rad/s, Effort=0.041 Nm
  bl2_hip_pitch: Position=-1.402 rad, Velocity=-0.001 rad/s, Effort=-0.014 Nm
  bl3_knee_pitch: Position=-0.179 rad, Velocity=-0.001 rad/s, Effort=-0.041 Nm
  bl4_foot: Position=0.232 rad, Velocity=-0.003 rad/s, Effort=-0.001 Nm
  br1_hip_roll: Position=-1.217 rad, Velocity=-0.001 rad/s, Effort=-0.023 Nm
  br2_hip_pitch: Position=1.452 rad, Velocity=-0.001 rad/s, Effort=-0.041 Nm
  br3_knee_pitch: Position=0.234 rad, Velocity=-0.001 rad/s, Effort=0.005 Nm
  br4_foot: Position=0.843 rad, Velocity=-0.003 rad/s, Effort=-0.005 Nm

[JOINT STATE] Joint State Data:
  fl1_hip_roll: Position=-1.079 rad, Velocity=-0.001 rad/s, Effort=-0.014 Nm
  fl2_hip_pitch: Position=1.280 rad, Velocity=-0.001 rad/s, Effort=-0.160 Nm
  fl3_knee_pitch: Position=0.010 rad, Velocity=-0.001 rad/s, Effort=-0.023 Nm
  fl4_foot: Position=0.544 rad, Velocity=-0.003 rad/s, Effort=-0.014 Nm
  fr1_hip_roll: Position=1.195 rad, Velocity=-0.001 rad/s, Effort=-0.050 Nm
  fr2_hip_pitch: Position=-1.431 rad, Velocity=-0.001 rad/s, Effort=-0.023 Nm
  fr3_knee_pitch: Position=-0.227 rad, Velocity=-0.001 rad/s, Effort=-0.050 Nm
  fr4_foot: Position=0.487 rad, Velocity=-0.003 rad/s, Effort=0.001 Nm
  bl1_hip_roll: Position=1.216 rad, Velocity=-0.001 rad/s, Effort=0.014 Nm
  bl2_hip_pitch: Position=-1.402 rad, Velocity=-0.001 rad/s, Effort=-0.014 Nm
  bl3_knee_pitch: Position=-0.179 rad, Velocity=-0.001 rad/s, Effort=-0.060 Nm
  bl4_foot: Position=0.232 rad, Velocity=-0.003 rad/s, Effort=0.002 Nm
  br1_hip_roll: Position=-1.217 rad, Velocity=-0.001 rad/s, Effort=-0.096 Nm
  br2_hip_pitch: Position=1.452 rad, Velocity=-0.001 rad/s, Effort=-0.023 Nm
  br3_knee_pitch: Position=0.234 rad, Velocity=-0.001 rad/s, Effort=-0.005 Nm
  br4_foot: Position=0.843 rad, Velocity=-0.003 rad/s, Effort=0.001 Nm

[JOINT STATE] Joint State Data:
  fl1_hip_roll: Position=-1.079 rad, Velocity=-0.001 rad/s, Effort=-0.069 Nm
  fl2_hip_pitch: Position=1.280 rad, Velocity=-0.001 rad/s, Effort=-0.169 Nm
  fl3_knee_pitch: Position=0.010 rad, Velocity=-0.001 rad/s, Effort=-0.014 Nm
  fl4_foot: Position=0.544 rad, Velocity=-0.003 rad/s, Effort=-0.005 Nm
  fr1_hip_roll: Position=1.195 rad, Velocity=-0.001 rad/s, Effort=-0.014 Nm
  fr2_hip_pitch: Position=-1.431 rad, Velocity=-0.001 rad/s, Effort=-0.005 Nm
  fr3_knee_pitch: Position=-0.227 rad, Velocity=-0.001 rad/s, Effort=-0.023 Nm
  fr4_foot: Position=0.487 rad, Velocity=-0.003 rad/s, Effort=0.001 Nm
  bl1_hip_roll: Position=1.216 rad, Velocity=-0.001 rad/s, Effort=-0.023 Nm
  bl2_hip_pitch: Position=-1.402 rad, Velocity=-0.001 rad/s, Effort=0.041 Nm
  bl3_knee_pitch: Position=-0.179 rad, Velocity=-0.001 rad/s, Effort=-0.069 Nm
  bl4_foot: Position=0.232 rad, Velocity=-0.003 rad/s, Effort=-0.001 Nm
  br1_hip_roll: Position=-1.217 rad, Velocity=-0.001 rad/s, Effort=-0.005 Nm
  br2_hip_pitch: Position=1.452 rad, Velocity=-0.001 rad/s, Effort=-0.060 Nm
  br3_knee_pitch: Position=0.234 rad, Velocity=-0.001 rad/s, Effort=0.005 Nm
  br4_foot: Position=0.843 rad, Velocity=-0.003 rad/s, Effort=-0.007 Nm

[JOINT STATE] Joint State Data:
  fl1_hip_roll: Position=-1.079 rad, Velocity=-0.001 rad/s, Effort=0.023 Nm
  fl2_hip_pitch: Position=1.280 rad, Velocity=-0.001 rad/s, Effort=-0.160 Nm
  fl3_knee_pitch: Position=0.010 rad, Velocity=-0.001 rad/s, Effort=-0.014 Nm
  fl4_foot: Position=0.544 rad, Velocity=-0.003 rad/s, Effort=-0.008 Nm
  fr1_hip_roll: Position=1.195 rad, Velocity=-0.001 rad/s, Effort=-0.069 Nm
  fr2_hip_pitch: Position=-1.431 rad, Velocity=-0.001 rad/s, Effort=0.014 Nm
  fr3_knee_pitch: Position=-0.227 rad, Velocity=-0.001 rad/s, Effort=-0.050 Nm
  fr4_foot: Position=0.487 rad, Velocity=-0.003 rad/s, Effort=-0.004 Nm
  bl1_hip_roll: Position=1.216 rad, Velocity=-0.001 rad/s, Effort=-0.032 Nm
  bl2_hip_pitch: Position=-1.402 rad, Velocity=-0.001 rad/s, Effort=-0.096 Nm
  bl3_knee_pitch: Position=-0.179 rad, Velocity=-0.001 rad/s, Effort=-0.041 Nm
  bl4_foot: Position=0.232 rad, Velocity=-0.003 rad/s, Effort=-0.010 Nm
  br1_hip_roll: Position=-1.217 rad, Velocity=-0.001 rad/s, Effort=-0.050 Nm
  br2_hip_pitch: Position=1.452 rad, Velocity=-0.001 rad/s, Effort=-0.032 Nm
  br3_knee_pitch: Position=0.234 rad, Velocity=-0.001 rad/s, Effort=0.041 Nm
  br4_foot: Position=0.843 rad, Velocity=-0.003 rad/s, Effort=-0.010 Nm

[JOINT STATE] Joint State Data:
  fl1_hip_roll: Position=-1.079 rad, Velocity=-0.001 rad/s, Effort=0.041 Nm
  fl2_hip_pitch: Position=1.280 rad, Velocity=-0.001 rad/s, Effort=-0.169 Nm
  fl3_knee_pitch: Position=0.010 rad, Velocity=-0.001 rad/s, Effort=-0.014 Nm
  fl4_foot: Position=0.544 rad, Velocity=-0.003 rad/s, Effort=-0.002 Nm
  fr1_hip_roll: Position=1.195 rad, Velocity=-0.001 rad/s, Effort=-0.041 Nm
  fr2_hip_pitch: Position=-1.431 rad, Velocity=-0.001 rad/s, Effort=-0.014 Nm
  fr3_knee_pitch: Position=-0.227 rad, Velocity=-0.001 rad/s, Effort=-0.032 Nm
  fr4_foot: Position=0.487 rad, Velocity=-0.003 rad/s, Effort=-0.008 Nm
  bl1_hip_roll: Position=1.216 rad, Velocity=-0.001 rad/s, Effort=0.032 Nm
  bl2_hip_pitch: Position=-1.402 rad, Velocity=-0.001 rad/s, Effort=-0.105 Nm
  bl3_knee_pitch: Position=-0.179 rad, Velocity=-0.001 rad/s, Effort=-0.005 Nm
  bl4_foot: Position=0.232 rad, Velocity=-0.003 rad/s, Effort=-0.002 Nm
  br1_hip_roll: Position=-1.217 rad, Velocity=-0.001 rad/s, Effort=-0.023 Nm
  br2_hip_pitch: Position=1.452 rad, Velocity=-0.001 rad/s, Effort=-0.032 Nm
  br3_knee_pitch: Position=0.234 rad, Velocity=-0.001 rad/s, Effort=0.023 Nm
  br4_foot: Position=0.843 rad, Velocity=-0.003 rad/s, Effort=-0.008 Nm

[JOINT STATE] Joint State Data:
  fl1_hip_roll: Position=-1.079 rad, Velocity=-0.001 rad/s, Effort=-0.032 Nm
  fl2_hip_pitch: Position=1.280 rad, Velocity=-0.001 rad/s, Effort=-0.160 Nm
  fl3_knee_pitch: Position=0.010 rad, Velocity=-0.001 rad/s, Effort=0.014 Nm
  fl4_foot: Position=0.544 rad, Velocity=-0.003 rad/s, Effort=-0.005 Nm
  fr1_hip_roll: Position=1.195 rad, Velocity=-0.001 rad/s, Effort=-0.032 Nm
  fr2_hip_pitch: Position=-1.431 rad, Velocity=-0.001 rad/s, Effort=0.014 Nm
  fr3_knee_pitch: Position=-0.227 rad, Velocity=-0.001 rad/s, Effort=-0.069 Nm
  fr4_foot: Position=0.487 rad, Velocity=-0.003 rad/s, Effort=-0.010 Nm
  bl1_hip_roll: Position=1.216 rad, Velocity=-0.001 rad/s, Effort=-0.050 Nm
  bl2_hip_pitch: Position=-1.402 rad, Velocity=-0.001 rad/s, Effort=-0.069 Nm
  bl3_knee_pitch: Position=-0.179 rad, Velocity=-0.001 rad/s, Effort=-0.023 Nm
  bl4_foot: Position=0.232 rad, Velocity=-0.003 rad/s, Effort=-0.002 Nm
  br1_hip_roll: Position=-1.217 rad, Velocity=-0.001 rad/s, Effort=-0.032 Nm
  br2_hip_pitch: Position=1.452 rad, Velocity=-0.001 rad/s, Effort=-0.023 Nm
  br3_knee_pitch: Position=0.234 rad, Velocity=-0.001 rad/s, Effort=0.005 Nm
  br4_foot: Position=0.843 rad, Velocity=-0.003 rad/s, Effort=-0.005 Nm

[JOINT STATE] Joint State Data:
  fl1_hip_roll: Position=-1.079 rad, Velocity=-0.001 rad/s, Effort=-0.014 Nm
  fl2_hip_pitch: Position=1.280 rad, Velocity=-0.001 rad/s, Effort=-0.160 Nm
  fl3_knee_pitch: Position=0.010 rad, Velocity=-0.001 rad/s, Effort=-0.060 Nm
  fl4_foot: Position=0.544 rad, Velocity=-0.003 rad/s, Effort=-0.018 Nm
  fr1_hip_roll: Position=1.195 rad, Velocity=-0.001 rad/s, Effort=-0.078 Nm
  fr2_hip_pitch: Position=-1.431 rad, Velocity=-0.001 rad/s, Effort=-0.014 Nm
  fr3_knee_pitch: Position=-0.227 rad, Velocity=-0.001 rad/s, Effort=-0.050 Nm
  fr4_foot: Position=0.487 rad, Velocity=-0.003 rad/s, Effort=-0.001 Nm
  bl1_hip_roll: Position=1.216 rad, Velocity=-0.001 rad/s, Effort=0.050 Nm
  bl2_hip_pitch: Position=-1.402 rad, Velocity=-0.001 rad/s, Effort=-0.032 Nm
  bl3_knee_pitch: Position=-0.179 rad, Velocity=-0.001 rad/s, Effort=-0.023 Nm
  bl4_foot: Position=0.232 rad, Velocity=-0.003 rad/s, Effort=-0.013 Nm
  br1_hip_roll: Position=-1.217 rad, Velocity=-0.001 rad/s, Effort=-0.041 Nm
  br2_hip_pitch: Position=1.452 rad, Velocity=-0.001 rad/s, Effort=-0.032 Nm
  br3_knee_pitch: Position=0.234 rad, Velocity=-0.001 rad/s, Effort=-0.050 Nm
  br4_foot: Position=0.843 rad, Velocity=-0.003 rad/s, Effort=-0.004 Nm

[JOINT STATE] Joint State Data:
  fl1_hip_roll: Position=-1.079 rad, Velocity=-0.001 rad/s, Effort=-0.087 Nm
  fl2_hip_pitch: Position=1.280 rad, Velocity=-0.001 rad/s, Effort=-0.114 Nm
  fl3_knee_pitch: Position=0.010 rad, Velocity=-0.001 rad/s, Effort=-0.023 Nm
  fl4_foot: Position=0.544 rad, Velocity=-0.003 rad/s, Effort=0.002 Nm
  fr1_hip_roll: Position=1.195 rad, Velocity=-0.001 rad/s, Effort=-0.060 Nm
  fr2_hip_pitch: Position=-1.431 rad, Velocity=-0.001 rad/s, Effort=0.014 Nm
  fr3_knee_pitch: Position=-0.227 rad, Velocity=-0.001 rad/s, Effort=-0.005 Nm
  fr4_foot: Position=0.487 rad, Velocity=-0.003 rad/s, Effort=-0.004 Nm
  bl1_hip_roll: Position=1.216 rad, Velocity=-0.001 rad/s, Effort=0.005 Nm
  bl2_hip_pitch: Position=-1.402 rad, Velocity=-0.001 rad/s, Effort=0.023 Nm
  bl3_knee_pitch: Position=-0.179 rad, Velocity=-0.001 rad/s, Effort=-0.032 Nm
  bl4_foot: Position=0.232 rad, Velocity=-0.003 rad/s, Effort=-0.002 Nm
  br1_hip_roll: Position=-1.217 rad, Velocity=-0.001 rad/s, Effort=-0.041 Nm
  br2_hip_pitch: Position=1.452 rad, Velocity=-0.001 rad/s, Effort=-0.032 Nm
  br3_knee_pitch: Position=0.234 rad, Velocity=-0.001 rad/s, Effort=-0.005 Nm
  br4_foot: Position=0.843 rad, Velocity=-0.003 rad/s, Effort=-0.011 Nm

[JOINT STATE] Joint State Data:
  fl1_hip_roll: Position=-1.079 rad, Velocity=-0.001 rad/s, Effort=-0.023 Nm
  fl2_hip_pitch: Position=1.280 rad, Velocity=-0.001 rad/s, Effort=-0.160 Nm
  fl3_knee_pitch: Position=0.010 rad, Velocity=-0.001 rad/s, Effort=-0.060 Nm
  fl4_foot: Position=0.544 rad, Velocity=-0.003 rad/s, Effort=-0.008 Nm
  fr1_hip_roll: Position=1.195 rad, Velocity=-0.001 rad/s, Effort=-0.060 Nm
  fr2_hip_pitch: Position=-1.431 rad, Velocity=-0.001 rad/s, Effort=-0.014 Nm
  fr3_knee_pitch: Position=-0.227 rad, Velocity=-0.001 rad/s, Effort=-0.041 Nm
  fr4_foot: Position=0.487 rad, Velocity=-0.003 rad/s, Effort=-0.008 Nm
  bl1_hip_roll: Position=1.216 rad, Velocity=-0.001 rad/s, Effort=-0.005 Nm
  bl2_hip_pitch: Position=-1.402 rad, Velocity=-0.001 rad/s, Effort=0.014 Nm
  bl3_knee_pitch: Position=-0.179 rad, Velocity=-0.001 rad/s, Effort=-0.023 Nm
  bl4_foot: Position=0.232 rad, Velocity=-0.003 rad/s, Effort=-0.008 Nm
  br1_hip_roll: Position=-1.217 rad, Velocity=-0.001 rad/s, Effort=0.023 Nm
  br2_hip_pitch: Position=1.452 rad, Velocity=-0.001 rad/s, Effort=-0.023 Nm
  br3_knee_pitch: Position=0.234 rad, Velocity=-0.001 rad/s, Effort=-0.050 Nm
  br4_foot: Position=0.843 rad, Velocity=-0.003 rad/s, Effort=-0.005 Nm

[JOINT STATE] Joint State Data:
  fl1_hip_roll: Position=-1.079 rad, Velocity=-0.001 rad/s, Effort=0.041 Nm
  fl2_hip_pitch: Position=1.280 rad, Velocity=-0.001 rad/s, Effort=-0.160 Nm
  fl3_knee_pitch: Position=0.010 rad, Velocity=-0.001 rad/s, Effort=0.023 Nm
  fl4_foot: Position=0.544 rad, Velocity=-0.003 rad/s, Effort=-0.004 Nm
  fr1_hip_roll: Position=1.195 rad, Velocity=-0.001 rad/s, Effort=-0.032 Nm
  fr2_hip_pitch: Position=-1.431 rad, Velocity=-0.001 rad/s, Effort=-0.014 Nm
  fr3_knee_pitch: Position=-0.227 rad, Velocity=-0.001 rad/s, Effort=-0.023 Nm
  fr4_foot: Position=0.487 rad, Velocity=-0.003 rad/s, Effort=-0.001 Nm
  bl1_hip_roll: Position=1.216 rad, Velocity=-0.001 rad/s, Effort=-0.005 Nm
  bl2_hip_pitch: Position=-1.402 rad, Velocity=-0.001 rad/s, Effort=-0.041 Nm
  bl3_knee_pitch: Position=-0.179 rad, Velocity=-0.001 rad/s, Effort=-0.050 Nm
  bl4_foot: Position=0.232 rad, Velocity=-0.003 rad/s, Effort=0.002 Nm
  br1_hip_roll: Position=-1.217 rad, Velocity=-0.001 rad/s, Effort=-0.050 Nm
  br2_hip_pitch: Position=1.452 rad, Velocity=-0.001 rad/s, Effort=0.005 Nm
  br3_knee_pitch: Position=0.234 rad, Velocity=-0.001 rad/s, Effort=0.005 Nm
  br4_foot: Position=0.843 rad, Velocity=-0.003 rad/s, Effort=-0.013 Nm

[JOINT STATE] Joint State Data:
  fl1_hip_roll: Position=-1.079 rad, Velocity=-0.001 rad/s, Effort=0.005 Nm
  fl2_hip_pitch: Position=1.280 rad, Velocity=-0.001 rad/s, Effort=-0.151 Nm
  fl3_knee_pitch: Position=0.010 rad, Velocity=-0.001 rad/s, Effort=0.032 Nm
  fl4_foot: Position=0.544 rad, Velocity=-0.003 rad/s, Effort=0.005 Nm
  fr1_hip_roll: Position=1.195 rad, Velocity=-0.001 rad/s, Effort=-0.041 Nm
  fr2_hip_pitch: Position=-1.431 rad, Velocity=-0.001 rad/s, Effort=-0.023 Nm
  fr3_knee_pitch: Position=-0.227 rad, Velocity=-0.001 rad/s, Effort=-0.050 Nm
  fr4_foot: Position=0.487 rad, Velocity=-0.003 rad/s, Effort=0.010 Nm
  bl1_hip_roll: Position=1.216 rad, Velocity=-0.001 rad/s, Effort=0.005 Nm
  bl2_hip_pitch: Position=-1.402 rad, Velocity=-0.001 rad/s, Effort=-0.078 Nm
  bl3_knee_pitch: Position=-0.179 rad, Velocity=-0.001 rad/s, Effort=-0.041 Nm
  bl4_foot: Position=0.232 rad, Velocity=-0.003 rad/s, Effort=0.001 Nm
  br1_hip_roll: Position=-1.217 rad, Velocity=-0.001 rad/s, Effort=-0.041 Nm
  br2_hip_pitch: Position=1.452 rad, Velocity=-0.001 rad/s, Effort=-0.050 Nm
  br3_knee_pitch: Position=0.234 rad, Velocity=-0.001 rad/s, Effort=-0.005 Nm
  br4_foot: Position=0.843 rad, Velocity=-0.003 rad/s, Effort=-0.001 Nm

[JOINT STATE] Joint State Data:
  fl1_hip_roll: Position=-1.079 rad, Velocity=-0.001 rad/s, Effort=-0.114 Nm
  fl2_hip_pitch: Position=1.280 rad, Velocity=-0.001 rad/s, Effort=-0.160 Nm
  fl3_knee_pitch: Position=0.010 rad, Velocity=-0.001 rad/s, Effort=-0.050 Nm
  fl4_foot: Position=0.544 rad, Velocity=-0.003 rad/s, Effort=-0.013 Nm
  fr1_hip_roll: Position=1.195 rad, Velocity=-0.001 rad/s, Effort=-0.050 Nm
  fr2_hip_pitch: Position=-1.431 rad, Velocity=-0.001 rad/s, Effort=-0.005 Nm
  fr3_knee_pitch: Position=-0.227 rad, Velocity=-0.001 rad/s, Effort=-0.023 Nm
  fr4_foot: Position=0.487 rad, Velocity=-0.003 rad/s, Effort=-0.007 Nm
  bl1_hip_roll: Position=1.216 rad, Velocity=-0.001 rad/s, Effort=-0.078 Nm
  bl2_hip_pitch: Position=-1.402 rad, Velocity=-0.001 rad/s, Effort=-0.060 Nm
  bl3_knee_pitch: Position=-0.179 rad, Velocity=-0.001 rad/s, Effort=-0.041 Nm
  bl4_foot: Position=0.232 rad, Velocity=-0.003 rad/s, Effort=-0.008 Nm
  br1_hip_roll: Position=-1.217 rad, Velocity=-0.001 rad/s, Effort=-0.069 Nm
  br2_hip_pitch: Position=1.452 rad, Velocity=-0.001 rad/s, Effort=-0.069 Nm
  br3_knee_pitch: Position=0.234 rad, Velocity=-0.001 rad/s, Effort=0.005 Nm
  br4_foot: Position=0.843 rad, Velocity=-0.003 rad/s, Effort=-0.010 Nm

[JOINT STATE] Joint State Data:
  fl1_hip_roll: Position=-1.079 rad, Velocity=-0.001 rad/s, Effort=0.069 Nm
  fl2_hip_pitch: Position=1.280 rad, Velocity=-0.001 rad/s, Effort=-0.160 Nm
  fl3_knee_pitch: Position=0.010 rad, Velocity=-0.001 rad/s, Effort=-0.005 Nm
  fl4_foot: Position=0.544 rad, Velocity=-0.003 rad/s, Effort=0.002 Nm
  fr1_hip_roll: Position=1.195 rad, Velocity=-0.001 rad/s, Effort=-0.032 Nm
  fr2_hip_pitch: Position=-1.431 rad, Velocity=-0.001 rad/s, Effort=-0.005 Nm
  fr3_knee_pitch: Position=-0.227 rad, Velocity=-0.001 rad/s, Effort=-0.032 Nm
  fr4_foot: Position=0.487 rad, Velocity=-0.003 rad/s, Effort=-0.002 Nm
  bl1_hip_roll: Position=1.216 rad, Velocity=-0.001 rad/s, Effort=0.041 Nm
  bl2_hip_pitch: Position=-1.402 rad, Velocity=-0.001 rad/s, Effort=-0.087 Nm
  bl3_knee_pitch: Position=-0.179 rad, Velocity=-0.001 rad/s, Effort=-0.023 Nm
  bl4_foot: Position=0.232 rad, Velocity=-0.003 rad/s, Effort=0.004 Nm
  br1_hip_roll: Position=-1.217 rad, Velocity=-0.001 rad/s, Effort=-0.014 Nm
  br2_hip_pitch: Position=1.452 rad, Velocity=-0.001 rad/s, Effort=-0.060 Nm
  br3_knee_pitch: Position=0.234 rad, Velocity=-0.001 rad/s, Effort=-0.041 Nm
  br4_foot: Position=0.843 rad, Velocity=-0.003 rad/s, Effort=-0.001 Nm

[JOINT STATE] Joint State Data:
  fl1_hip_roll: Position=-1.079 rad, Velocity=-0.001 rad/s, Effort=0.041 Nm
  fl2_hip_pitch: Position=1.280 rad, Velocity=-0.001 rad/s, Effort=-0.160 Nm
  fl3_knee_pitch: Position=0.010 rad, Velocity=-0.001 rad/s, Effort=-0.014 Nm
  fl4_foot: Position=0.544 rad, Velocity=-0.003 rad/s, Effort=0.002 Nm
  fr1_hip_roll: Position=1.195 rad, Velocity=-0.001 rad/s, Effort=-0.060 Nm
  fr2_hip_pitch: Position=-1.431 rad, Velocity=-0.001 rad/s, Effort=-0.005 Nm
  fr3_knee_pitch: Position=-0.227 rad, Velocity=-0.001 rad/s, Effort=-0.050 Nm
  fr4_foot: Position=0.487 rad, Velocity=-0.003 rad/s, Effort=-0.011 Nm
  bl1_hip_roll: Position=1.216 rad, Velocity=-0.001 rad/s, Effort=-0.014 Nm
  bl2_hip_pitch: Position=-1.402 rad, Velocity=-0.001 rad/s, Effort=-0.032 Nm
  bl3_knee_pitch: Position=-0.179 rad, Velocity=-0.001 rad/s, Effort=-0.032 Nm
  bl4_foot: Position=0.232 rad, Velocity=-0.003 rad/s, Effort=0.019 Nm
  br1_hip_roll: Position=-1.217 rad, Velocity=-0.001 rad/s, Effort=0.032 Nm
  br2_hip_pitch: Position=1.452 rad, Velocity=-0.001 rad/s, Effort=-0.041 Nm
  br3_knee_pitch: Position=0.234 rad, Velocity=-0.001 rad/s, Effort=-0.041 Nm
  br4_foot: Position=0.843 rad, Velocity=-0.003 rad/s, Effort=-0.008 Nm

[JOINT STATE] Joint State Data:
  fl1_hip_roll: Position=-1.079 rad, Velocity=-0.001 rad/s, Effort=0.087 Nm
  fl2_hip_pitch: Position=1.280 rad, Velocity=-0.001 rad/s, Effort=-0.169 Nm
  fl3_knee_pitch: Position=0.010 rad, Velocity=-0.001 rad/s, Effort=0.014 Nm
  fl4_foot: Position=0.544 rad, Velocity=-0.003 rad/s, Effort=-0.005 Nm
  fr1_hip_roll: Position=1.195 rad, Velocity=-0.001 rad/s, Effort=0.023 Nm
  fr2_hip_pitch: Position=-1.431 rad, Velocity=-0.001 rad/s, Effort=-0.032 Nm
  fr3_knee_pitch: Position=-0.227 rad, Velocity=-0.001 rad/s, Effort=-0.060 Nm
  fr4_foot: Position=0.487 rad, Velocity=-0.003 rad/s, Effort=-0.013 Nm
  bl1_hip_roll: Position=1.216 rad, Velocity=-0.001 rad/s, Effort=0.014 Nm
  bl2_hip_pitch: Position=-1.402 rad, Velocity=-0.001 rad/s, Effort=-0.041 Nm
  bl3_knee_pitch: Position=-0.179 rad, Velocity=-0.001 rad/s, Effort=-0.023 Nm
  bl4_foot: Position=0.232 rad, Velocity=-0.003 rad/s, Effort=0.008 Nm
  br1_hip_roll: Position=-1.217 rad, Velocity=-0.001 rad/s, Effort=0.023 Nm
  br2_hip_pitch: Position=1.452 rad, Velocity=-0.001 rad/s, Effort=-0.032 Nm
  br3_knee_pitch: Position=0.234 rad, Velocity=-0.001 rad/s, Effort=-0.032 Nm
  br4_foot: Position=0.843 rad, Velocity=-0.003 rad/s, Effort=-0.005 Nm

[JOINT STATE] Joint State Data:
  fl1_hip_roll: Position=-1.079 rad, Velocity=-0.001 rad/s, Effort=0.069 Nm
  fl2_hip_pitch: Position=1.280 rad, Velocity=-0.001 rad/s, Effort=-0.160 Nm
  fl3_knee_pitch: Position=0.010 rad, Velocity=-0.001 rad/s, Effort=-0.014 Nm
  fl4_foot: Position=0.544 rad, Velocity=-0.003 rad/s, Effort=-0.008 Nm
  fr1_hip_roll: Position=1.195 rad, Velocity=-0.001 rad/s, Effort=-0.023 Nm
  fr2_hip_pitch: Position=-1.431 rad, Velocity=-0.001 rad/s, Effort=-0.005 Nm
  fr3_knee_pitch: Position=-0.227 rad, Velocity=-0.001 rad/s, Effort=-0.050 Nm
  fr4_foot: Position=0.487 rad, Velocity=-0.003 rad/s, Effort=-0.010 Nm
  bl1_hip_roll: Position=1.216 rad, Velocity=-0.001 rad/s, Effort=-0.005 Nm
  bl2_hip_pitch: Position=-1.402 rad, Velocity=-0.001 rad/s, Effort=-0.050 Nm
  bl3_knee_pitch: Position=-0.179 rad, Velocity=-0.001 rad/s, Effort=-0.014 Nm
  bl4_foot: Position=0.232 rad, Velocity=-0.003 rad/s, Effort=-0.002 Nm
  br1_hip_roll: Position=-1.217 rad, Velocity=-0.001 rad/s, Effort=-0.060 Nm
  br2_hip_pitch: Position=1.452 rad, Velocity=-0.001 rad/s, Effort=-0.050 Nm
  br3_knee_pitch: Position=0.234 rad, Velocity=-0.001 rad/s, Effort=-0.032 Nm
  br4_foot: Position=0.843 rad, Velocity=-0.003 rad/s, Effort=-0.013 Nm

[JOINT STATE] Joint State Data:
  fl1_hip_roll: Position=-1.079 rad, Velocity=-0.001 rad/s, Effort=-0.069 Nm
  fl2_hip_pitch: Position=1.280 rad, Velocity=-0.001 rad/s, Effort=-0.169 Nm
  fl3_knee_pitch: Position=0.010 rad, Velocity=-0.001 rad/s, Effort=-0.005 Nm
  fl4_foot: Position=0.544 rad, Velocity=-0.003 rad/s, Effort=-0.011 Nm
  fr1_hip_roll: Position=1.195 rad, Velocity=-0.001 rad/s, Effort=0.005 Nm
  fr2_hip_pitch: Position=-1.431 rad, Velocity=-0.001 rad/s, Effort=-0.023 Nm
  fr3_knee_pitch: Position=-0.227 rad, Velocity=-0.001 rad/s, Effort=-0.050 Nm
  fr4_foot: Position=0.487 rad, Velocity=-0.003 rad/s, Effort=-0.002 Nm
  bl1_hip_roll: Position=1.216 rad, Velocity=-0.001 rad/s, Effort=0.014 Nm
  bl2_hip_pitch: Position=-1.402 rad, Velocity=-0.001 rad/s, Effort=-0.023 Nm
  bl3_knee_pitch: Position=-0.179 rad, Velocity=-0.001 rad/s, Effort=-0.014 Nm
  bl4_foot: Position=0.232 rad, Velocity=-0.003 rad/s, Effort=-0.010 Nm
  br1_hip_roll: Position=-1.217 rad, Velocity=-0.001 rad/s, Effort=-0.105 Nm
  br2_hip_pitch: Position=1.452 rad, Velocity=-0.001 rad/s, Effort=-0.041 Nm
  br3_knee_pitch: Position=0.234 rad, Velocity=-0.001 rad/s, Effort=-0.023 Nm
  br4_foot: Position=0.843 rad, Velocity=-0.003 rad/s, Effort=-0.004 Nm

[JOINT STATE] Joint State Data:
  fl1_hip_roll: Position=-1.079 rad, Velocity=-0.001 rad/s, Effort=0.023 Nm
  fl2_hip_pitch: Position=1.280 rad, Velocity=-0.001 rad/s, Effort=-0.169 Nm
  fl3_knee_pitch: Position=0.010 rad, Velocity=-0.001 rad/s, Effort=-0.069 Nm
  fl4_foot: Position=0.544 rad, Velocity=-0.003 rad/s, Effort=-0.002 Nm
  fr1_hip_roll: Position=1.195 rad, Velocity=-0.001 rad/s, Effort=-0.060 Nm
  fr2_hip_pitch: Position=-1.431 rad, Velocity=-0.001 rad/s, Effort=0.005 Nm
  fr3_knee_pitch: Position=-0.227 rad, Velocity=-0.001 rad/s, Effort=-0.050 Nm
  fr4_foot: Position=0.487 rad, Velocity=-0.003 rad/s, Effort=0.001 Nm
  bl1_hip_roll: Position=1.216 rad, Velocity=-0.001 rad/s, Effort=-0.014 Nm
  bl2_hip_pitch: Position=-1.402 rad, Velocity=-0.001 rad/s, Effort=0.005 Nm
  bl3_knee_pitch: Position=-0.179 rad, Velocity=-0.001 rad/s, Effort=-0.023 Nm
  bl4_foot: Position=0.232 rad, Velocity=-0.003 rad/s, Effort=-0.005 Nm
  br1_hip_roll: Position=-1.217 rad, Velocity=-0.001 rad/s, Effort=-0.023 Nm
  br2_hip_pitch: Position=1.452 rad, Velocity=-0.001 rad/s, Effort=-0.060 Nm
  br3_knee_pitch: Position=0.234 rad, Velocity=-0.001 rad/s, Effort=0.014 Nm
  br4_foot: Position=0.843 rad, Velocity=-0.003 rad/s, Effort=-0.008 Nm

[JOINT STATE] Joint State Data:
  fl1_hip_roll: Position=-1.079 rad, Velocity=-0.001 rad/s, Effort=0.050 Nm
  fl2_hip_pitch: Position=1.280 rad, Velocity=-0.001 rad/s, Effort=-0.169 Nm
  fl3_knee_pitch: Position=0.010 rad, Velocity=-0.001 rad/s, Effort=0.023 Nm
  fl4_foot: Position=0.544 rad, Velocity=-0.003 rad/s, Effort=0.005 Nm
  fr1_hip_roll: Position=1.195 rad, Velocity=-0.001 rad/s, Effort=-0.069 Nm
  fr2_hip_pitch: Position=-1.431 rad, Velocity=-0.001 rad/s, Effort=-0.041 Nm
  fr3_knee_pitch: Position=-0.227 rad, Velocity=-0.001 rad/s, Effort=0.005 Nm
  fr4_foot: Position=0.487 rad, Velocity=-0.003 rad/s, Effort=-0.007 Nm
  bl1_hip_roll: Position=1.216 rad, Velocity=-0.001 rad/s, Effort=-0.005 Nm
  bl2_hip_pitch: Position=-1.402 rad, Velocity=-0.001 rad/s, Effort=-0.087 Nm
  bl3_knee_pitch: Position=-0.179 rad, Velocity=-0.001 rad/s, Effort=0.005 Nm
  bl4_foot: Position=0.232 rad, Velocity=-0.003 rad/s, Effort=-0.008 Nm
  br1_hip_roll: Position=-1.217 rad, Velocity=-0.001 rad/s, Effort=-0.050 Nm
  br2_hip_pitch: Position=1.452 rad, Velocity=-0.001 rad/s, Effort=-0.060 Nm
  br3_knee_pitch: Position=0.234 rad, Velocity=-0.001 rad/s, Effort=-0.023 Nm
  br4_foot: Position=0.843 rad, Velocity=-0.003 rad/s, Effort=-0.001 Nm

[JOINT STATE] Joint State Data:
  fl1_hip_roll: Position=-1.079 rad, Velocity=-0.001 rad/s, Effort=0.005 Nm
  fl2_hip_pitch: Position=1.280 rad, Velocity=-0.001 rad/s, Effort=-0.169 Nm
  fl3_knee_pitch: Position=0.010 rad, Velocity=-0.001 rad/s, Effort=-0.014 Nm
  fl4_foot: Position=0.544 rad, Velocity=-0.003 rad/s, Effort=-0.019 Nm
  fr1_hip_roll: Position=1.195 rad, Velocity=-0.001 rad/s, Effort=-0.005 Nm
  fr2_hip_pitch: Position=-1.431 rad, Velocity=-0.001 rad/s, Effort=-0.014 Nm
  fr3_knee_pitch: Position=-0.227 rad, Velocity=-0.001 rad/s, Effort=-0.023 Nm
  fr4_foot: Position=0.487 rad, Velocity=-0.003 rad/s, Effort=-0.008 Nm
  bl1_hip_roll: Position=1.216 rad, Velocity=-0.001 rad/s, Effort=0.005 Nm
  bl2_hip_pitch: Position=-1.402 rad, Velocity=-0.001 rad/s, Effort=-0.041 Nm
  bl3_knee_pitch: Position=-0.179 rad, Velocity=-0.001 rad/s, Effort=-0.032 Nm
  bl4_foot: Position=0.232 rad, Velocity=-0.003 rad/s, Effort=-0.001 Nm
  br1_hip_roll: Position=-1.217 rad, Velocity=-0.001 rad/s, Effort=-0.087 Nm
  br2_hip_pitch: Position=1.452 rad, Velocity=-0.001 rad/s, Effort=-0.060 Nm
  br3_knee_pitch: Position=0.234 rad, Velocity=-0.001 rad/s, Effort=-0.014 Nm
  br4_foot: Position=0.843 rad, Velocity=-0.003 rad/s, Effort=-0.008 Nm

[JOINT STATE] Joint State Data:
  fl1_hip_roll: Position=-1.079 rad, Velocity=-0.001 rad/s, Effort=0.023 Nm
  fl2_hip_pitch: Position=1.280 rad, Velocity=-0.001 rad/s, Effort=-0.160 Nm
  fl3_knee_pitch: Position=0.010 rad, Velocity=-0.001 rad/s, Effort=-0.041 Nm
  fl4_foot: Position=0.544 rad, Velocity=-0.003 rad/s, Effort=-0.002 Nm
  fr1_hip_roll: Position=1.195 rad, Velocity=-0.001 rad/s, Effort=-0.105 Nm
  fr2_hip_pitch: Position=-1.431 rad, Velocity=-0.001 rad/s, Effort=-0.005 Nm
  fr3_knee_pitch: Position=-0.227 rad, Velocity=-0.001 rad/s, Effort=-0.050 Nm
  fr4_foot: Position=0.487 rad, Velocity=-0.003 rad/s, Effort=-0.002 Nm
  bl1_hip_roll: Position=1.216 rad, Velocity=-0.001 rad/s, Effort=-0.069 Nm
  bl2_hip_pitch: Position=-1.402 rad, Velocity=-0.001 rad/s, Effort=-0.060 Nm
  bl3_knee_pitch: Position=-0.179 rad, Velocity=-0.001 rad/s, Effort=0.023 Nm
  bl4_foot: Position=0.232 rad, Velocity=-0.003 rad/s, Effort=-0.016 Nm
  br1_hip_roll: Position=-1.217 rad, Velocity=-0.001 rad/s, Effort=0.023 Nm
  br2_hip_pitch: Position=1.452 rad, Velocity=-0.001 rad/s, Effort=-0.014 Nm
  br3_knee_pitch: Position=0.234 rad, Velocity=-0.001 rad/s, Effort=-0.023 Nm
  br4_foot: Position=0.843 rad, Velocity=-0.003 rad/s, Effort=-0.010 Nm

[JOINT STATE] Joint State Data:
  fl1_hip_roll: Position=-1.079 rad, Velocity=-0.001 rad/s, Effort=-0.050 Nm
  fl2_hip_pitch: Position=1.280 rad, Velocity=-0.001 rad/s, Effort=-0.142 Nm
  fl3_knee_pitch: Position=0.010 rad, Velocity=-0.001 rad/s, Effort=-0.069 Nm
  fl4_foot: Position=0.544 rad, Velocity=-0.003 rad/s, Effort=0.001 Nm
  fr1_hip_roll: Position=1.195 rad, Velocity=-0.001 rad/s, Effort=-0.050 Nm
  fr2_hip_pitch: Position=-1.431 rad, Velocity=-0.001 rad/s, Effort=0.005 Nm
  fr3_knee_pitch: Position=-0.227 rad, Velocity=-0.001 rad/s, Effort=-0.023 Nm
  fr4_foot: Position=0.487 rad, Velocity=-0.003 rad/s, Effort=-0.011 Nm
  bl1_hip_roll: Position=1.216 rad, Velocity=-0.001 rad/s, Effort=-0.050 Nm
  bl2_hip_pitch: Position=-1.402 rad, Velocity=-0.001 rad/s, Effort=0.005 Nm
  bl3_knee_pitch: Position=-0.179 rad, Velocity=-0.001 rad/s, Effort=0.005 Nm
  bl4_foot: Position=0.232 rad, Velocity=-0.003 rad/s, Effort=-0.007 Nm
  br1_hip_roll: Position=-1.217 rad, Velocity=-0.001 rad/s, Effort=-0.014 Nm
  br2_hip_pitch: Position=1.452 rad, Velocity=-0.001 rad/s, Effort=-0.050 Nm
  br3_knee_pitch: Position=0.234 rad, Velocity=-0.001 rad/s, Effort=0.023 Nm
  br4_foot: Position=0.843 rad, Velocity=-0.003 rad/s, Effort=-0.010 Nm

[JOINT STATE] Joint State Data:
  fl1_hip_roll: Position=-1.079 rad, Velocity=-0.001 rad/s, Effort=-0.133 Nm
  fl2_hip_pitch: Position=1.280 rad, Velocity=-0.001 rad/s, Effort=-0.169 Nm
  fl3_knee_pitch: Position=0.010 rad, Velocity=-0.001 rad/s, Effort=-0.069 Nm
  fl4_foot: Position=0.544 rad, Velocity=-0.003 rad/s, Effort=-0.002 Nm
  fr1_hip_roll: Position=1.195 rad, Velocity=-0.001 rad/s, Effort=0.005 Nm
  fr2_hip_pitch: Position=-1.431 rad, Velocity=-0.001 rad/s, Effort=-0.023 Nm
  fr3_knee_pitch: Position=-0.227 rad, Velocity=-0.001 rad/s, Effort=-0.014 Nm
  fr4_foot: Position=0.487 rad, Velocity=-0.003 rad/s, Effort=-0.007 Nm
  bl1_hip_roll: Position=1.216 rad, Velocity=-0.001 rad/s, Effort=0.069 Nm
  bl2_hip_pitch: Position=-1.402 rad, Velocity=-0.001 rad/s, Effort=-0.014 Nm
  bl3_knee_pitch: Position=-0.179 rad, Velocity=-0.001 rad/s, Effort=-0.023 Nm
  bl4_foot: Position=0.232 rad, Velocity=-0.003 rad/s, Effort=-0.010 Nm
  br1_hip_roll: Position=-1.217 rad, Velocity=-0.001 rad/s, Effort=0.023 Nm
  br2_hip_pitch: Position=1.452 rad, Velocity=-0.001 rad/s, Effort=-0.041 Nm
  br3_knee_pitch: Position=0.234 rad, Velocity=-0.001 rad/s, Effort=0.041 Nm
  br4_foot: Position=0.843 rad, Velocity=-0.003 rad/s, Effort=-0.010 Nm

[JOINT STATE] Joint State Data:
  fl1_hip_roll: Position=-1.079 rad, Velocity=-0.001 rad/s, Effort=-0.005 Nm
  fl2_hip_pitch: Position=1.280 rad, Velocity=-0.001 rad/s, Effort=-0.160 Nm
  fl3_knee_pitch: Position=0.010 rad, Velocity=-0.001 rad/s, Effort=-0.050 Nm
  fl4_foot: Position=0.544 rad, Velocity=-0.003 rad/s, Effort=0.004 Nm
  fr1_hip_roll: Position=1.195 rad, Velocity=-0.001 rad/s, Effort=-0.050 Nm
  fr2_hip_pitch: Position=-1.431 rad, Velocity=-0.001 rad/s, Effort=-0.005 Nm
  fr3_knee_pitch: Position=-0.227 rad, Velocity=-0.001 rad/s, Effort=-0.005 Nm
  fr4_foot: Position=0.487 rad, Velocity=-0.003 rad/s, Effort=0.002 Nm
  bl1_hip_roll: Position=1.216 rad, Velocity=-0.001 rad/s, Effort=-0.032 Nm
  bl2_hip_pitch: Position=-1.402 rad, Velocity=-0.001 rad/s, Effort=0.050 Nm
  bl3_knee_pitch: Position=-0.179 rad, Velocity=-0.001 rad/s, Effort=-0.060 Nm
  bl4_foot: Position=0.232 rad, Velocity=-0.003 rad/s, Effort=-0.011 Nm
  br1_hip_roll: Position=-1.217 rad, Velocity=-0.001 rad/s, Effort=-0.087 Nm
  br2_hip_pitch: Position=1.452 rad, Velocity=-0.001 rad/s, Effort=-0.050 Nm
  br3_knee_pitch: Position=0.234 rad, Velocity=-0.001 rad/s, Effort=-0.050 Nm
  br4_foot: Position=0.843 rad, Velocity=-0.003 rad/s, Effort=-0.004 Nm

[JOINT STATE] Joint State Data:
  fl1_hip_roll: Position=-1.079 rad, Velocity=-0.001 rad/s, Effort=-0.005 Nm
  fl2_hip_pitch: Position=1.280 rad, Velocity=-0.001 rad/s, Effort=-0.151 Nm
  fl3_knee_pitch: Position=0.010 rad, Velocity=-0.001 rad/s, Effort=-0.041 Nm
  fl4_foot: Position=0.544 rad, Velocity=-0.003 rad/s, Effort=0.004 Nm
  fr1_hip_roll: Position=1.195 rad, Velocity=-0.001 rad/s, Effort=-0.041 Nm
  fr2_hip_pitch: Position=-1.431 rad, Velocity=-0.001 rad/s, Effort=0.023 Nm
  fr3_knee_pitch: Position=-0.227 rad, Velocity=-0.001 rad/s, Effort=-0.060 Nm
  fr4_foot: Position=0.487 rad, Velocity=-0.003 rad/s, Effort=0.001 Nm
  bl1_hip_roll: Position=1.216 rad, Velocity=-0.001 rad/s, Effort=-0.069 Nm
  bl2_hip_pitch: Position=-1.402 rad, Velocity=-0.001 rad/s, Effort=0.023 Nm
  bl3_knee_pitch: Position=-0.179 rad, Velocity=-0.001 rad/s, Effort=-0.041 Nm
  bl4_foot: Position=0.232 rad, Velocity=-0.003 rad/s, Effort=-0.004 Nm
  br1_hip_roll: Position=-1.217 rad, Velocity=-0.001 rad/s, Effort=0.032 Nm
  br2_hip_pitch: Position=1.452 rad, Velocity=-0.001 rad/s, Effort=-0.032 Nm
  br3_knee_pitch: Position=0.234 rad, Velocity=-0.001 rad/s, Effort=0.005 Nm
  br4_foot: Position=0.843 rad, Velocity=-0.003 rad/s, Effort=-0.004 Nm

[JOINT STATE] Joint State Data:
  fl1_hip_roll: Position=-1.079 rad, Velocity=-0.001 rad/s, Effort=-0.069 Nm
  fl2_hip_pitch: Position=1.280 rad, Velocity=-0.001 rad/s, Effort=-0.169 Nm
  fl3_knee_pitch: Position=0.010 rad, Velocity=-0.001 rad/s, Effort=-0.078 Nm
  fl4_foot: Position=0.544 rad, Velocity=-0.003 rad/s, Effort=-0.001 Nm
  fr1_hip_roll: Position=1.195 rad, Velocity=-0.001 rad/s, Effort=-0.023 Nm
  fr2_hip_pitch: Position=-1.431 rad, Velocity=-0.001 rad/s, Effort=-0.041 Nm
  fr3_knee_pitch: Position=-0.227 rad, Velocity=-0.001 rad/s, Effort=-0.023 Nm
  fr4_foot: Position=0.487 rad, Velocity=-0.003 rad/s, Effort=-0.007 Nm
  bl1_hip_roll: Position=1.216 rad, Velocity=-0.001 rad/s, Effort=-0.023 Nm
  bl2_hip_pitch: Position=-1.402 rad, Velocity=-0.001 rad/s, Effort=-0.023 Nm
  bl3_knee_pitch: Position=-0.179 rad, Velocity=-0.001 rad/s, Effort=-0.023 Nm
  bl4_foot: Position=0.232 rad, Velocity=-0.003 rad/s, Effort=-0.007 Nm
  br1_hip_roll: Position=-1.217 rad, Velocity=-0.001 rad/s, Effort=-0.069 Nm
  br2_hip_pitch: Position=1.452 rad, Velocity=-0.001 rad/s, Effort=-0.041 Nm
  br3_knee_pitch: Position=0.234 rad, Velocity=-0.001 rad/s, Effort=-0.041 Nm
  br4_foot: Position=0.843 rad, Velocity=-0.003 rad/s, Effort=-0.007 Nm

[STATE] Robot State Data:
  Head Angle: -1.253°, Direction: 1
  Lights: Front=2 Back=2
  Speed Level: 1, E-Stop: SW=1 HW=1
  Motion: Status=2 Mode=1
  Battery: 1=69% 2=69%
  Speed: Linear=0.000 Trans=0.000 Angular=-0.002
  Odometry: 0.000 m
  Joint Temperatures: 
    fr3: 34.000°C
    fr2: 35.000°C
    bl1: 34.000°C
    fl4: 34.000°C
    bl3: 33.000°C
    bl2: 33.000°C
    br1: 35.000°C
    bl4: 33.000°C
    br4: 33.000°C
    fr4: 34.000°C
    fl1: 35.000°C
    fl2: 34.000°C
    br2: 33.000°C
    fl3: 33.000°C
    br3: 33.000°C
    fr1: 36.000°C

[JOINT STATE] Joint State Data:
  fl1_hip_roll: Position=-1.079 rad, Velocity=-0.001 rad/s, Effort=-0.032 Nm
  fl2_hip_pitch: Position=1.280 rad, Velocity=-0.001 rad/s, Effort=-0.160 Nm
  fl3_knee_pitch: Position=0.010 rad, Velocity=-0.001 rad/s, Effort=-0.060 Nm
  fl4_foot: Position=0.544 rad, Velocity=-0.003 rad/s, Effort=-0.004 Nm
  fr1_hip_roll: Position=1.195 rad, Velocity=-0.001 rad/s, Effort=-0.078 Nm
  fr2_hip_pitch: Position=-1.431 rad, Velocity=-0.001 rad/s, Effort=-0.032 Nm
  fr3_knee_pitch: Position=-0.227 rad, Velocity=-0.001 rad/s, Effort=-0.078 Nm
  fr4_foot: Position=0.487 rad, Velocity=-0.003 rad/s, Effort=-0.007 Nm
  bl1_hip_roll: Position=1.216 rad, Velocity=-0.001 rad/s, Effort=0.069 Nm
  bl2_hip_pitch: Position=-1.402 rad, Velocity=-0.001 rad/s, Effort=-0.050 Nm
  bl3_knee_pitch: Position=-0.179 rad, Velocity=-0.001 rad/s, Effort=-0.005 Nm
  bl4_foot: Position=0.232 rad, Velocity=-0.003 rad/s, Effort=-0.005 Nm
  br1_hip_roll: Position=-1.217 rad, Velocity=-0.001 rad/s, Effort=-0.005 Nm
  br2_hip_pitch: Position=1.452 rad, Velocity=-0.001 rad/s, Effort=-0.041 Nm
  br3_knee_pitch: Position=0.234 rad, Velocity=-0.001 rad/s, Effort=-0.023 Nm
  br4_foot: Position=0.843 rad, Velocity=-0.003 rad/s, Effort=-0.005 Nm

[JOINT STATE] Joint State Data:
  fl1_hip_roll: Position=-1.079 rad, Velocity=-0.001 rad/s, Effort=0.032 Nm
  fl2_hip_pitch: Position=1.280 rad, Velocity=-0.001 rad/s, Effort=-0.160 Nm
  fl3_knee_pitch: Position=0.010 rad, Velocity=-0.001 rad/s, Effort=-0.041 Nm
  fl4_foot: Position=0.544 rad, Velocity=-0.003 rad/s, Effort=-0.001 Nm
  fr1_hip_roll: Position=1.195 rad, Velocity=-0.001 rad/s, Effort=-0.078 Nm
  fr2_hip_pitch: Position=-1.431 rad, Velocity=-0.001 rad/s, Effort=-0.023 Nm
  fr3_knee_pitch: Position=-0.227 rad, Velocity=-0.001 rad/s, Effort=-0.050 Nm
  fr4_foot: Position=0.487 rad, Velocity=-0.003 rad/s, Effort=0.001 Nm
  bl1_hip_roll: Position=1.216 rad, Velocity=-0.001 rad/s, Effort=-0.050 Nm
  bl2_hip_pitch: Position=-1.402 rad, Velocity=-0.001 rad/s, Effort=-0.050 Nm
  bl3_knee_pitch: Position=-0.179 rad, Velocity=-0.001 rad/s, Effort=-0.014 Nm
  bl4_foot: Position=0.232 rad, Velocity=-0.003 rad/s, Effort=-0.002 Nm
  br1_hip_roll: Position=-1.217 rad, Velocity=-0.001 rad/s, Effort=-0.078 Nm
  br2_hip_pitch: Position=1.452 rad, Velocity=-0.001 rad/s, Effort=-0.050 Nm
  br3_knee_pitch: Position=0.234 rad, Velocity=-0.001 rad/s, Effort=-0.032 Nm
  br4_foot: Position=0.843 rad, Velocity=-0.003 rad/s, Effort=-0.004 Nm

[JOINT STATE] Joint State Data:
  fl1_hip_roll: Position=-1.079 rad, Velocity=-0.001 rad/s, Effort=0.050 Nm
  fl2_hip_pitch: Position=1.280 rad, Velocity=-0.001 rad/s, Effort=-0.160 Nm
  fl3_knee_pitch: Position=0.010 rad, Velocity=-0.001 rad/s, Effort=-0.032 Nm
  fl4_foot: Position=0.544 rad, Velocity=-0.003 rad/s, Effort=-0.018 Nm
  fr1_hip_roll: Position=1.195 rad, Velocity=-0.001 rad/s, Effort=-0.078 Nm
  fr2_hip_pitch: Position=-1.431 rad, Velocity=-0.001 rad/s, Effort=-0.041 Nm
  fr3_knee_pitch: Position=-0.227 rad, Velocity=-0.001 rad/s, Effort=-0.023 Nm
  fr4_foot: Position=0.487 rad, Velocity=-0.003 rad/s, Effort=-0.002 Nm
  bl1_hip_roll: Position=1.216 rad, Velocity=-0.001 rad/s, Effort=0.032 Nm
  bl2_hip_pitch: Position=-1.402 rad, Velocity=-0.001 rad/s, Effort=-0.069 Nm
  bl3_knee_pitch: Position=-0.179 rad, Velocity=-0.001 rad/s, Effort=-0.014 Nm
  bl4_foot: Position=0.232 rad, Velocity=-0.003 rad/s, Effort=-0.004 Nm
  br1_hip_roll: Position=-1.217 rad, Velocity=-0.001 rad/s, Effort=-0.032 Nm
  br2_hip_pitch: Position=1.452 rad, Velocity=-0.001 rad/s, Effort=-0.041 Nm
  br3_knee_pitch: Position=0.234 rad, Velocity=-0.001 rad/s, Effort=-0.041 Nm
  br4_foot: Position=0.843 rad, Velocity=-0.003 rad/s, Effort=-0.011 Nm

[JOINT STATE] Joint State Data:
  fl1_hip_roll: Position=-1.079 rad, Velocity=-0.001 rad/s, Effort=-0.041 Nm
  fl2_hip_pitch: Position=1.280 rad, Velocity=-0.001 rad/s, Effort=-0.169 Nm
  fl3_knee_pitch: Position=0.010 rad, Velocity=-0.001 rad/s, Effort=-0.069 Nm
  fl4_foot: Position=0.544 rad, Velocity=-0.003 rad/s, Effort=-0.008 Nm
  fr1_hip_roll: Position=1.195 rad, Velocity=-0.001 rad/s, Effort=-0.032 Nm
  fr2_hip_pitch: Position=-1.431 rad, Velocity=-0.001 rad/s, Effort=-0.041 Nm
  fr3_knee_pitch: Position=-0.227 rad, Velocity=-0.001 rad/s, Effort=-0.032 Nm
  fr4_foot: Position=0.487 rad, Velocity=-0.003 rad/s, Effort=-0.008 Nm
  bl1_hip_roll: Position=1.216 rad, Velocity=-0.001 rad/s, Effort=0.041 Nm
  bl2_hip_pitch: Position=-1.402 rad, Velocity=-0.001 rad/s, Effort=-0.014 Nm
  bl3_knee_pitch: Position=-0.179 rad, Velocity=-0.001 rad/s, Effort=-0.023 Nm
  bl4_foot: Position=0.232 rad, Velocity=-0.003 rad/s, Effort=-0.002 Nm
  br1_hip_roll: Position=-1.217 rad, Velocity=-0.001 rad/s, Effort=-0.005 Nm
  br2_hip_pitch: Position=1.452 rad, Velocity=-0.001 rad/s, Effort=-0.014 Nm
  br3_knee_pitch: Position=0.234 rad, Velocity=-0.001 rad/s, Effort=-0.005 Nm
  br4_foot: Position=0.843 rad, Velocity=-0.003 rad/s, Effort=-0.001 Nm

[JOINT STATE] Joint State Data:
  fl1_hip_roll: Position=-1.079 rad, Velocity=-0.001 rad/s, Effort=0.014 Nm
  fl2_hip_pitch: Position=1.280 rad, Velocity=-0.001 rad/s, Effort=-0.151 Nm
  fl3_knee_pitch: Position=0.010 rad, Velocity=-0.001 rad/s, Effort=0.005 Nm
  fl4_foot: Position=0.544 rad, Velocity=-0.003 rad/s, Effort=-0.011 Nm
  fr1_hip_roll: Position=1.195 rad, Velocity=-0.001 rad/s, Effort=-0.078 Nm
  fr2_hip_pitch: Position=-1.431 rad, Velocity=-0.001 rad/s, Effort=-0.005 Nm
  fr3_knee_pitch: Position=-0.227 rad, Velocity=-0.001 rad/s, Effort=-0.023 Nm
  fr4_foot: Position=0.487 rad, Velocity=-0.003 rad/s, Effort=-0.004 Nm
  bl1_hip_roll: Position=1.216 rad, Velocity=-0.001 rad/s, Effort=0.032 Nm
  bl2_hip_pitch: Position=-1.402 rad, Velocity=-0.001 rad/s, Effort=-0.060 Nm
  bl3_knee_pitch: Position=-0.179 rad, Velocity=-0.001 rad/s, Effort=-0.005 Nm
  bl4_foot: Position=0.232 rad, Velocity=-0.003 rad/s, Effort=0.001 Nm
  br1_hip_roll: Position=-1.217 rad, Velocity=-0.001 rad/s, Effort=-0.087 Nm
  br2_hip_pitch: Position=1.452 rad, Velocity=-0.001 rad/s, Effort=-0.023 Nm
  br3_knee_pitch: Position=0.234 rad, Velocity=-0.001 rad/s, Effort=0.005 Nm
  br4_foot: Position=0.843 rad, Velocity=-0.003 rad/s, Effort=-0.008 Nm

[JOINT STATE] Joint State Data:
  fl1_hip_roll: Position=-1.079 rad, Velocity=-0.001 rad/s, Effort=-0.114 Nm
  fl2_hip_pitch: Position=1.280 rad, Velocity=-0.001 rad/s, Effort=-0.160 Nm
  fl3_knee_pitch: Position=0.010 rad, Velocity=-0.001 rad/s, Effort=-0.041 Nm
  fl4_foot: Position=0.544 rad, Velocity=-0.003 rad/s, Effort=-0.010 Nm
  fr1_hip_roll: Position=1.195 rad, Velocity=-0.001 rad/s, Effort=-0.096 Nm
  fr2_hip_pitch: Position=-1.431 rad, Velocity=-0.001 rad/s, Effort=-0.041 Nm
  fr3_knee_pitch: Position=-0.227 rad, Velocity=-0.001 rad/s, Effort=-0.050 Nm
  fr4_foot: Position=0.487 rad, Velocity=-0.003 rad/s, Effort=-0.004 Nm
  bl1_hip_roll: Position=1.216 rad, Velocity=-0.001 rad/s, Effort=-0.050 Nm
  bl2_hip_pitch: Position=-1.402 rad, Velocity=-0.001 rad/s, Effort=-0.087 Nm
  bl3_knee_pitch: Position=-0.179 rad, Velocity=-0.001 rad/s, Effort=-0.023 Nm
  bl4_foot: Position=0.232 rad, Velocity=-0.003 rad/s, Effort=-0.001 Nm
  br1_hip_roll: Position=-1.217 rad, Velocity=-0.001 rad/s, Effort=-0.087 Nm
  br2_hip_pitch: Position=1.452 rad, Velocity=-0.001 rad/s, Effort=-0.005 Nm
  br3_knee_pitch: Position=0.234 rad, Velocity=-0.001 rad/s, Effort=-0.014 Nm
  br4_foot: Position=0.843 rad, Velocity=-0.003 rad/s, Effort=-0.014 Nm

[JOINT STATE] Joint State Data:
  fl1_hip_roll: Position=-1.079 rad, Velocity=-0.001 rad/s, Effort=-0.050 Nm
  fl2_hip_pitch: Position=1.280 rad, Velocity=-0.001 rad/s, Effort=-0.160 Nm
  fl3_knee_pitch: Position=0.010 rad, Velocity=-0.001 rad/s, Effort=-0.050 Nm
  fl4_foot: Position=0.544 rad, Velocity=-0.003 rad/s, Effort=-0.013 Nm
  fr1_hip_roll: Position=1.195 rad, Velocity=-0.001 rad/s, Effort=-0.050 Nm
  fr2_hip_pitch: Position=-1.431 rad, Velocity=-0.001 rad/s, Effort=-0.014 Nm
  fr3_knee_pitch: Position=-0.227 rad, Velocity=-0.001 rad/s, Effort=-0.041 Nm
  fr4_foot: Position=0.487 rad, Velocity=-0.003 rad/s, Effort=-0.002 Nm
  bl1_hip_roll: Position=1.216 rad, Velocity=-0.001 rad/s, Effort=0.014 Nm
  bl2_hip_pitch: Position=-1.402 rad, Velocity=-0.001 rad/s, Effort=-0.060 Nm
  bl3_knee_pitch: Position=-0.179 rad, Velocity=-0.001 rad/s, Effort=-0.032 Nm
  bl4_foot: Position=0.232 rad, Velocity=-0.003 rad/s, Effort=0.005 Nm
  br1_hip_roll: Position=-1.217 rad, Velocity=-0.001 rad/s, Effort=-0.023 Nm
  br2_hip_pitch: Position=1.452 rad, Velocity=-0.001 rad/s, Effort=-0.041 Nm
  br3_knee_pitch: Position=0.234 rad, Velocity=-0.001 rad/s, Effort=0.041 Nm
  br4_foot: Position=0.843 rad, Velocity=-0.003 rad/s, Effort=-0.011 Nm

[JOINT STATE] Joint State Data:
  fl1_hip_roll: Position=-1.079 rad, Velocity=-0.001 rad/s, Effort=0.023 Nm
  fl2_hip_pitch: Position=1.280 rad, Velocity=-0.001 rad/s, Effort=-0.169 Nm
  fl3_knee_pitch: Position=0.010 rad, Velocity=-0.001 rad/s, Effort=-0.032 Nm
  fl4_foot: Position=0.544 rad, Velocity=-0.003 rad/s, Effort=0.001 Nm
  fr1_hip_roll: Position=1.195 rad, Velocity=-0.001 rad/s, Effort=-0.032 Nm
  fr2_hip_pitch: Position=-1.431 rad, Velocity=-0.001 rad/s, Effort=-0.050 Nm
  fr3_knee_pitch: Position=-0.227 rad, Velocity=-0.001 rad/s, Effort=-0.032 Nm
  fr4_foot: Position=0.487 rad, Velocity=-0.003 rad/s, Effort=0.001 Nm
  bl1_hip_roll: Position=1.216 rad, Velocity=-0.001 rad/s, Effort=-0.032 Nm
  bl2_hip_pitch: Position=-1.402 rad, Velocity=-0.001 rad/s, Effort=-0.078 Nm
  bl3_knee_pitch: Position=-0.179 rad, Velocity=-0.001 rad/s, Effort=-0.032 Nm
  bl4_foot: Position=0.232 rad, Velocity=-0.003 rad/s, Effort=0.002 Nm
  br1_hip_roll: Position=-1.217 rad, Velocity=-0.001 rad/s, Effort=-0.060 Nm
  br2_hip_pitch: Position=1.452 rad, Velocity=-0.001 rad/s, Effort=-0.005 Nm
  br3_knee_pitch: Position=0.234 rad, Velocity=-0.001 rad/s, Effort=-0.023 Nm
  br4_foot: Position=0.843 rad, Velocity=-0.003 rad/s, Effort=0.001 Nm

[JOINT STATE] Joint State Data:
  fl1_hip_roll: Position=-1.079 rad, Velocity=-0.001 rad/s, Effort=-0.014 Nm
  fl2_hip_pitch: Position=1.280 rad, Velocity=-0.001 rad/s, Effort=-0.206 Nm
  fl3_knee_pitch: Position=0.010 rad, Velocity=-0.001 rad/s, Effort=-0.060 Nm
  fl4_foot: Position=0.544 rad, Velocity=-0.003 rad/s, Effort=-0.007 Nm
  fr1_hip_roll: Position=1.195 rad, Velocity=-0.001 rad/s, Effort=-0.060 Nm
  fr2_hip_pitch: Position=-1.431 rad, Velocity=-0.001 rad/s, Effort=-0.050 Nm
  fr3_knee_pitch: Position=-0.227 rad, Velocity=-0.001 rad/s, Effort=-0.087 Nm
  fr4_foot: Position=0.487 rad, Velocity=-0.003 rad/s, Effort=-0.005 Nm
  bl1_hip_roll: Position=1.216 rad, Velocity=-0.001 rad/s, Effort=0.014 Nm
  bl2_hip_pitch: Position=-1.402 rad, Velocity=-0.001 rad/s, Effort=0.005 Nm
  bl3_knee_pitch: Position=-0.179 rad, Velocity=-0.001 rad/s, Effort=-0.023 Nm
  bl4_foot: Position=0.232 rad, Velocity=-0.003 rad/s, Effort=0.004 Nm
  br1_hip_roll: Position=-1.217 rad, Velocity=-0.001 rad/s, Effort=-0.114 Nm
  br2_hip_pitch: Position=1.452 rad, Velocity=-0.001 rad/s, Effort=-0.041 Nm
  br3_knee_pitch: Position=0.234 rad, Velocity=-0.001 rad/s, Effort=-0.014 Nm
  br4_foot: Position=0.843 rad, Velocity=-0.003 rad/s, Effort=0.001 Nm

[JOINT STATE] Joint State Data:
  fl1_hip_roll: Position=-1.079 rad, Velocity=-0.001 rad/s, Effort=0.014 Nm
  fl2_hip_pitch: Position=1.280 rad, Velocity=-0.001 rad/s, Effort=-0.160 Nm
  fl3_knee_pitch: Position=0.010 rad, Velocity=-0.001 rad/s, Effort=-0.014 Nm
  fl4_foot: Position=0.544 rad, Velocity=-0.003 rad/s, Effort=-0.010 Nm
  fr1_hip_roll: Position=1.195 rad, Velocity=-0.001 rad/s, Effort=-0.041 Nm
  fr2_hip_pitch: Position=-1.431 rad, Velocity=-0.001 rad/s, Effort=-0.041 Nm
  fr3_knee_pitch: Position=-0.227 rad, Velocity=-0.001 rad/s, Effort=-0.069 Nm
  fr4_foot: Position=0.487 rad, Velocity=-0.003 rad/s, Effort=-0.002 Nm
  bl1_hip_roll: Position=1.216 rad, Velocity=-0.001 rad/s, Effort=-0.023 Nm
  bl2_hip_pitch: Position=-1.402 rad, Velocity=-0.001 rad/s, Effort=-0.014 Nm
  bl3_knee_pitch: Position=-0.179 rad, Velocity=-0.001 rad/s, Effort=-0.014 Nm
  bl4_foot: Position=0.232 rad, Velocity=-0.003 rad/s, Effort=0.007 Nm
  br1_hip_roll: Position=-1.217 rad, Velocity=-0.001 rad/s, Effort=-0.096 Nm
  br2_hip_pitch: Position=1.452 rad, Velocity=-0.001 rad/s, Effort=-0.041 Nm
  br3_knee_pitch: Position=0.234 rad, Velocity=-0.001 rad/s, Effort=-0.032 Nm
  br4_foot: Position=0.843 rad, Velocity=-0.003 rad/s, Effort=-0.008 Nm

[JOINT STATE] Joint State Data:
  fl1_hip_roll: Position=-1.079 rad, Velocity=-0.001 rad/s, Effort=0.050 Nm
  fl2_hip_pitch: Position=1.280 rad, Velocity=-0.001 rad/s, Effort=-0.169 Nm
  fl3_knee_pitch: Position=0.010 rad, Velocity=-0.001 rad/s, Effort=0.032 Nm
  fl4_foot: Position=0.544 rad, Velocity=-0.003 rad/s, Effort=-0.014 Nm
  fr1_hip_roll: Position=1.195 rad, Velocity=-0.001 rad/s, Effort=-0.041 Nm
  fr2_hip_pitch: Position=-1.431 rad, Velocity=-0.001 rad/s, Effort=-0.050 Nm
  fr3_knee_pitch: Position=-0.227 rad, Velocity=-0.001 rad/s, Effort=-0.041 Nm
  fr4_foot: Position=0.487 rad, Velocity=-0.003 rad/s, Effort=-0.002 Nm
  bl1_hip_roll: Position=1.216 rad, Velocity=-0.001 rad/s, Effort=-0.069 Nm
  bl2_hip_pitch: Position=-1.402 rad, Velocity=-0.001 rad/s, Effort=-0.041 Nm
  bl3_knee_pitch: Position=-0.179 rad, Velocity=-0.001 rad/s, Effort=-0.014 Nm
  bl4_foot: Position=0.232 rad, Velocity=-0.003 rad/s, Effort=-0.011 Nm
  br1_hip_roll: Position=-1.217 rad, Velocity=-0.001 rad/s, Effort=-0.160 Nm
  br2_hip_pitch: Position=1.452 rad, Velocity=-0.001 rad/s, Effort=-0.032 Nm
  br3_knee_pitch: Position=0.234 rad, Velocity=-0.001 rad/s, Effort=-0.041 Nm
  br4_foot: Position=0.843 rad, Velocity=-0.003 rad/s, Effort=-0.005 Nm

[JOINT STATE] Joint State Data:
  fl1_hip_roll: Position=-1.079 rad, Velocity=-0.001 rad/s, Effort=-0.041 Nm
  fl2_hip_pitch: Position=1.280 rad, Velocity=-0.001 rad/s, Effort=-0.160 Nm
  fl3_knee_pitch: Position=0.010 rad, Velocity=-0.001 rad/s, Effort=-0.032 Nm
  fl4_foot: Position=0.544 rad, Velocity=-0.003 rad/s, Effort=-0.010 Nm
  fr1_hip_roll: Position=1.195 rad, Velocity=-0.001 rad/s, Effort=-0.060 Nm
  fr2_hip_pitch: Position=-1.431 rad, Velocity=-0.001 rad/s, Effort=-0.023 Nm
  fr3_knee_pitch: Position=-0.227 rad, Velocity=-0.001 rad/s, Effort=-0.060 Nm
  fr4_foot: Position=0.487 rad, Velocity=-0.003 rad/s, Effort=0.005 Nm
  bl1_hip_roll: Position=1.216 rad, Velocity=-0.001 rad/s, Effort=0.087 Nm
  bl2_hip_pitch: Position=-1.402 rad, Velocity=-0.001 rad/s, Effort=-0.078 Nm
  bl3_knee_pitch: Position=-0.179 rad, Velocity=-0.001 rad/s, Effort=-0.023 Nm
  bl4_foot: Position=0.232 rad, Velocity=-0.003 rad/s, Effort=-0.004 Nm
  br1_hip_roll: Position=-1.217 rad, Velocity=-0.001 rad/s, Effort=-0.069 Nm
  br2_hip_pitch: Position=1.452 rad, Velocity=-0.001 rad/s, Effort=-0.087 Nm
  br3_knee_pitch: Position=0.234 rad, Velocity=-0.001 rad/s, Effort=0.005 Nm
  br4_foot: Position=0.843 rad, Velocity=-0.003 rad/s, Effort=0.002 Nm

[JOINT STATE] Joint State Data:
  fl1_hip_roll: Position=-1.079 rad, Velocity=-0.001 rad/s, Effort=-0.041 Nm
  fl2_hip_pitch: Position=1.280 rad, Velocity=-0.001 rad/s, Effort=-0.169 Nm
  fl3_knee_pitch: Position=0.010 rad, Velocity=-0.001 rad/s, Effort=-0.069 Nm
  fl4_foot: Position=0.544 rad, Velocity=-0.003 rad/s, Effort=-0.018 Nm
  fr1_hip_roll: Position=1.195 rad, Velocity=-0.001 rad/s, Effort=-0.041 Nm
  fr2_hip_pitch: Position=-1.431 rad, Velocity=-0.001 rad/s, Effort=-0.023 Nm
  fr3_knee_pitch: Position=-0.227 rad, Velocity=-0.001 rad/s, Effort=-0.023 Nm
  fr4_foot: Position=0.487 rad, Velocity=-0.003 rad/s, Effort=-0.011 Nm
  bl1_hip_roll: Position=1.216 rad, Velocity=-0.001 rad/s, Effort=0.014 Nm
  bl2_hip_pitch: Position=-1.402 rad, Velocity=-0.001 rad/s, Effort=-0.087 Nm
  bl3_knee_pitch: Position=-0.179 rad, Velocity=-0.001 rad/s, Effort=-0.014 Nm
  bl4_foot: Position=0.232 rad, Velocity=-0.003 rad/s, Effort=0.008 Nm
  br1_hip_roll: Position=-1.217 rad, Velocity=-0.001 rad/s, Effort=-0.078 Nm
  br2_hip_pitch: Position=1.452 rad, Velocity=-0.001 rad/s, Effort=-0.050 Nm
  br3_knee_pitch: Position=0.234 rad, Velocity=-0.001 rad/s, Effort=-0.050 Nm
  br4_foot: Position=0.843 rad, Velocity=-0.003 rad/s, Effort=-0.008 Nm

[JOINT STATE] Joint State Data:
  fl1_hip_roll: Position=-1.079 rad, Velocity=-0.001 rad/s, Effort=0.069 Nm
  fl2_hip_pitch: Position=1.280 rad, Velocity=-0.001 rad/s, Effort=-0.142 Nm
  fl3_knee_pitch: Position=0.010 rad, Velocity=-0.001 rad/s, Effort=-0.014 Nm
  fl4_foot: Position=0.544 rad, Velocity=-0.003 rad/s, Effort=-0.001 Nm
  fr1_hip_roll: Position=1.195 rad, Velocity=-0.001 rad/s, Effort=-0.023 Nm
  fr2_hip_pitch: Position=-1.431 rad, Velocity=-0.001 rad/s, Effort=-0.014 Nm
  fr3_knee_pitch: Position=-0.227 rad, Velocity=-0.001 rad/s, Effort=-0.041 Nm
  fr4_foot: Position=0.487 rad, Velocity=-0.003 rad/s, Effort=-0.004 Nm
  bl1_hip_roll: Position=1.216 rad, Velocity=-0.001 rad/s, Effort=-0.050 Nm
  bl2_hip_pitch: Position=-1.402 rad, Velocity=-0.001 rad/s, Effort=-0.005 Nm
  bl3_knee_pitch: Position=-0.179 rad, Velocity=-0.001 rad/s, Effort=-0.023 Nm
  bl4_foot: Position=0.232 rad, Velocity=-0.003 rad/s, Effort=0.002 Nm
  br1_hip_roll: Position=-1.217 rad, Velocity=-0.001 rad/s, Effort=0.078 Nm
  br2_hip_pitch: Position=1.452 rad, Velocity=-0.001 rad/s, Effort=-0.041 Nm
  br3_knee_pitch: Position=0.234 rad, Velocity=-0.001 rad/s, Effort=0.023 Nm
  br4_foot: Position=0.843 rad, Velocity=-0.003 rad/s, Effort=-0.002 Nm
[CMD] Disabling joint state data...

[JOINT STATE] Joint State Data:
  fl1_hip_roll: Position=-1.079 rad, Velocity=-0.001 rad/s, Effort=-0.041 Nm
  fl2_hip_pitch: Position=1.280 rad, Velocity=-0.001 rad/s, Effort=-0.160 Nm
  fl3_knee_pitch: Position=0.010 rad, Velocity=-0.001 rad/s, Effort=-0.032 Nm
  fl4_foot: Position=0.544 rad, Velocity=-0.003 rad/s, Effort=-0.008 Nm
  fr1_hip_roll: Position=1.195 rad, Velocity=-0.001 rad/s, Effort=-0.069 Nm
  fr2_hip_pitch: Position=-1.431 rad, Velocity=-0.001 rad/s, Effort=-0.041 Nm
  fr3_knee_pitch: Position=-0.227 rad, Velocity=-0.001 rad/s, Effort=-0.023 Nm
  fr4_foot: Position=0.487 rad, Velocity=-0.003 rad/s, Effort=-0.007 Nm
  bl1_hip_roll: Position=1.216 rad, Velocity=-0.001 rad/s, Effort=0.078 Nm
  bl2_hip_pitch: Position=-1.402 rad, Velocity=-0.001 rad/s, Effort=-0.069 Nm
  bl3_knee_pitch: Position=-0.179 rad, Velocity=-0.001 rad/s, Effort=-0.005 Nm
  bl4_foot: Position=0.232 rad, Velocity=-0.003 rad/s, Effort=-0.007 Nm
  br1_hip_roll: Position=-1.217 rad, Velocity=-0.001 rad/s, Effort=-0.060 Nm
  br2_hip_pitch: Position=1.452 rad, Velocity=-0.001 rad/s, Effort=-0.050 Nm
  br3_knee_pitch: Position=0.234 rad, Velocity=-0.001 rad/s, Effort=-0.032 Nm
  br4_foot: Position=0.843 rad, Velocity=-0.003 rad/s, Effort=-0.007 Nm
[CTRL] ✓ Joint state data config: OFF

[STATE] Robot State Data:
  Head Angle: -1.255°, Direction: 1
  Lights: Front=2 Back=2
  Speed Level: 1, E-Stop: SW=1 HW=1
  Motion: Status=2 Mode=1
  Battery: 1=69% 2=69%
  Speed: Linear=0.000 Trans=0.000 Angular=-0.001
  Odometry: 0.000 m
  Joint Temperatures: 
    fr3: 34.000°C
    fr2: 35.000°C
    bl1: 34.000°C
    fl4: 34.000°C
    bl3: 33.000°C
    bl2: 33.000°C
    br1: 35.000°C
    bl4: 33.000°C
    br4: 33.000°C
    fr4: 34.000°C
    fl1: 35.000°C
    fl2: 34.000°C
    br2: 33.000°C
    fl3: 33.000°C
    br3: 33.000°C
    fr1: 36.000°C

[STATE] Robot State Data:
  Head Angle: -1.257°, Direction: 1
  Lights: Front=2 Back=2
  Speed Level: 1, E-Stop: SW=1 HW=1
  Motion: Status=2 Mode=1
  Battery: 1=69% 2=69%
  Speed: Linear=0.000 Trans=0.000 Angular=-0.002
  Odometry: 0.000 m
  Joint Temperatures: 
    fr3: 34.000°C
    fr2: 35.000°C
    bl1: 34.000°C
    fl4: 34.000°C
    bl3: 33.000°C
    bl2: 33.000°C
    br1: 35.000°C
    bl4: 33.000°C
    br4: 33.000°C
    fr4: 34.000°C
    fl1: 35.000°C
    fl2: 34.000°C
    br2: 33.000°C
    fl3: 33.000°C
    br3: 33.000°C
    fr1: 36.000°C

[STATE] Robot State Data:
  Head Angle: -1.259°, Direction: 1
  Lights: Front=2 Back=2
  Speed Level: 1, E-Stop: SW=1 HW=1
  Motion: Status=2 Mode=1
  Battery: 1=69% 2=69%
  Speed: Linear=0.000 Trans=0.000 Angular=-0.001
  Odometry: 0.000 m
  Joint Temperatures: 
    fr3: 34.000°C
    fr2: 35.000°C
    bl1: 34.000°C
    fl4: 34.000°C
    bl3: 33.000°C
    bl2: 33.000°C
    br1: 35.000°C
    bl4: 33.000°C
    br4: 33.000°C
    fr4: 34.000°C
    fl1: 35.000°C
    fl2: 34.000°C
    br2: 33.000°C
    fl3: 33.000°C
    br3: 33.000°C
    fr1: 36.000°C

[INFO] All sensor demos completed

[SHUTDOWN] Disconnecting...
[SHUTDOWN] ✓ Disconnected
[SHUTDOWN] ✓ Exited cleanly
(SDK 0.1.1 @ 8082 退出码: 0  —— 0=正常跑完, 124=25s超时被杀, 其它=连不上/报错)

-------------------- SDK 0.2.0  ×  端口 8081  →  ./data 192.168.234.1 8081 --------------------
========================================
  Robot SDK Sensor Data Demo
========================================
Target: 192.168.234.1:8081
========================================

[INFO] SDK Version: 0.2.0
[INFO] Protocol Version: 1.3.0

[INIT] Connecting to robot...
[ERROR] Connect failed: Robot ShakeHand failed
[ERROR] Not connected. State: 3
(SDK 0.2.0 @ 8081 退出码: 1  —— 0=正常跑完, 124=25s超时被杀, 其它=连不上/报错)

-------------------- SDK 0.2.0  ×  端口 8082  →  ./data 192.168.234.1 8082 --------------------
========================================
  Robot SDK Sensor Data Demo
========================================
Target: 192.168.234.1:8082
========================================

[INFO] SDK Version: 0.2.0
[INFO] Protocol Version: 1.3.0

[INIT] Connecting to robot...
[INIT] ✓ Connected successfully

========== IMU Sensor Demo ==========
[CMD] Enabling IMU @ 200Hz...
[2026-09-01 12:51:06.427] [ERROR] (327) [json.exception.out_of_range.403] key 'current_state' not found
[2026-09-01 12:51:07.419] [ERROR] (327) [json.exception.out_of_range.403] key 'current_state' not found
[2026-09-01 12:51:08.435] [ERROR] (327) [json.exception.out_of_range.403] key 'current_state' not found
[2026-09-01 12:51:09.365] [ERROR] (327) [json.exception.out_of_range.403] key 'current_state' not found
[CMD] Disabling IMU...
[2026-09-01 12:51:10.342] [ERROR] (327) [json.exception.out_of_range.403] key 'current_state' not found

========== Lux Sensor Demo ==========
[CMD] Enabling light sensor...
[2026-09-01 12:51:11.377] [ERROR] (327) [json.exception.out_of_range.403] key 'current_state' not found
[2026-09-01 12:51:12.344] [ERROR] (327) [json.exception.out_of_range.403] key 'current_state' not found
[2026-09-01 12:51:13.342] [ERROR] (327) [json.exception.out_of_range.403] key 'current_state' not found
[2026-09-01 12:51:14.342] [ERROR] (327) [json.exception.out_of_range.403] key 'current_state' not found
[2026-09-01 12:51:15.342] [ERROR] (327) [json.exception.out_of_range.403] key 'current_state' not found
[CMD] Disabling light sensor...
[2026-09-01 12:51:16.342] [ERROR] (327) [json.exception.out_of_range.403] key 'current_state' not found

========== Motion Data Demo ==========
[CMD] Enabling motion control data...
[2026-09-01 12:51:17.342] [ERROR] (327) [json.exception.out_of_range.403] key 'current_state' not found
[2026-09-01 12:51:18.342] [ERROR] (327) [json.exception.out_of_range.403] key 'current_state' not found
[CMD] Disabling motion control data...
[2026-09-01 12:51:19.342] [ERROR] (327) [json.exception.out_of_range.403] key 'current_state' not found

========== Speed Data Demo ==========
[CMD] Enabling speed data @ 20Hz...
[2026-09-01 12:51:20.342] [ERROR] (327) [json.exception.out_of_range.403] key 'current_state' not found
[2026-09-01 12:51:21.343] [ERROR] (327) [json.exception.out_of_range.403] key 'current_state' not found
[CMD] Disabling speed data...
[2026-09-01 12:51:22.343] [ERROR] (327) [json.exception.out_of_range.403] key 'current_state' not found
[2026-09-01 12:51:23.343] [ERROR] (327) [json.exception.out_of_range.403] key 'current_state' not found

========== Joint State Data Demo ==========
[CMD] Enabling joint state data...
[2026-09-01 12:51:24.344] [ERROR] (327) [json.exception.out_of_range.403] key 'current_state' not found
[2026-09-01 12:51:25.342] [ERROR] (327) [json.exception.out_of_range.403] key 'current_state' not found
[CMD] Disabling joint state data...
[2026-09-01 12:51:26.343] [ERROR] (327) [json.exception.out_of_range.403] key 'current_state' not found
[2026-09-01 12:51:27.343] [ERROR] (327) [json.exception.out_of_range.403] key 'current_state' not found
[2026-09-01 12:51:28.343] [ERROR] (327) [json.exception.out_of_range.403] key 'current_state' not found

[INFO] All sensor demos completed

[SHUTDOWN] Disconnecting...
[SHUTDOWN] ✓ Disconnected
[SHUTDOWN] ✓ Exited cleanly
(SDK 0.2.0 @ 8082 退出码: 0  —— 0=正常跑完, 124=25s超时被杀, 其它=连不上/报错)

========== 5. 收尾：恢复上网 ==========
Connection successfully activated (D-Bus active path: /org/freedesktop/NetworkManager/ActiveConnection/18)

====================================================================
 1) 别忘了把厂商 App 重新连回机器狗（恢复安全垫）
 2) 把这个文件整段贴回给 Claude：  /home/liang/sdk-data2.log
====================================================================
